--Option 1: Drop the entire Database
	--Recommended if database has been created previously
	--Uncomment below before executing 

		USE master
		GO

		DROP DATABASE Retail_Database
		GO

		CREATE DATABASE Retail_Database
		GO

		USE Retail_Database

--Option 2: Check to see if the same database name exists 
			--Recommended for people loading in the database
			--Uncomment below before executing

		
			--IF not exists(
			--			  select * 
			--			  from sys.databases 
			--			  where name = 'Retail_Database')
			--    CREATE DATABASE Retail_Database

			--GO

			--USE Retail_Database

--Option 3: Drop tables 

--drop table supplier
--drop table product
--drop table supplies
--drop table customer
--drop table online_acc
--drop table online_cust
--drop table purchases
--drop table store
--drop table invoice
--drop table cust_invoice
--drop table generates
--drop table [contains]
--drop table employee
--drop table works
--drop table stock
--drop table in_stock


create table supplier
	(supplier_id		varchar(8),
	 supplier_name		varchar(30),
	 supplier_address	varchar(100),
	 primary key (supplier_id)
	);


create table product
	(product_id		varchar(8), 
	 price		numeric(5,2) check (price > 0), 
	 total_stock int,
	 primary key (product_id)
	);

create table supplies
	(supplier_id	varchar(8),
	 product_id		varchar(8),
	 primary key (supplier_id, product_id),
	 foreign key(supplier_id) references supplier on delete cascade,
	 foreign key(product_id) references product on delete cascade
    );

create table customer
	(cust_id varchar (8) primary key,
	 c_name varchar(30),
	 c_phone varchar(20),
	 c_address varchar(100),
	 c_email varchar (40),
	
	);

create table online_acc
	(username varchar(30) not null primary key, 
	 password varchar(10) not null
	);

create table online_cust
	(cust_id varchar(8) not null,
     username varchar(30) not null, 
	 password varchar(10) not null,
	 primary key(cust_id,username,password),
     foreign key(cust_id) references customer(cust_id) on delete cascade,
     foreign key(username) references online_acc(username) on delete cascade
	 );

create table purchases
	(product_id		varchar(8) not null, 
	 username		varchar(30)not null, 
	 password		varchar(10) not null,
     cust_id varchar(8) not null,
	 primary key (product_id, username, password, cust_id),
	 foreign key(product_id) references product on delete cascade,
     foreign key(username) references online_acc(username) on delete cascade,
     foreign key(cust_id) references customer(cust_id) on delete cascade
	);

create table store
	(store_id varchar(8), 
	 s_phone  varchar(20),
	 s_address varchar(100),
	 primary key (store_id)
	);

create table invoice
	(invoice_id	varchar(8) primary key, 
     cust_id varchar(8) not null,
	 store_id	varchar(8),
     total_amount numeric(7,2) check (total_amount > 0),
	);

create table cust_invoice
	(cust_id varchar(8) not null,
	 invoice_id varchar(8),
	 primary key (cust_id,invoice_id),
	 foreign key(cust_id) references customer(cust_id) on delete cascade,
	 foreign key(invoice_id) references invoice(invoice_id) on delete cascade
	);

create table generates
	(store_id	varchar(8),
     invoice_id	varchar(8), 
	 primary key(store_id,invoice_id),
	 foreign key (store_id) references store (store_id) on delete cascade,
     foreign key(invoice_id) references invoice(invoice_id) on delete cascade
	);

create table [contains]
	(store_id varchar(8), 
	 product_id varchar(8),
	 primary key(store_id, product_id),
	 foreign key(store_id) references store on delete cascade,
	 foreign key(product_id) references product on delete cascade
	);

create table employee
	( e_id	 varchar(8), 
      e_ssn	 varchar(15),
      e_name varchar(40),
	  e_title varchar(40), 
	  e_start_date datetime,
      e_end_date datetime,
      primary key (e_id)
	);

create table works
	(store_id varchar(8),
     e_id varchar(8), 
	 manager_id			varchar(8), 
	 primary key(store_id, e_id, manager_id),
	 foreign key (store_id) references store (store_id) on delete cascade,
     foreign key(e_id) references employee on delete cascade
	);


create table stock
	(stk_id		varchar(8), 
	 stk_address	varchar(100),
	 stk_item		varchar(25),
	 stk_type varchar(20), 
	 primary key (stk_id)
	);

create table in_stock
	(stk_id	 varchar(8),
	 product_id varchar(8),
	 primary key (stk_id, product_id),
     foreign key(product_id) references product on delete cascade,
     foreign key(stk_id) references stock on delete cascade
     );


--supplier

INSERT INTO supplier(supplier_id,supplier_name,supplier_address) VALUES ('km3rZ','Merc Clothing','Leadertech Consulting, Queensberry  Hill 5223, Otawa, ASM 8083');
INSERT INTO supplier(supplier_id,supplier_name,supplier_address) VALUES ('sm0wl','DKNY','AECOM, Caroline  Pass 5710, San Diego, JEY 7676');
INSERT INTO supplier(supplier_id,supplier_name,supplier_address) VALUES ('oUwTu','Brooks Brothers','Biolife Grup, Adams  Boulevard 8835, Milwaukee, HTI 4413');
INSERT INTO supplier(supplier_id,supplier_name,supplier_address) VALUES ('4aFHd','Real Gold','Amazon.com, Chester  Vale 3032, Hollywood, BHS 1127');
INSERT INTO supplier(supplier_id,supplier_name,supplier_address) VALUES ('qAolP','TNT','Telekom, Belfort  Drive 8084, Indianapolis, ARM 0501');
INSERT INTO supplier(supplier_id,supplier_name,supplier_address) VALUES ('WMdam','Karen Kane','Vodafone, Durnford  Route 3285, Kansas City, ABW 0771');
INSERT INTO supplier(supplier_id,supplier_name,supplier_address) VALUES ('kNNg1','TNT','Danone, East Pass 4175, Henderson, CAF 7134');
INSERT INTO supplier(supplier_id,supplier_name,supplier_address) VALUES ('OxeBq','Lee','Team Guard SRL, Elia   Walk 2795, Boston, LBR 3151');
INSERT INTO supplier(supplier_id,supplier_name,supplier_address) VALUES ('9PH3X','EMEL Fashion','Erickson, Commercial  Alley 1733, Irving, SGP 5441');
INSERT INTO supplier(supplier_id,supplier_name,supplier_address) VALUES ('9qNPS','Merc Clothing','AECOM, Thrale   Road 2415, Cincinnati, VGB 3184');
INSERT INTO supplier(supplier_id,supplier_name,supplier_address) VALUES ('x4pkF','Ethika','Danone, Erindale Grove 7336, Fullerton, BGD 1832');
INSERT INTO supplier(supplier_id,supplier_name,supplier_address) VALUES ('tA5s8','Loyandford','Amazon.com, Bede  Pass 3878, Detroit, SGS 7637');
INSERT INTO supplier(supplier_id,supplier_name,supplier_address) VALUES ('RHap1','Ecko Unlimited','Danone, Bellenden   Hill 5503, Colorado Springs, GAB 7840');
INSERT INTO supplier(supplier_id,supplier_name,supplier_address) VALUES ('0d0XQ','Countess Mara','Leadertech Consulting, Marischal  Drive 4545, San Bernardino, BFA 5876');
INSERT INTO supplier(supplier_id,supplier_name,supplier_address) VALUES ('WFODi','Karen Kane','Comcast, Cephas  Lane 4023, Bellevue, GMB 5336');
INSERT INTO supplier(supplier_id,supplier_name,supplier_address) VALUES ('zwSW4','Converse','Demaco, Egerton  Hill 55, Phoenix, KHM 0385');
INSERT INTO supplier(supplier_id,supplier_name,supplier_address) VALUES ('rELtu','Mataano','AECOM, Arctic   Alley 610, Madison, TUN 0175');
INSERT INTO supplier(supplier_id,supplier_name,supplier_address) VALUES ('DG1zr','Mataano','DynCorp, Anns  Avenue 1398, Oklahoma City, MAF 0864');
INSERT INTO supplier(supplier_id,supplier_name,supplier_address) VALUES ('dltgK','H&M','CarMax, Bel   Tunnel 1575, Arlington, BHS 4603');
INSERT INTO supplier(supplier_id,supplier_name,supplier_address) VALUES ('LCVAi','Izod','BuzzFeed, Bede  Tunnel 8057, Memphis, PNG 8801');
INSERT INTO supplier(supplier_id,supplier_name,supplier_address) VALUES ('X9YZZ','Max Studio','ENEL, Jackson Alley 5048, San Diego, RUS 1876');
INSERT INTO supplier(supplier_id,supplier_name,supplier_address) VALUES ('DEW9m','Baby Gap','Amazon.com, Durnford  Pass 5096, Memphis, COD 3332');
INSERT INTO supplier(supplier_id,supplier_name,supplier_address) VALUES ('EJdgU','Hamilton Shirts','Coca-Cola Company, Chantry   Way 9379, New York, GLP 4282');
INSERT INTO supplier(supplier_id,supplier_name,supplier_address) VALUES ('6ei3l','Izod','UPC, Longman   Alley 98, Phoenix, FJI 0006');
INSERT INTO supplier(supplier_id,supplier_name,supplier_address) VALUES ('IPdEe','Mohito','Metro Cash&Carry, Charnwood   Road 4828, Valetta, TCD 7773');
INSERT INTO supplier(supplier_id,supplier_name,supplier_address) VALUES ('f6a3z','Old Navy','Facebook, Thomas  Rue 7725, Miami, UKR 0174');
INSERT INTO supplier(supplier_id,supplier_name,supplier_address) VALUES ('5L5R1','Columbia Sportswear','DynCorp, Bekesbourne   Alley 1830, Glendale, SJM 6781');
INSERT INTO supplier(supplier_id,supplier_name,supplier_address) VALUES ('KQXFo','Acorn Stores','BuzzFeed, Cardinal Hill 4947, Louisville, MYS 8038');
INSERT INTO supplier(supplier_id,supplier_name,supplier_address) VALUES ('o3vl6','EMEL Fashion','Leadertech Consulting, Bekesbourne   Vale 8443, Portland, ZMB 5527');
INSERT INTO supplier(supplier_id,supplier_name,supplier_address) VALUES ('1PJtu','Avirex','Boeing, Bendmore  Tunnel 2642, Los Angeles, BMU 4068');
INSERT INTO supplier(supplier_id,supplier_name,supplier_address) VALUES ('y4dwD','Max Studio','21st Century Fox, Fawn Pass 7934, Las Vegas, SHN 2208');
INSERT INTO supplier(supplier_id,supplier_name,supplier_address) VALUES ('Mk1n6','Healthtex','Team Guard SRL, Adderley   Road 9551, Nashville, REU 7100');
INSERT INTO supplier(supplier_id,supplier_name,supplier_address) VALUES ('J0zsG','Forever 21','ExxonMobil, Bellenden  Drive 5286, Lisbon, TLS 7040');
INSERT INTO supplier(supplier_id,supplier_name,supplier_address) VALUES ('OuK5P','Brooks Brothers','Comodo, Garfield Pass 5718, Los Angeles, VAT 8574');
INSERT INTO supplier(supplier_id,supplier_name,supplier_address) VALUES ('s5obZ','Max Studio','BuzzFeed, Blue Anchor  Walk 3019, Bridgeport, POL 5218');
INSERT INTO supplier(supplier_id,supplier_name,supplier_address) VALUES ('bRbDB','Countess Mara','ExxonMobil, Eaglet  Walk 6656, Quebec, SLV 7653');
INSERT INTO supplier(supplier_id,supplier_name,supplier_address) VALUES ('seO0Y','Izod','Biolife Grup, Caxton  Lane 4792, Henderson, WLF 3544');
INSERT INTO supplier(supplier_id,supplier_name,supplier_address) VALUES ('bupsI','Avirex','UPC, St. Johs  Vale 5655, Fremont, KAZ 2381');
INSERT INTO supplier(supplier_id,supplier_name,supplier_address) VALUES ('tOrH9','Real Gold','Demaco, Belgrave  Rue 5070, Laredo, IND 0761');
INSERT INTO supplier(supplier_id,supplier_name,supplier_address) VALUES ('HgFBB','Lee','Global Print, Timber   Road 6940, Otawa, IDN 4754');
INSERT INTO supplier(supplier_id,supplier_name,supplier_address) VALUES ('jAML5','Koalapop','UPC, Sheffield Vale 3052, Wien, COK 5842');
INSERT INTO supplier(supplier_id,supplier_name,supplier_address) VALUES ('2bnwP','Cross Colours','Carrefour, Queen Drive 7388, Stockton, ZAF 5687');
INSERT INTO supplier(supplier_id,supplier_name,supplier_address) VALUES ('2m8Bn','Mataano','21st Century Fox, Sundown Road 9091, Philadelphia, STP 7530');
INSERT INTO supplier(supplier_id,supplier_name,supplier_address) VALUES ('LX6AP','Lee','Global Print, Marina  Lane 3150, Salem, SUR 2153');
INSERT INTO supplier(supplier_id,supplier_name,supplier_address) VALUES ('YRv77','Old Navy','Facebook, Chalcot  Street 9371, Moreno Valley, BDI 0302');
INSERT INTO supplier(supplier_id,supplier_name,supplier_address) VALUES ('WDHMy','Ex-Boyfriend','Leadertech Consulting, Jackson Boulevard 2777, Stockton, SLE 2037');
INSERT INTO supplier(supplier_id,supplier_name,supplier_address) VALUES ('TcTf3','Angels Jeanswear','Carrefour, Linda   Rue 5585, Hayward, AUT 0864');
INSERT INTO supplier(supplier_id,supplier_name,supplier_address) VALUES ('N5yPE','Levis','Demaco, Cavendish Pass 7403, Anaheim, MKD 3311');
INSERT INTO supplier(supplier_id,supplier_name,supplier_address) VALUES ('h4BhD','Forever Lazy','Metro Cash&Carry, Becher  Drive 4038, Murfreesboro, ATG 0283');
INSERT INTO supplier(supplier_id,supplier_name,supplier_address) VALUES ('kjGVO','DKNY','Mars, Caxton  Crossroad 8038, Moreno Valley, ISL 7332');
INSERT INTO supplier(supplier_id,supplier_name,supplier_address) VALUES ('bqvL4','DKNY','UPC, Norfolk  Avenue 8564, Garland, CAF 7334');
INSERT INTO supplier(supplier_id,supplier_name,supplier_address) VALUES ('yOGxQ','Six Deuce','BuzzFeed, Andrews  Vale 933, Phoenix, ATG 7214');
INSERT INTO supplier(supplier_id,supplier_name,supplier_address) VALUES ('DMyXc','C&A','UPC, Bocking   Alley 4892, Glendale, TTO 7004');
INSERT INTO supplier(supplier_id,supplier_name,supplier_address) VALUES ('WOUiT','EMEL Fashion','Comodo, Victoria  Walk 3547, Lisbon, CMR 4262');
INSERT INTO supplier(supplier_id,supplier_name,supplier_address) VALUES ('pumog','Brooks Brothers','Comodo, Battersea   Pass 6532, Cincinnati, VCT 8440');
INSERT INTO supplier(supplier_id,supplier_name,supplier_address) VALUES ('BJ3l6','Healthtex','Vodafone, Rosewood Vale 1467, Saint Paul, MRT 6687');
INSERT INTO supplier(supplier_id,supplier_name,supplier_address) VALUES ('slsGd','Koalapop','CarMax, Beaumont  Street 2386, San Antonio, CZE 7262');
INSERT INTO supplier(supplier_id,supplier_name,supplier_address) VALUES ('x7xTV','Countess Mara','Global Print, Dunsley  Avenue 1091, Chicago, JEY 4830');
INSERT INTO supplier(supplier_id,supplier_name,supplier_address) VALUES ('p3DUx','Ethika','Demaco, Caroline  Vale 5805, Indianapolis, EGY 7568');
INSERT INTO supplier(supplier_id,supplier_name,supplier_address) VALUES ('ZTTu2','Hamilton Shirts','UPC, Viscount   Boulevard 6768, Saint Paul, NIU 8572');
INSERT INTO supplier(supplier_id,supplier_name,supplier_address) VALUES ('1u96M','Angels Jeanswear','UPC, Belgrave  Route 2010, Bellevue, KEN 6518');
INSERT INTO supplier(supplier_id,supplier_name,supplier_address) VALUES ('aj8Jn','Healthtex','Team Guard SRL, Linda Lane Route 5060, Lyon, TKL 7254');
INSERT INTO supplier(supplier_id,supplier_name,supplier_address) VALUES ('tL0Fk','C&A','Zepter, Chatsworth  Crossroad 9542, Madrid, CAF 4676');
INSERT INTO supplier(supplier_id,supplier_name,supplier_address) VALUES ('do5Wn','Baby Gap','Biolife Grup, Bazely   Hill 9783, New Orleans, MKD 3341');
INSERT INTO supplier(supplier_id,supplier_name,supplier_address) VALUES ('hmCht','Guess','Apple Inc., Sundown Crossroad 9571, St. Louis, REU 2446');
INSERT INTO supplier(supplier_id,supplier_name,supplier_address) VALUES ('qRoMS','Nudie Jeans','BuzzFeed, Caedmon  Hill 6180, New Orleans, IRQ 1054');
INSERT INTO supplier(supplier_id,supplier_name,supplier_address) VALUES ('bPI3q','Nudie Jeans','CarMax, Collins  Tunnel 2405, Oklahoma City, MKD 3880');
INSERT INTO supplier(supplier_id,supplier_name,supplier_address) VALUES ('d0AGq','Max Studio','DynCorp, Blenkarne  Pass 9905, Fullerton, SJM 5647');
INSERT INTO supplier(supplier_id,supplier_name,supplier_address) VALUES ('UxO9Y','TNT','Coca-Cola Company, East Tunnel 3177, Berlin, TGO 7155');
INSERT INTO supplier(supplier_id,supplier_name,supplier_address) VALUES ('nfIWB','Forever 21','DynCorp, Coal Wharf  Grove 8851, Laredo, MKD 3764');
INSERT INTO supplier(supplier_id,supplier_name,supplier_address) VALUES ('uqVkr','Converse','Telekom, Mariner   Crossroad 6164, Portland, HND 3644');
INSERT INTO supplier(supplier_id,supplier_name,supplier_address) VALUES ('USdFm','Guess','DynCorp, Caslon   Drive 792, Omaha, ISR 3203');
INSERT INTO supplier(supplier_id,supplier_name,supplier_address) VALUES ('jWTG1','Bujo','Areon Impex, Cobden  Crossroad 2658, Rome, ARE 6465');
INSERT INTO supplier(supplier_id,supplier_name,supplier_address) VALUES ('apVCY','Hamilton Shirts','Amazon.com, Collins  Crossroad 5244, Saint Paul, MHL 3134');
INSERT INTO supplier(supplier_id,supplier_name,supplier_address) VALUES ('iaxBc','Mohito','Telekom, King William  Boulevard 8404, Boston, BMU 5314');
INSERT INTO supplier(supplier_id,supplier_name,supplier_address) VALUES ('U4Ev8','Andrew Marc','Coca-Cola Company, Fairholt   Grove 6929, Innsbruck, GTM 4216');
INSERT INTO supplier(supplier_id,supplier_name,supplier_address) VALUES ('0B0Qo','C&A','Team Guard SRL, Antrobus   Road 835, Pittsburgh, IND 4504');
INSERT INTO supplier(supplier_id,supplier_name,supplier_address) VALUES ('XDSfD','H&M','AECOM, Castile  Route 8932, Worcester, PHL 0270');
INSERT INTO supplier(supplier_id,supplier_name,supplier_address) VALUES ('mdfji','Cross Colours','BuzzFeed, Dunton  Pass 9944, Prague, MDA 3448');
INSERT INTO supplier(supplier_id,supplier_name,supplier_address) VALUES ('qw7aB','Karen Kane','Facebook, Biggerstaff   Avenue 3104, San Bernardino, MDG 1386');
INSERT INTO supplier(supplier_id,supplier_name,supplier_address) VALUES ('Sp58C','Koalapop','Amazon.com, Rosewood Vale 6975, Colorado Springs, TGO 8518');
INSERT INTO supplier(supplier_id,supplier_name,supplier_address) VALUES ('bqFUV','Loyandford','CarMax, Ensign   Walk 3248, Ontario, AFG 0142');
INSERT INTO supplier(supplier_id,supplier_name,supplier_address) VALUES ('ABlpg','Old Navy','Boeing, Thomas More   Crossroad 4493, Memphis, LTU 8527');
INSERT INTO supplier(supplier_id,supplier_name,supplier_address) VALUES ('G3TcU','H&M','Comcast, Littlebury  Rue 201, Kansas City, ARM 3540');
INSERT INTO supplier(supplier_id,supplier_name,supplier_address) VALUES ('PdC2B','Dollie & Me','Metro Cash&Carry, Becher  Crossroad 8391, Miami, FJI 1681');
INSERT INTO supplier(supplier_id,supplier_name,supplier_address) VALUES ('CMIHy','Converse','CarMax, Bury  Way 6832, Quebec, ISR 2181');
INSERT INTO supplier(supplier_id,supplier_name,supplier_address) VALUES ('7NFbk','Levis','Boeing, Bekesbourne   Avenue 3541, Anaheim, ITA 1470');
INSERT INTO supplier(supplier_id,supplier_name,supplier_address) VALUES ('CCqJg','Mohito','Vodafone, Balfe   Avenue 6816, Innsbruck, BDI 4866');
INSERT INTO supplier(supplier_id,supplier_name,supplier_address) VALUES ('6O54k','EMEL Fashion','Leadertech Consulting, Chatfield  Route 5492, Bridgeport, ABW 3411');
INSERT INTO supplier(supplier_id,supplier_name,supplier_address) VALUES ('2AdOb','Avirex','Zepter, Caldwell   Drive 8257, Huntsville, HTI 1404');
INSERT INTO supplier(supplier_id,supplier_name,supplier_address) VALUES ('p3i8h','Ex-Boyfriend','Metro Cash&Carry, Bayberry Avenue 358, Colorado Springs, GNQ 6670');
INSERT INTO supplier(supplier_id,supplier_name,supplier_address) VALUES ('gEcfc','Ethika','Global Print, Hamilton  Avenue 3234, Berlin, MDG 5547');
INSERT INTO supplier(supplier_id,supplier_name,supplier_address) VALUES ('dGwd5','Rip Curl','Biolife Grup, King Way 9809, Moreno Valley, MMR 8681');
INSERT INTO supplier(supplier_id,supplier_name,supplier_address) VALUES ('63XFC','EMEL Fashion','Carrefour, Clavell   Way 3443, Miami, BEN 8577');
INSERT INTO supplier(supplier_id,supplier_name,supplier_address) VALUES ('i4el8','Angels Jeanswear','Danone, Collins  Grove 4733, Charlotte, MYT 6727');
INSERT INTO supplier(supplier_id,supplier_name,supplier_address) VALUES ('aqysQ','Levis','Boeing, Ben   Road 5777, San Bernardino, VGB 6308');
INSERT INTO supplier(supplier_id,supplier_name,supplier_address) VALUES ('G51CP','Max Studio','21st Century Fox, Bayberry Walk 405, Dallas, SAU 5546');
INSERT INTO supplier(supplier_id,supplier_name,supplier_address) VALUES ('GoxR0','DKNY','Leadertech Consulting, Chamberlain  Alley 5679, Scottsdale, PAK 5450');
INSERT INTO supplier(supplier_id,supplier_name,supplier_address) VALUES ('c9WwA','Koton','Leadertech Consulting, Aylward   Grove 2928, Venice, AGO 6223');
INSERT INTO supplier(supplier_id,supplier_name,supplier_address) VALUES ('EGdEl','Karen Kane','Carrefour, Empress  Route 7052, Las Vegas, TCD 6782');
INSERT INTO supplier(supplier_id,supplier_name,supplier_address) VALUES ('akFoP','Karen Kane','Zepter, Monroe Vale 6793, Detroit, COM 1237');
INSERT INTO supplier(supplier_id,supplier_name,supplier_address) VALUES ('RLUbD','Dollie & Me','ENEL, Battis   Lane 4162, Louisville, ASM 2735');
INSERT INTO supplier(supplier_id,supplier_name,supplier_address) VALUES ('UsxKL','Healthtex','It Smart Group, Glenwood Route 5831, Venice, SOM 7460');
INSERT INTO supplier(supplier_id,supplier_name,supplier_address) VALUES ('TKYhf','Dollie & Me','Team Guard SRL, Monroe Vale 3431, Moreno Valley, IDN 2352');
INSERT INTO supplier(supplier_id,supplier_name,supplier_address) VALUES ('RONdg','Calvin Klein','Biolife Grup, Liverpool  Road 9754, Wien, PRI 5473');
INSERT INTO supplier(supplier_id,supplier_name,supplier_address) VALUES ('pX9Ec','Cross Colours','Carrefour, Camera  Hill 9042, Lisbon, PYF 7208');
INSERT INTO supplier(supplier_id,supplier_name,supplier_address) VALUES ('5qnnU','Real Gold','AECOM, Eaglet  Hill 7448, Atlanta, KOR 4625');
INSERT INTO supplier(supplier_id,supplier_name,supplier_address) VALUES ('cYK5a','Forever Lazy','ExxonMobil, Rivervalley Vale 4233, Amarillo, PSE 1766');
INSERT INTO supplier(supplier_id,supplier_name,supplier_address) VALUES ('5Gi32','Calvin Klein','Coca-Cola Company, Chalcot  Crossroad 9066, New Orleans, STP 3437');
INSERT INTO supplier(supplier_id,supplier_name,supplier_address) VALUES ('kYWdJ','Guess','Leadertech Consulting, Buttonwood Lane 2365, Atlanta, AIA 3886');
INSERT INTO supplier(supplier_id,supplier_name,supplier_address) VALUES ('8xmWJ','Angels Jeanswear','Mars, Baylis  Route 7811, Fayetteville, MAC 0005');
INSERT INTO supplier(supplier_id,supplier_name,supplier_address) VALUES ('FGBxZ','Nudie Jeans','Leadertech Consulting, Angrave    Hill 2181, Quebec, AND 6108');
INSERT INTO supplier(supplier_id,supplier_name,supplier_address) VALUES ('Bwuj6','Nice Collective','Facebook, Sheffield Rue 1393, Bakersfield, COD 0027');
INSERT INTO supplier(supplier_id,supplier_name,supplier_address) VALUES ('M4yO2','Izod','Apple Inc., Chesterfield  Street 8244, San Antonio, KGZ 3042');
INSERT INTO supplier(supplier_id,supplier_name,supplier_address) VALUES ('tIeQU','Old Navy','Telekom, Ernest  Route 8517, Fort Lauderdale, PLW 1164');
INSERT INTO supplier(supplier_id,supplier_name,supplier_address) VALUES ('6LbzT','Mossimo','Comodo, Beaconsfield  Grove 548, Minneapolis, MRT 1665');
INSERT INTO supplier(supplier_id,supplier_name,supplier_address) VALUES ('o0n5g','Tommy Hilfinger','UPC, Longleigh   Tunnel 7080, Portland, LBY 8040');
INSERT INTO supplier(supplier_id,supplier_name,supplier_address) VALUES ('FR9Nn','Hamilton Shirts','Areon Impex, Littlebury  Alley 5724, Glendale, PRT 1485');
INSERT INTO supplier(supplier_id,supplier_name,supplier_address) VALUES ('FimUi','Mossimo','CarMax, Cingworth  Pass 7233, Worcester, LUX 8083');
INSERT INTO supplier(supplier_id,supplier_name,supplier_address) VALUES ('iSB3u','Dollie & Me','Amazon.com, Gavel   Lane 7222, Detroit, HMD 1156');
INSERT INTO supplier(supplier_id,supplier_name,supplier_address) VALUES ('vK6Yb','Countess Mara','UPC, Badric  Tunnel 679, Oklahoma City, SOM 0380');
INSERT INTO supplier(supplier_id,supplier_name,supplier_address) VALUES ('ldtzf','Brooks Brothers','BuzzFeed, Charterhouse  Way 6413, Springfield, TKM 8064');
INSERT INTO supplier(supplier_id,supplier_name,supplier_address) VALUES ('H1zyF','Cherokee Inc.','Amazon.com, West Walk 7525, Lancaster, WSM 0085');
INSERT INTO supplier(supplier_id,supplier_name,supplier_address) VALUES ('wxVrc','Six Deuce','Vodafone, Aspen Tunnel 3732, Moreno Valley, HUN 6522');
INSERT INTO supplier(supplier_id,supplier_name,supplier_address) VALUES ('T8xOf','Acorn Stores','Areon Impex, Dunsley  Hill 3398, Lyon, MDG 3145');
INSERT INTO supplier(supplier_id,supplier_name,supplier_address) VALUES ('u1CKq','Brooks Brothers','Comodo, Duthie   Rue 1002, Tulsa, MYS 7151');
INSERT INTO supplier(supplier_id,supplier_name,supplier_address) VALUES ('bXXCM','Hamilton Shirts','Comodo, Bendall   Crossroad 3183, Richmond, GHA 6320');
INSERT INTO supplier(supplier_id,supplier_name,supplier_address) VALUES ('zHD2m','Guess','Leadertech Consulting, Baltic  Lane 4551, Worcester, POL 5213');
INSERT INTO supplier(supplier_id,supplier_name,supplier_address) VALUES ('q2TDz','Mataano','ENEL, Clarges   Walk 3666, Zurich, COD 8851');
INSERT INTO supplier(supplier_id,supplier_name,supplier_address) VALUES ('xd2rD','Six Deuce','AECOM, Kingly  Crossroad 1261, Henderson, BIH 0505');
INSERT INTO supplier(supplier_id,supplier_name,supplier_address) VALUES ('Gta2I','Lilli Ann','21st Century Fox, Buttonwood Rue 9871, Fayetteville, PCN 6138');
INSERT INTO supplier(supplier_id,supplier_name,supplier_address) VALUES ('1WmFX','Forever 21','Apple Inc., Eldon  Route 9878, Albuquerque, MAR 3681');
INSERT INTO supplier(supplier_id,supplier_name,supplier_address) VALUES ('QwQKf','Baby Gap','Carrefour, Lonsdale  Tunnel 5473, Lyon, SYC 6245');
INSERT INTO supplier(supplier_id,supplier_name,supplier_address) VALUES ('vJ2tB','Converse','Vodafone, Carlton  Route 5273, Rome, SGS 0488');
INSERT INTO supplier(supplier_id,supplier_name,supplier_address) VALUES ('A3994','Rip Curl','UPC, Byland  Tunnel 706, San Bernardino, MWI 4210');
INSERT INTO supplier(supplier_id,supplier_name,supplier_address) VALUES ('bj5Oy','Lilli Ann','It Smart Group, Badric  Hill 6815, Santa Ana, CXR 1846');
INSERT INTO supplier(supplier_id,supplier_name,supplier_address) VALUES ('kBEyQ','EMEL Fashion','Mars, Bekesbourne   Rue 7063, Miami, HMD 1300');
INSERT INTO supplier(supplier_id,supplier_name,supplier_address) VALUES ('UZrcl','C&A','Team Guard SRL, Berry  Pass 7158, Springfield, MTQ 3483');
INSERT INTO supplier(supplier_id,supplier_name,supplier_address) VALUES ('iIOdN','Levis','Boeing, Falconberg   Crossroad 3402, Tulsa, GNB 7111');
INSERT INTO supplier(supplier_id,supplier_name,supplier_address) VALUES ('krovO','Brooks Brothers','Danone, Tisbury  Crossroad 2936, Lincoln, MAF 1411');
INSERT INTO supplier(supplier_id,supplier_name,supplier_address) VALUES ('sGYAI','TNT','BuzzFeed, Callcott   Hill 8135, Anaheim, PCN 1085');
INSERT INTO supplier(supplier_id,supplier_name,supplier_address) VALUES ('kNnq0','Calvin Klein','Danone, Parkfield  Road 3747, Bridgeport, SOM 2263');
INSERT INTO supplier(supplier_id,supplier_name,supplier_address) VALUES ('IWYpw','Acorn Stores','Comodo, Gavel   Walk 6948, Rochester, ESH 3766');
INSERT INTO supplier(supplier_id,supplier_name,supplier_address) VALUES ('Td741','Forever 21','Apple Inc., Beechen  Road 8954, Bucharest, PHL 8852');
INSERT INTO supplier(supplier_id,supplier_name,supplier_address) VALUES ('DRHyr','Max Studio','ExxonMobil, St. Pauls  Vale 6508, Lakewood, ISL 0601');
INSERT INTO supplier(supplier_id,supplier_name,supplier_address) VALUES ('q3l1V','Lee','ENEL, Bedford  Road 9118, Phoenix, MNE 1207');
INSERT INTO supplier(supplier_id,supplier_name,supplier_address) VALUES ('E5WJt','Cross Colours','Comodo, Rosewood Rue 4828, Prague, GGY 5132');
INSERT INTO supplier(supplier_id,supplier_name,supplier_address) VALUES ('zzEEV','Six Deuce','Amazon.com, Addison  Walk 4788, Santa Ana, VCT 5837');
INSERT INTO supplier(supplier_id,supplier_name,supplier_address) VALUES ('mAEGT','Marchesa','Metro Cash&Carry, Bacton   Crossroad 6097, Rochester, THA 1207');
INSERT INTO supplier(supplier_id,supplier_name,supplier_address) VALUES ('dWDSN','Ecko Unlimited','AECOM, Bloomsbury  Road 1728, Long Beach, FRO 0236');
INSERT INTO supplier(supplier_id,supplier_name,supplier_address) VALUES ('I2kmH','SABA','CarMax, Ensign   Route 2511, Albuquerque, SVK 5005');
INSERT INTO supplier(supplier_id,supplier_name,supplier_address) VALUES ('d7TQ1','Brooks Brothers','Telekom, Erindale Avenue 7635, Salt Lake City, SGS 5165');
INSERT INTO supplier(supplier_id,supplier_name,supplier_address) VALUES ('OatOo','Levis','Zepter, Yoakley Route 1452, Berlin, LVA 6768');
INSERT INTO supplier(supplier_id,supplier_name,supplier_address) VALUES ('FuwH7','Izod','Amazon.com, Lexington Street 9168, Fort Lauderdale, CHE 2721');
INSERT INTO supplier(supplier_id,supplier_name,supplier_address) VALUES ('foeIU','Lee','Amazon.com, Antrobus   Tunnel 1710, Berlin, BRB 1686');
INSERT INTO supplier(supplier_id,supplier_name,supplier_address) VALUES ('BKDzY','Healthtex','Biolife Grup, Yoakley Hill 6451, Lyon, CIV 2384');
INSERT INTO supplier(supplier_id,supplier_name,supplier_address) VALUES ('yqcFS','TNT','Biolife Grup, Capeners  Crossroad 7040, Lakewood, LCA 1184');
INSERT INTO supplier(supplier_id,supplier_name,supplier_address) VALUES ('8aUDx','Mataano','DynCorp, Chantry   Road 3566, Columbus, WSM 7177');
INSERT INTO supplier(supplier_id,supplier_name,supplier_address) VALUES ('PY3bN','Lee','Metro Cash&Carry, Fieldstone Hill 8124, Bucharest, TCD 6783');
INSERT INTO supplier(supplier_id,supplier_name,supplier_address) VALUES ('rdvzB','Cross Colours','Zepter, Bletchley   Crossroad 5796, Tokyo, MNP 0835');
INSERT INTO supplier(supplier_id,supplier_name,supplier_address) VALUES ('29hxS','Mataano','Erickson, Berriman  Road 9124, Chicago, MEX 4112');
INSERT INTO supplier(supplier_id,supplier_name,supplier_address) VALUES ('ZQ9VZ','Tommy Hilfinger','Boeing, East Rue 5714, Saint Paul, ZMB 7435');
INSERT INTO supplier(supplier_id,supplier_name,supplier_address) VALUES ('YUyvR','DKNY','Comodo, Meadow Vale 6401, Baltimore, SJM 3676');
INSERT INTO supplier(supplier_id,supplier_name,supplier_address) VALUES ('bygt5','Bujo','21st Century Fox, Thomas Doyle   Vale 1454, Salt Lake City, DJI 8624');
INSERT INTO supplier(supplier_id,supplier_name,supplier_address) VALUES ('ezkKU','Loyandford','Areon Impex, Baltic  Street 7737, Paris, ANT 1608');
INSERT INTO supplier(supplier_id,supplier_name,supplier_address) VALUES ('u2LA6','Hamilton Shirts','Mars, Calshot   Alley 9355, Fremont, UGA 0224');
INSERT INTO supplier(supplier_id,supplier_name,supplier_address) VALUES ('UPmiI','H&M','Comcast, Battersea   Crossroad 2729, Rome, ISL 7453');
INSERT INTO supplier(supplier_id,supplier_name,supplier_address) VALUES ('IJ8Bd','Nudie Jeans','Biolife Grup, Pine Alley 2587, Toledo, ARE 6718');
INSERT INTO supplier(supplier_id,supplier_name,supplier_address) VALUES ('crb7G','Old Navy','DynCorp, Chicksand  Avenue 1069, Fort Lauderdale, CAF 1545');
INSERT INTO supplier(supplier_id,supplier_name,supplier_address) VALUES ('QNA3V','Nudie Jeans','Coca-Cola Company, Howard Way 8046, Orlando, MNE 5830');
INSERT INTO supplier(supplier_id,supplier_name,supplier_address) VALUES ('EnqLB','Karen Kane','Global Print, Bendall   Boulevard 8549, Rome, CYP 1864');
INSERT INTO supplier(supplier_id,supplier_name,supplier_address) VALUES ('ycIfx','Max Studio','Leadertech Consulting, Elizabeth  Rue 3992, Washington, AUT 8854');
INSERT INTO supplier(supplier_id,supplier_name,supplier_address) VALUES ('vElf4','Real Gold','Demaco, Parkgate  Lane 3342, Tulsa, ITA 6576');
INSERT INTO supplier(supplier_id,supplier_name,supplier_address) VALUES ('I7EF0','JNCO','21st Century Fox, Battis   Alley 5086, Milano, COK 3863');
INSERT INTO supplier(supplier_id,supplier_name,supplier_address) VALUES ('SAmFU','Countess Mara','Demaco, St. Johs  Crossroad 5704, Scottsdale, PER 6030');
INSERT INTO supplier(supplier_id,supplier_name,supplier_address) VALUES ('gmKC0','Old Navy','Facebook, Cingworth  Walk 8563, Valetta, MUS 6818');
INSERT INTO supplier(supplier_id,supplier_name,supplier_address) VALUES ('pHMuB','Merc Clothing','Comcast, Lake Route 5256, Albuquerque, DNK 2780');
INSERT INTO supplier(supplier_id,supplier_name,supplier_address) VALUES ('FbGwy','Healthtex','Demaco, Waldram Park  Boulevard 6859, Tallahassee, PRI 6168');
INSERT INTO supplier(supplier_id,supplier_name,supplier_address) VALUES ('Ynxn0','Baby Gap','Comodo, Clissold  Tunnel 2008, Sacramento, UKR 2360');
INSERT INTO supplier(supplier_id,supplier_name,supplier_address) VALUES ('2VTU1','Levis','Danone, Heritage Hill 3731, Louisville, DEU 4811');
INSERT INTO supplier(supplier_id,supplier_name,supplier_address) VALUES ('uT2m9','Mohito','Vodafone, Baynes  Route 3724, New Orleans, PNG 8258');
INSERT INTO supplier(supplier_id,supplier_name,supplier_address) VALUES ('AQlY2','Ethika','Comodo, Calvin   Avenue 7830, Ontario, PER 2622');
INSERT INTO supplier(supplier_id,supplier_name,supplier_address) VALUES ('8ej6h','Bujo','Coca-Cola Company, Castile  Vale 9098, Amarillo, GUY 7402');
INSERT INTO supplier(supplier_id,supplier_name,supplier_address) VALUES ('xeUPT','Mossimo','Global Print, Underwood  Tunnel 8766, Salt Lake City, MSR 2616');
INSERT INTO supplier(supplier_id,supplier_name,supplier_address) VALUES ('IMnep','Healthtex','Comcast, Sherwood  Street 631, Tallahassee, CXR 4518');
INSERT INTO supplier(supplier_id,supplier_name,supplier_address) VALUES ('tvpvX','Converse','Coca-Cola Company, Linden Street 2736, Otawa, CZE 8723');
INSERT INTO supplier(supplier_id,supplier_name,supplier_address) VALUES ('vPUo2','EMEL Fashion','Telekom, Yorkshire  Vale 3793, Lyon, IMN 4276');
INSERT INTO supplier(supplier_id,supplier_name,supplier_address) VALUES ('tHceF','Loyandford','Erickson, Yorkshire  Street 4656, Garland, GEO 8683');
INSERT INTO supplier(supplier_id,supplier_name,supplier_address) VALUES ('w3MPO','Mataano','Danone, Dunstable   Alley 5057, Bridgeport, LSO 8657');
INSERT INTO supplier(supplier_id,supplier_name,supplier_address) VALUES ('dA5zW','Six Deuce','Global Print, Andrews  Lane 1759, Orlando, GRC 2223');
INSERT INTO supplier(supplier_id,supplier_name,supplier_address) VALUES ('YmcoG','EMEL Fashion','ENEL, Virginia Road 2771, Madrid, CUB 6213');
INSERT INTO supplier(supplier_id,supplier_name,supplier_address) VALUES ('0Z45x','Countess Mara','Comodo, Linda Lane Way 7976, Nashville, TGO 0687');
INSERT INTO supplier(supplier_id,supplier_name,supplier_address) VALUES ('RPmVT','Nice Collective','ExxonMobil, Cliff  Hill 6703, San Antonio, JOR 3665');
INSERT INTO supplier(supplier_id,supplier_name,supplier_address) VALUES ('8Dj0V','Nudie Jeans','Biolife Grup, Epworth  Hill 4485, Lincoln, SLE 2323');
INSERT INTO supplier(supplier_id,supplier_name,supplier_address) VALUES ('VhSdq','Lee','Carrefour, Thomas Doyle   Way 9805, Seattle, TKL 3857');
INSERT INTO supplier(supplier_id,supplier_name,supplier_address) VALUES ('HqE8G','Bujo','UPC, Bond Way 3883, Colorado Springs, TUN 8461');
INSERT INTO supplier(supplier_id,supplier_name,supplier_address) VALUES ('bct0a','Koton','Areon Impex, Queensberry  Drive 7037, Albuquerque, COD 8475');
INSERT INTO supplier(supplier_id,supplier_name,supplier_address) VALUES ('zKMhT','Lilli Ann','21st Century Fox, Cam  Road 3088, Glendale, ZAF 0181');
INSERT INTO supplier(supplier_id,supplier_name,supplier_address) VALUES ('QMq3N','Six Deuce','ENEL, Ellerman   Pass 9433, Lyon, PAK 7101');
INSERT INTO supplier(supplier_id,supplier_name,supplier_address) VALUES ('fJCuQ','Countess Mara','Boeing, Biggerstaff   Street 4703, Baltimore, NOR 3506');
INSERT INTO supplier(supplier_id,supplier_name,supplier_address) VALUES ('uDGtx','Converse','Metro Cash&Carry, Rivervalley Pass 2822, Hayward, COD 2738');
INSERT INTO supplier(supplier_id,supplier_name,supplier_address) VALUES ('Ppw4L','Koton','BuzzFeed, Sherlock   Boulevard 4926, Irving, BEL 8340');
INSERT INTO supplier(supplier_id,supplier_name,supplier_address) VALUES ('2RoxB','SABA','Comcast, Bellenden   Pass 9770, Milwaukee, TJK 3483');
INSERT INTO supplier(supplier_id,supplier_name,supplier_address) VALUES ('D11q1','DKNY','Leadertech Consulting, Lonsdale  Vale 9965, San Jose, ZAF 2503');
INSERT INTO supplier(supplier_id,supplier_name,supplier_address) VALUES ('tte7L','TNT','Amazon.com, Cingworth  Boulevard 2560, Laredo, MSR 1867');
INSERT INTO supplier(supplier_id,supplier_name,supplier_address) VALUES ('hRqGd','Lee','Vodafone, Champion  Pass 1034, Bridgeport, NER 8010');
INSERT INTO supplier(supplier_id,supplier_name,supplier_address) VALUES ('3pPm9','Converse','Team Guard SRL, Archery  Drive 9334, Madrid, CYM 8332');
INSERT INTO supplier(supplier_id,supplier_name,supplier_address) VALUES ('PivC8','Nice Collective','BuzzFeed, Wadham  Avenue 7678, Jersey City, LIE 8702');
INSERT INTO supplier(supplier_id,supplier_name,supplier_address) VALUES ('CFTfo','Guess','Boeing, Comet House  Alley 2245, Richmond, MAF 4563');
INSERT INTO supplier(supplier_id,supplier_name,supplier_address) VALUES ('tYwWT','Countess Mara','Carrefour, Ensign   Walk 3725, Salt Lake City, MTQ 6040');
INSERT INTO supplier(supplier_id,supplier_name,supplier_address) VALUES ('5Ji3C','Cross Colours','Demaco, Chestnut  Rue 1995, Venice, MDG 7338');
INSERT INTO supplier(supplier_id,supplier_name,supplier_address) VALUES ('B2WiG','Healthtex','Amazon.com, Blandford  Drive 4030, Los Angeles, SYR 0578');
INSERT INTO supplier(supplier_id,supplier_name,supplier_address) VALUES ('sEmTC','Lee','Apple Inc., Tisbury  Walk 6614, Sacramento, MRT 2303');
INSERT INTO supplier(supplier_id,supplier_name,supplier_address) VALUES ('7MM1t','Ecko Unlimited','CarMax, Arthur  Street 6862, New York, COK 1200');
INSERT INTO supplier(supplier_id,supplier_name,supplier_address) VALUES ('X7Cus','Acorn Stores','Boeing, Blean   Hill 5010, Prague, NFK 8755');
INSERT INTO supplier(supplier_id,supplier_name,supplier_address) VALUES ('TSUzZ','Nice Collective','21st Century Fox, Tiptree   Alley 3341, Fayetteville, BMU 8664');
INSERT INTO supplier(supplier_id,supplier_name,supplier_address) VALUES ('jjtQS','SABA','Zepter, Aspen Boulevard 254, Nashville, ALB 1423');
INSERT INTO supplier(supplier_id,supplier_name,supplier_address) VALUES ('CPT08','Real Gold','Telekom, Arbutus   Rue 2645, Dallas, NPL 0427');
INSERT INTO supplier(supplier_id,supplier_name,supplier_address) VALUES ('wO2YE','Loyandford','Apple Inc., Thomas  Hill 4797, Milano, MUS 5055');
INSERT INTO supplier(supplier_id,supplier_name,supplier_address) VALUES ('BoUrY','Ex-Boyfriend','Leadertech Consulting, East Lane 3181, Worcester, LBY 6277');
INSERT INTO supplier(supplier_id,supplier_name,supplier_address) VALUES ('xdc8o','Marchesa','Apple Inc., Shepherds  Lane 3394, Jersey City, ITA 6266');
INSERT INTO supplier(supplier_id,supplier_name,supplier_address) VALUES ('rEWYL','Forever 21','ENEL, Monroe Rue 5708, Chicago, MDG 7222');
INSERT INTO supplier(supplier_id,supplier_name,supplier_address) VALUES ('pokKi','Forever Lazy','Amazon.com, Ernest  Boulevard 6612, Hayward, SVN 5045');
INSERT INTO supplier(supplier_id,supplier_name,supplier_address) VALUES ('h2Un7','Koalapop','Telekom, Burton  Road 5635, Tallahassee, JOR 3575');
INSERT INTO supplier(supplier_id,supplier_name,supplier_address) VALUES ('D9zHp','TNT','Danone, Chicksand  Vale 2558, Toledo, MAC 6325');
INSERT INTO supplier(supplier_id,supplier_name,supplier_address) VALUES ('CzN49','H&M','Erickson, Chartham  Drive 3170, Denver, YEM 2766');
INSERT INTO supplier(supplier_id,supplier_name,supplier_address) VALUES ('xP9nN','Angels Jeanswear','CarMax, Sherwood  Pass 2193, Chicago, MAR 3155');
INSERT INTO supplier(supplier_id,supplier_name,supplier_address) VALUES ('SmClX','Ecko Unlimited','Demaco, Jackson Rue 5860, Stockton, BMU 4172');
INSERT INTO supplier(supplier_id,supplier_name,supplier_address) VALUES ('kXsbZ','Healthtex','ENEL, Durham Crossroad 2655, Bellevue, PHL 1587');
INSERT INTO supplier(supplier_id,supplier_name,supplier_address) VALUES ('tgqqx','Bujo','Apple Inc., Mariner   Rue 5757, Fullerton, MHL 2545');
INSERT INTO supplier(supplier_id,supplier_name,supplier_address) VALUES ('ZKH7a','Guess','Vodafone, Erindale Vale 4113, Prague, MRT 6720');
INSERT INTO supplier(supplier_id,supplier_name,supplier_address) VALUES ('qQm6b','Guess','AECOM, Bagford   Road 8505, Jacksonville, PYF 6732');
INSERT INTO supplier(supplier_id,supplier_name,supplier_address) VALUES ('wiW9d','Columbia Sportswear','Metro Cash&Carry, Dunton  Boulevard 178, Oklahoma City, TTO 2207');
INSERT INTO supplier(supplier_id,supplier_name,supplier_address) VALUES ('U16C9','EMEL Fashion','It Smart Group, Babmaes    Rue 6049, Huntsville, CUB 3303');
INSERT INTO supplier(supplier_id,supplier_name,supplier_address) VALUES ('EfUNc','Lilli Ann','Biolife Grup, Calverley  Crossroad 208, Anaheim, LAO 5117');
INSERT INTO supplier(supplier_id,supplier_name,supplier_address) VALUES ('v4fx2','Max Studio','21st Century Fox, Canon Route 724, Minneapolis, MLI 0728');
INSERT INTO supplier(supplier_id,supplier_name,supplier_address) VALUES ('AKTz3','Cross Colours','Metro Cash&Carry, Clarges   Tunnel 1994, Boston, CRI 8664');
INSERT INTO supplier(supplier_id,supplier_name,supplier_address) VALUES ('ZHyc0','Koton','ENEL, Camden  Tunnel 969, Hayward, NPL 8668');
INSERT INTO supplier(supplier_id,supplier_name,supplier_address) VALUES ('wqabz','Loyandford','Amazon.com, Falconberg   Avenue 4412, Tulsa, MKD 0226');
INSERT INTO supplier(supplier_id,supplier_name,supplier_address) VALUES ('Yzc3C','Six Deuce','Carrefour, Bendmore  Pass 5398, Worcester, PAN 0014');
INSERT INTO supplier(supplier_id,supplier_name,supplier_address) VALUES ('dOLOS','Calvin Klein','Facebook, Heritage Street 9240, Fullerton, KHM 5668');
INSERT INTO supplier(supplier_id,supplier_name,supplier_address) VALUES ('wJ9FR','JNCO','Amazon.com, Maple Hill 6140, Los Angeles, DOM 7174');
INSERT INTO supplier(supplier_id,supplier_name,supplier_address) VALUES ('RBN1F','Bujo','Comcast, Garfield Vale 4151, Oakland, SJM 7618');
INSERT INTO supplier(supplier_id,supplier_name,supplier_address) VALUES ('1lA4C','Bujo','21st Century Fox, Cadogan  Boulevard 1640, Sacramento, WSM 4320');
INSERT INTO supplier(supplier_id,supplier_name,supplier_address) VALUES ('FdHni','Mossimo','BuzzFeed, Timothy  Walk 8154, Huntsville, THA 1718');
INSERT INTO supplier(supplier_id,supplier_name,supplier_address) VALUES ('dyaMG','Columbia Sportswear','ENEL, Bede  Walk 5778, Tulsa, SLB 3666');
INSERT INTO supplier(supplier_id,supplier_name,supplier_address) VALUES ('KnBUi','Forever 21','Comcast, Ellerslie Pass 3065, Henderson, GGY 1344');
INSERT INTO supplier(supplier_id,supplier_name,supplier_address) VALUES ('7uNq7','Brooks Brothers','Areon Impex, Elystan  Road 9080, San Bernardino, TJK 2820');
INSERT INTO supplier(supplier_id,supplier_name,supplier_address) VALUES ('IKrew','Cross Colours','Apple Inc., Boleyn  Grove 3636, Chicago, SHN 7203');
INSERT INTO supplier(supplier_id,supplier_name,supplier_address) VALUES ('ED8pc','Converse','DynCorp, Angel  Rue 8781, Nashville, AND 5376');

--product

INSERT INTO product(product_id,price,total_stock) VALUES ('BV3tk',997.40,664);
INSERT INTO product(product_id,price,total_stock) VALUES ('6gB4p',219.36,377);
INSERT INTO product(product_id,price,total_stock) VALUES ('5rHoj',822.71,578);
INSERT INTO product(product_id,price,total_stock) VALUES ('3P6UR',376.94,822);
INSERT INTO product(product_id,price,total_stock) VALUES ('yNqT0',163.79,902);
INSERT INTO product(product_id,price,total_stock) VALUES ('6os16',806.73,713);
INSERT INTO product(product_id,price,total_stock) VALUES ('IhdVo',562.82,288);
INSERT INTO product(product_id,price,total_stock) VALUES ('nW0UC',77.34,612);
INSERT INTO product(product_id,price,total_stock) VALUES ('jNFbh',53.47,791);
INSERT INTO product(product_id,price,total_stock) VALUES ('4Or5G',848.59,186);
INSERT INTO product(product_id,price,total_stock) VALUES ('gQLu3',600.15,335);
INSERT INTO product(product_id,price,total_stock) VALUES ('ZdpdT',462.85,888);
INSERT INTO product(product_id,price,total_stock) VALUES ('TIRss',284.15,184);
INSERT INTO product(product_id,price,total_stock) VALUES ('Esaa0',895.10,810);
INSERT INTO product(product_id,price,total_stock) VALUES ('vuyw2',595.68,983);
INSERT INTO product(product_id,price,total_stock) VALUES ('EzCDW',990.45,515);
INSERT INTO product(product_id,price,total_stock) VALUES ('Xzl8i',872.38,325);
INSERT INTO product(product_id,price,total_stock) VALUES ('HGpLK',725.41,559);
INSERT INTO product(product_id,price,total_stock) VALUES ('W2rjo',78.00,747);
INSERT INTO product(product_id,price,total_stock) VALUES ('cSn2O',94.73,177);
INSERT INTO product(product_id,price,total_stock) VALUES ('P7CBR',138.23,912);
INSERT INTO product(product_id,price,total_stock) VALUES ('Wiow5',506.81,416);
INSERT INTO product(product_id,price,total_stock) VALUES ('ahqdR',886.81,386);
INSERT INTO product(product_id,price,total_stock) VALUES ('z3fPO',506.02,130);
INSERT INTO product(product_id,price,total_stock) VALUES ('Xk5Mq',389.23,316);
INSERT INTO product(product_id,price,total_stock) VALUES ('oxMFZ',227.80,964);
INSERT INTO product(product_id,price,total_stock) VALUES ('eScrY',251.80,434);
INSERT INTO product(product_id,price,total_stock) VALUES ('JsMYm',979.68,874);
INSERT INTO product(product_id,price,total_stock) VALUES ('hmZUk',607.67,135);
INSERT INTO product(product_id,price,total_stock) VALUES ('Tczeq',721.91,648);
INSERT INTO product(product_id,price,total_stock) VALUES ('Fhu5C',331.64,216);
INSERT INTO product(product_id,price,total_stock) VALUES ('wiD7L',836.62,708);
INSERT INTO product(product_id,price,total_stock) VALUES ('HViwy',468.38,902);
INSERT INTO product(product_id,price,total_stock) VALUES ('maX6Z',318.69,490);
INSERT INTO product(product_id,price,total_stock) VALUES ('ykSEN',742.82,291);
INSERT INTO product(product_id,price,total_stock) VALUES ('8RiBi',702.85,526);
INSERT INTO product(product_id,price,total_stock) VALUES ('zJWUK',129.80,666);
INSERT INTO product(product_id,price,total_stock) VALUES ('K1Tm6',704.71,527);
INSERT INTO product(product_id,price,total_stock) VALUES ('1mJlh',548.45,446);
INSERT INTO product(product_id,price,total_stock) VALUES ('gVyh4',354.34,933);
INSERT INTO product(product_id,price,total_stock) VALUES ('j4GQ6',366.27,721);
INSERT INTO product(product_id,price,total_stock) VALUES ('wp4Wa',204.27,351);
INSERT INTO product(product_id,price,total_stock) VALUES ('jEK5h',256.94,360);
INSERT INTO product(product_id,price,total_stock) VALUES ('r8xyT',267.71,837);
INSERT INTO product(product_id,price,total_stock) VALUES ('gXDBk',452.52,546);
INSERT INTO product(product_id,price,total_stock) VALUES ('Vcy1n',105.95,398);
INSERT INTO product(product_id,price,total_stock) VALUES ('Eg80K',419.38,386);
INSERT INTO product(product_id,price,total_stock) VALUES ('8yj8i',456.38,576);
INSERT INTO product(product_id,price,total_stock) VALUES ('7FzCI',254.69,205);
INSERT INTO product(product_id,price,total_stock) VALUES ('iqjEb',78.65,640);
INSERT INTO product(product_id,price,total_stock) VALUES ('BduwR',874.65,197);
INSERT INTO product(product_id,price,total_stock) VALUES ('9tDw2',556.94,908);
INSERT INTO product(product_id,price,total_stock) VALUES ('FR4hQ',907.19,838);
INSERT INTO product(product_id,price,total_stock) VALUES ('00Sez',314.88,914);
INSERT INTO product(product_id,price,total_stock) VALUES ('K86Er',593.24,172);
INSERT INTO product(product_id,price,total_stock) VALUES ('bsDZM',910.24,997);
INSERT INTO product(product_id,price,total_stock) VALUES ('tq9JJ',113.34,203);
INSERT INTO product(product_id,price,total_stock) VALUES ('R56bk',162.27,722);
INSERT INTO product(product_id,price,total_stock) VALUES ('0Jl4l',863.20,550);
INSERT INTO product(product_id,price,total_stock) VALUES ('CzGh1',786.63,938);
INSERT INTO product(product_id,price,total_stock) VALUES ('mSuJT',733.75,154);
INSERT INTO product(product_id,price,total_stock) VALUES ('nzxvn',806.50,358);
INSERT INTO product(product_id,price,total_stock) VALUES ('bWiCS',334.40,887);
INSERT INTO product(product_id,price,total_stock) VALUES ('deGT9',802.26,549);
INSERT INTO product(product_id,price,total_stock) VALUES ('SAyRY',128.37,209);
INSERT INTO product(product_id,price,total_stock) VALUES ('YiRvE',441.86,314);
INSERT INTO product(product_id,price,total_stock) VALUES ('UyFfO',585.63,358);
INSERT INTO product(product_id,price,total_stock) VALUES ('32pzm',433.06,846);
INSERT INTO product(product_id,price,total_stock) VALUES ('jScm9',219.89,398);
INSERT INTO product(product_id,price,total_stock) VALUES ('9anuC',634.81,139);
INSERT INTO product(product_id,price,total_stock) VALUES ('m19Ls',758.27,751);
INSERT INTO product(product_id,price,total_stock) VALUES ('XhYgb',539.50,975);
INSERT INTO product(product_id,price,total_stock) VALUES ('ebLv8',238.25,210);
INSERT INTO product(product_id,price,total_stock) VALUES ('5ufx6',885.24,340);
INSERT INTO product(product_id,price,total_stock) VALUES ('EnMub',884.11,840);
INSERT INTO product(product_id,price,total_stock) VALUES ('BtPbz',379.89,506);
INSERT INTO product(product_id,price,total_stock) VALUES ('5pQkb',52.07,456);
INSERT INTO product(product_id,price,total_stock) VALUES ('m1P7O',469.79,547);
INSERT INTO product(product_id,price,total_stock) VALUES ('SHbyU',748.53,643);
INSERT INTO product(product_id,price,total_stock) VALUES ('UWtO9',804.30,600);
INSERT INTO product(product_id,price,total_stock) VALUES ('1D2Qm',648.82,124);
INSERT INTO product(product_id,price,total_stock) VALUES ('iyIjn',161.58,611);
INSERT INTO product(product_id,price,total_stock) VALUES ('6uJr5',82.12,266);
INSERT INTO product(product_id,price,total_stock) VALUES ('IoQET',829.41,831);
INSERT INTO product(product_id,price,total_stock) VALUES ('irFLk',528.87,682);
INSERT INTO product(product_id,price,total_stock) VALUES ('SZPfl',955.97,265);
INSERT INTO product(product_id,price,total_stock) VALUES ('wKSOn',602.63,814);
INSERT INTO product(product_id,price,total_stock) VALUES ('6qH8X',746.72,762);
INSERT INTO product(product_id,price,total_stock) VALUES ('YUA6D',409.98,482);
INSERT INTO product(product_id,price,total_stock) VALUES ('2fZfz',613.58,267);
INSERT INTO product(product_id,price,total_stock) VALUES ('qESIh',180.17,967);
INSERT INTO product(product_id,price,total_stock) VALUES ('ESO4Y',905.26,598);
INSERT INTO product(product_id,price,total_stock) VALUES ('rfHR6',40.13,441);
INSERT INTO product(product_id,price,total_stock) VALUES ('L1WIM',126.97,396);
INSERT INTO product(product_id,price,total_stock) VALUES ('G6RTb',584.20,306);
INSERT INTO product(product_id,price,total_stock) VALUES ('JD2vK',80.02,972);
INSERT INTO product(product_id,price,total_stock) VALUES ('P0yTe',301.25,689);
INSERT INTO product(product_id,price,total_stock) VALUES ('646py',48.77,953);
INSERT INTO product(product_id,price,total_stock) VALUES ('U4xcm',949.11,206);
INSERT INTO product(product_id,price,total_stock) VALUES ('T2H3J',373.21,208);
INSERT INTO product(product_id,price,total_stock) VALUES ('0Y2VS',665.83,833);
INSERT INTO product(product_id,price,total_stock) VALUES ('qmWgn',535.42,205);
INSERT INTO product(product_id,price,total_stock) VALUES ('R5aPR',565.35,373);
INSERT INTO product(product_id,price,total_stock) VALUES ('tr9lK',361.50,623);
INSERT INTO product(product_id,price,total_stock) VALUES ('rzzZJ',428.64,699);
INSERT INTO product(product_id,price,total_stock) VALUES ('E8v9k',581.49,805);
INSERT INTO product(product_id,price,total_stock) VALUES ('cAlO6',958.84,353);
INSERT INTO product(product_id,price,total_stock) VALUES ('Cjllp',230.65,402);
INSERT INTO product(product_id,price,total_stock) VALUES ('Iwzxr',15.96,872);
INSERT INTO product(product_id,price,total_stock) VALUES ('RvLSw',361.72,248);
INSERT INTO product(product_id,price,total_stock) VALUES ('MNJJu',274.64,770);
INSERT INTO product(product_id,price,total_stock) VALUES ('8hWky',42.00,868);
INSERT INTO product(product_id,price,total_stock) VALUES ('Ub1xu',684.08,513);
INSERT INTO product(product_id,price,total_stock) VALUES ('Du6Kw',553.49,721);
INSERT INTO product(product_id,price,total_stock) VALUES ('1bZcE',492.59,876);
INSERT INTO product(product_id,price,total_stock) VALUES ('IFyJn',376.04,326);
INSERT INTO product(product_id,price,total_stock) VALUES ('vU7Ve',913.41,573);
INSERT INTO product(product_id,price,total_stock) VALUES ('IqG9T',472.97,490);
INSERT INTO product(product_id,price,total_stock) VALUES ('DqtXm',544.78,861);
INSERT INTO product(product_id,price,total_stock) VALUES ('0App1',917.82,713);
INSERT INTO product(product_id,price,total_stock) VALUES ('srZck',147.20,949);
INSERT INTO product(product_id,price,total_stock) VALUES ('B2UYX',600.54,702);
INSERT INTO product(product_id,price,total_stock) VALUES ('HYG7n',665.62,302);
INSERT INTO product(product_id,price,total_stock) VALUES ('hHfeP',747.67,294);
INSERT INTO product(product_id,price,total_stock) VALUES ('1aRmD',517.85,921);
INSERT INTO product(product_id,price,total_stock) VALUES ('dwVuN',395.47,323);
INSERT INTO product(product_id,price,total_stock) VALUES ('c9idy',868.04,144);
INSERT INTO product(product_id,price,total_stock) VALUES ('EL4dn',710.70,352);
INSERT INTO product(product_id,price,total_stock) VALUES ('MGg7T',923.61,642);
INSERT INTO product(product_id,price,total_stock) VALUES ('hMd1T',873.01,242);
INSERT INTO product(product_id,price,total_stock) VALUES ('oQCPL',205.41,996);
INSERT INTO product(product_id,price,total_stock) VALUES ('XOh1l',382.28,795);
INSERT INTO product(product_id,price,total_stock) VALUES ('FEhG1',516.93,579);
INSERT INTO product(product_id,price,total_stock) VALUES ('X65lY',194.74,281);
INSERT INTO product(product_id,price,total_stock) VALUES ('KuyXp',458.09,110);
INSERT INTO product(product_id,price,total_stock) VALUES ('rgjFX',747.00,249);
INSERT INTO product(product_id,price,total_stock) VALUES ('4rvOU',907.30,223);
INSERT INTO product(product_id,price,total_stock) VALUES ('Uf1OQ',798.61,277);
INSERT INTO product(product_id,price,total_stock) VALUES ('eVr1i',912.10,668);
INSERT INTO product(product_id,price,total_stock) VALUES ('9gYU6',855.16,675);
INSERT INTO product(product_id,price,total_stock) VALUES ('7vrqZ',510.87,341);
INSERT INTO product(product_id,price,total_stock) VALUES ('cqCKk',849.74,914);
INSERT INTO product(product_id,price,total_stock) VALUES ('5XkBD',144.61,101);
INSERT INTO product(product_id,price,total_stock) VALUES ('lIPxf',961.20,523);
INSERT INTO product(product_id,price,total_stock) VALUES ('VNRfG',923.78,987);
INSERT INTO product(product_id,price,total_stock) VALUES ('daZ11',932.04,223);
INSERT INTO product(product_id,price,total_stock) VALUES ('weZjQ',139.59,837);
INSERT INTO product(product_id,price,total_stock) VALUES ('JrERP',79.76,542);
INSERT INTO product(product_id,price,total_stock) VALUES ('ejzWi',244.81,999);
INSERT INTO product(product_id,price,total_stock) VALUES ('klimt',744.14,705);
INSERT INTO product(product_id,price,total_stock) VALUES ('GHAAi',633.21,291);
INSERT INTO product(product_id,price,total_stock) VALUES ('ncWY0',510.73,465);
INSERT INTO product(product_id,price,total_stock) VALUES ('o4XRG',675.57,594);
INSERT INTO product(product_id,price,total_stock) VALUES ('qZ8pj',965.09,468);
INSERT INTO product(product_id,price,total_stock) VALUES ('iZLID',760.94,871);
INSERT INTO product(product_id,price,total_stock) VALUES ('WmtF2',409.16,177);
INSERT INTO product(product_id,price,total_stock) VALUES ('1J7yW',851.57,483);
INSERT INTO product(product_id,price,total_stock) VALUES ('hcTIo',548.63,700);
INSERT INTO product(product_id,price,total_stock) VALUES ('X60bU',595.35,912);
INSERT INTO product(product_id,price,total_stock) VALUES ('8g4e6',484.67,359);
INSERT INTO product(product_id,price,total_stock) VALUES ('P3xaA',286.05,737);
INSERT INTO product(product_id,price,total_stock) VALUES ('0ulkb',806.20,844);
INSERT INTO product(product_id,price,total_stock) VALUES ('8Es5i',724.76,350);
INSERT INTO product(product_id,price,total_stock) VALUES ('xDzz5',83.49,154);
INSERT INTO product(product_id,price,total_stock) VALUES ('xB2vu',207.67,186);
INSERT INTO product(product_id,price,total_stock) VALUES ('3Ikj9',760.46,252);
INSERT INTO product(product_id,price,total_stock) VALUES ('UFf1v',735.73,579);
INSERT INTO product(product_id,price,total_stock) VALUES ('Hfn6b',223.77,788);
INSERT INTO product(product_id,price,total_stock) VALUES ('QhxZ5',441.08,802);
INSERT INTO product(product_id,price,total_stock) VALUES ('YmCaH',193.29,134);
INSERT INTO product(product_id,price,total_stock) VALUES ('lpf0i',627.30,157);
INSERT INTO product(product_id,price,total_stock) VALUES ('SVnOi',728.66,712);
INSERT INTO product(product_id,price,total_stock) VALUES ('WzTb7',50.25,898);
INSERT INTO product(product_id,price,total_stock) VALUES ('AtcIr',311.41,948);
INSERT INTO product(product_id,price,total_stock) VALUES ('NlVvr',932.20,674);
INSERT INTO product(product_id,price,total_stock) VALUES ('OtHjx',840.22,708);
INSERT INTO product(product_id,price,total_stock) VALUES ('8WDS2',840.07,604);
INSERT INTO product(product_id,price,total_stock) VALUES ('amzzJ',176.37,993);
INSERT INTO product(product_id,price,total_stock) VALUES ('6rA7X',884.97,486);
INSERT INTO product(product_id,price,total_stock) VALUES ('mpNO5',677.09,257);
INSERT INTO product(product_id,price,total_stock) VALUES ('fwKUO',123.07,447);
INSERT INTO product(product_id,price,total_stock) VALUES ('gwVFG',380.48,163);
INSERT INTO product(product_id,price,total_stock) VALUES ('WHnGz',263.29,177);
INSERT INTO product(product_id,price,total_stock) VALUES ('XnpMn',843.64,771);
INSERT INTO product(product_id,price,total_stock) VALUES ('hoTWA',44.75,843);
INSERT INTO product(product_id,price,total_stock) VALUES ('mmblg',894.33,328);
INSERT INTO product(product_id,price,total_stock) VALUES ('MI2xC',985.35,331);
INSERT INTO product(product_id,price,total_stock) VALUES ('eE6lb',873.76,714);
INSERT INTO product(product_id,price,total_stock) VALUES ('IlhbD',119.07,393);
INSERT INTO product(product_id,price,total_stock) VALUES ('XxdMy',684.55,541);
INSERT INTO product(product_id,price,total_stock) VALUES ('SZAe8',847.70,595);
INSERT INTO product(product_id,price,total_stock) VALUES ('SD15F',151.38,775);
INSERT INTO product(product_id,price,total_stock) VALUES ('1ud5V',881.19,175);
INSERT INTO product(product_id,price,total_stock) VALUES ('EhZOf',155.44,835);
INSERT INTO product(product_id,price,total_stock) VALUES ('gcSC1',275.71,363);
INSERT INTO product(product_id,price,total_stock) VALUES ('39IAO',152.24,309);
INSERT INTO product(product_id,price,total_stock) VALUES ('atUDN',632.14,481);
INSERT INTO product(product_id,price,total_stock) VALUES ('N4Zaa',470.05,242);
INSERT INTO product(product_id,price,total_stock) VALUES ('mDYmz',347.88,639);
INSERT INTO product(product_id,price,total_stock) VALUES ('CLBVt',201.84,935);
INSERT INTO product(product_id,price,total_stock) VALUES ('SLywy',383.61,906);
INSERT INTO product(product_id,price,total_stock) VALUES ('T2y60',292.87,493);
INSERT INTO product(product_id,price,total_stock) VALUES ('68XLu',623.39,177);
INSERT INTO product(product_id,price,total_stock) VALUES ('0tBCl',793.69,122);
INSERT INTO product(product_id,price,total_stock) VALUES ('EeHPo',277.34,316);
INSERT INTO product(product_id,price,total_stock) VALUES ('bfS7g',931.75,783);
INSERT INTO product(product_id,price,total_stock) VALUES ('TkYuy',660.18,714);
INSERT INTO product(product_id,price,total_stock) VALUES ('xs5EW',576.29,573);
INSERT INTO product(product_id,price,total_stock) VALUES ('Mx2WK',626.78,712);
INSERT INTO product(product_id,price,total_stock) VALUES ('nItOT',442.56,924);
INSERT INTO product(product_id,price,total_stock) VALUES ('8QsBY',931.22,475);
INSERT INTO product(product_id,price,total_stock) VALUES ('Tbc5V',272.88,887);
INSERT INTO product(product_id,price,total_stock) VALUES ('NwvtD',397.60,720);
INSERT INTO product(product_id,price,total_stock) VALUES ('xsHp4',942.37,418);
INSERT INTO product(product_id,price,total_stock) VALUES ('KAFG0',282.14,337);
INSERT INTO product(product_id,price,total_stock) VALUES ('jcDsK',854.34,437);
INSERT INTO product(product_id,price,total_stock) VALUES ('Q1Bhp',836.86,632);
INSERT INTO product(product_id,price,total_stock) VALUES ('oCNpy',553.50,428);
INSERT INTO product(product_id,price,total_stock) VALUES ('EGvUK',782.02,942);
INSERT INTO product(product_id,price,total_stock) VALUES ('nfJlV',877.52,956);
INSERT INTO product(product_id,price,total_stock) VALUES ('XtZD4',835.68,393);
INSERT INTO product(product_id,price,total_stock) VALUES ('JfbyD',469.45,127);
INSERT INTO product(product_id,price,total_stock) VALUES ('7qoEF',16.21,532);
INSERT INTO product(product_id,price,total_stock) VALUES ('0F3Kq',269.25,805);
INSERT INTO product(product_id,price,total_stock) VALUES ('fQREI',451.45,314);
INSERT INTO product(product_id,price,total_stock) VALUES ('ZbLpV',214.87,261);
INSERT INTO product(product_id,price,total_stock) VALUES ('DHnoO',450.87,437);
INSERT INTO product(product_id,price,total_stock) VALUES ('h5Ny6',514.64,899);
INSERT INTO product(product_id,price,total_stock) VALUES ('PoSxK',380.89,561);
INSERT INTO product(product_id,price,total_stock) VALUES ('OZonz',548.14,669);
INSERT INTO product(product_id,price,total_stock) VALUES ('NsHjm',603.56,162);
INSERT INTO product(product_id,price,total_stock) VALUES ('Y4hNO',639.30,915);
INSERT INTO product(product_id,price,total_stock) VALUES ('xSZq3',78.01,710);
INSERT INTO product(product_id,price,total_stock) VALUES ('OHZyw',230.55,991);
INSERT INTO product(product_id,price,total_stock) VALUES ('wkkOY',82.27,688);
INSERT INTO product(product_id,price,total_stock) VALUES ('GOZQz',669.28,639);
INSERT INTO product(product_id,price,total_stock) VALUES ('Hu0hI',459.73,237);
INSERT INTO product(product_id,price,total_stock) VALUES ('rbUeL',746.28,253);
INSERT INTO product(product_id,price,total_stock) VALUES ('WiboC',77.52,755);
INSERT INTO product(product_id,price,total_stock) VALUES ('Bukpo',747.85,609);
INSERT INTO product(product_id,price,total_stock) VALUES ('0yrCX',27.86,396);
INSERT INTO product(product_id,price,total_stock) VALUES ('0bg6t',774.47,418);
INSERT INTO product(product_id,price,total_stock) VALUES ('7O3RO',633.56,142);
INSERT INTO product(product_id,price,total_stock) VALUES ('OHfX1',70.49,966);
INSERT INTO product(product_id,price,total_stock) VALUES ('kvoWC',252.79,410);
INSERT INTO product(product_id,price,total_stock) VALUES ('rGxlh',572.99,329);
INSERT INTO product(product_id,price,total_stock) VALUES ('ROsa0',565.34,295);
INSERT INTO product(product_id,price,total_stock) VALUES ('QoxQf',482.46,810);
INSERT INTO product(product_id,price,total_stock) VALUES ('6iV8H',119.31,736);
INSERT INTO product(product_id,price,total_stock) VALUES ('bikHz',960.50,699);

--supplies
INSERT INTO supplies(supplier_id,product_id) VALUES ('0B0Qo','00Sez');
INSERT INTO supplies(supplier_id,product_id) VALUES ('0Z45x','0App1');
INSERT INTO supplies(supplier_id,product_id) VALUES ('1PJtu','0bg6t');
INSERT INTO supplies(supplier_id,product_id) VALUES ('1u96M','0F3Kq');
INSERT INTO supplies(supplier_id,product_id) VALUES ('1WmFX','0Jl4l');
INSERT INTO supplies(supplier_id,product_id) VALUES ('29hxS','0tBCl');
INSERT INTO supplies(supplier_id,product_id) VALUES ('2AdOb','0ulkb');
INSERT INTO supplies(supplier_id,product_id) VALUES ('2bnwP','0Y2VS');
INSERT INTO supplies(supplier_id,product_id) VALUES ('2m8Bn','0yrCX');
INSERT INTO supplies(supplier_id,product_id) VALUES ('2RoxB','1aRmD');
INSERT INTO supplies(supplier_id,product_id) VALUES ('2VTU1','1bZcE');
INSERT INTO supplies(supplier_id,product_id) VALUES ('3pPm9','1D2Qm');
INSERT INTO supplies(supplier_id,product_id) VALUES ('4aFHd','1J7yW');
INSERT INTO supplies(supplier_id,product_id) VALUES ('5Ji3C','1mJlh');
INSERT INTO supplies(supplier_id,product_id) VALUES ('5L5R1','1ud5V');
INSERT INTO supplies(supplier_id,product_id) VALUES ('5qnnU','2fZfz');
INSERT INTO supplies(supplier_id,product_id) VALUES ('63XFC','32pzm');
INSERT INTO supplies(supplier_id,product_id) VALUES ('6ei3l','39IAO');
INSERT INTO supplies(supplier_id,product_id) VALUES ('6LbzT','3Ikj9');
INSERT INTO supplies(supplier_id,product_id) VALUES ('7MM1t','3P6UR');
INSERT INTO supplies(supplier_id,product_id) VALUES ('7NFbk','4Or5G');
INSERT INTO supplies(supplier_id,product_id) VALUES ('7uNq7','4rvOU');
INSERT INTO supplies(supplier_id,product_id) VALUES ('8aUDx','5pQkb');
INSERT INTO supplies(supplier_id,product_id) VALUES ('8Dj0V','5rHoj');
INSERT INTO supplies(supplier_id,product_id) VALUES ('8ej6h','5ufx6');
INSERT INTO supplies(supplier_id,product_id) VALUES ('8xmWJ','5XkBD');
INSERT INTO supplies(supplier_id,product_id) VALUES ('9PH3X','646py');
INSERT INTO supplies(supplier_id,product_id) VALUES ('9qNPS','68XLu');
INSERT INTO supplies(supplier_id,product_id) VALUES ('A3994','6gB4p');
INSERT INTO supplies(supplier_id,product_id) VALUES ('ABlpg','6iV8H');
INSERT INTO supplies(supplier_id,product_id) VALUES ('aj8Jn','6os16');
INSERT INTO supplies(supplier_id,product_id) VALUES ('akFoP','6qH8X');
INSERT INTO supplies(supplier_id,product_id) VALUES ('AKTz3','6rA7X');
INSERT INTO supplies(supplier_id,product_id) VALUES ('apVCY','6uJr5');
INSERT INTO supplies(supplier_id,product_id) VALUES ('AQlY2','7FzCI');
INSERT INTO supplies(supplier_id,product_id) VALUES ('aqysQ','7O3RO');
INSERT INTO supplies(supplier_id,product_id) VALUES ('B2WiG','7qoEF');
INSERT INTO supplies(supplier_id,product_id) VALUES ('bct0a','7vrqZ');
INSERT INTO supplies(supplier_id,product_id) VALUES ('BJ3l6','8Es5i');
INSERT INTO supplies(supplier_id,product_id) VALUES ('bj5Oy','8g4e6');
INSERT INTO supplies(supplier_id,product_id) VALUES ('BKDzY','8hWky');
INSERT INTO supplies(supplier_id,product_id) VALUES ('BoUrY','8QsBY');
INSERT INTO supplies(supplier_id,product_id) VALUES ('bPI3q','8RiBi');
INSERT INTO supplies(supplier_id,product_id) VALUES ('bqFUV','8WDS2');
INSERT INTO supplies(supplier_id,product_id) VALUES ('bqvL4','8yj8i');
INSERT INTO supplies(supplier_id,product_id) VALUES ('bRbDB','9anuC');
INSERT INTO supplies(supplier_id,product_id) VALUES ('bupsI','9gYU6');
INSERT INTO supplies(supplier_id,product_id) VALUES ('Bwuj6','9tDw2');
INSERT INTO supplies(supplier_id,product_id) VALUES ('bXXCM','ahqdR');
INSERT INTO supplies(supplier_id,product_id) VALUES ('CCqJg','amzzJ');
INSERT INTO supplies(supplier_id,product_id) VALUES ('CFTfo','AtcIr');
INSERT INTO supplies(supplier_id,product_id) VALUES ('CMIHy','atUDN');
INSERT INTO supplies(supplier_id,product_id) VALUES ('CPT08','B2UYX');
INSERT INTO supplies(supplier_id,product_id) VALUES ('crb7G','BduwR');
INSERT INTO supplies(supplier_id,product_id) VALUES ('cYK5a','bfS7g');
INSERT INTO supplies(supplier_id,product_id) VALUES ('CzN49','bikHz');
INSERT INTO supplies(supplier_id,product_id) VALUES ('d0AGq','bsDZM');
INSERT INTO supplies(supplier_id,product_id) VALUES ('d7TQ1','BtPbz');
INSERT INTO supplies(supplier_id,product_id) VALUES ('D9zHp','Bukpo');
INSERT INTO supplies(supplier_id,product_id) VALUES ('dA5zW','BV3tk');
INSERT INTO supplies(supplier_id,product_id) VALUES ('DEW9m','bWiCS');
INSERT INTO supplies(supplier_id,product_id) VALUES ('DG1zr','c9idy');
INSERT INTO supplies(supplier_id,product_id) VALUES ('dGwd5','cAlO6');
INSERT INTO supplies(supplier_id,product_id) VALUES ('dltgK','Cjllp');
INSERT INTO supplies(supplier_id,product_id) VALUES ('DMyXc','CLBVt');
INSERT INTO supplies(supplier_id,product_id) VALUES ('do5Wn','cqCKk');
INSERT INTO supplies(supplier_id,product_id) VALUES ('dOLOS','cSn2O');
INSERT INTO supplies(supplier_id,product_id) VALUES ('DRHyr','CzGh1');
INSERT INTO supplies(supplier_id,product_id) VALUES ('dWDSN','daZ11');
INSERT INTO supplies(supplier_id,product_id) VALUES ('dyaMG','deGT9');
INSERT INTO supplies(supplier_id,product_id) VALUES ('E5WJt','DHnoO');
INSERT INTO supplies(supplier_id,product_id) VALUES ('ED8pc','DqtXm');
INSERT INTO supplies(supplier_id,product_id) VALUES ('EfUNc','Du6Kw');
INSERT INTO supplies(supplier_id,product_id) VALUES ('EGdEl','dwVuN');
INSERT INTO supplies(supplier_id,product_id) VALUES ('EJdgU','E8v9k');
INSERT INTO supplies(supplier_id,product_id) VALUES ('EnqLB','ebLv8');
INSERT INTO supplies(supplier_id,product_id) VALUES ('ezkKU','eE6lb');
INSERT INTO supplies(supplier_id,product_id) VALUES ('f6a3z','EeHPo');
INSERT INTO supplies(supplier_id,product_id) VALUES ('FbGwy','Eg80K');
INSERT INTO supplies(supplier_id,product_id) VALUES ('FdHni','EGvUK');
INSERT INTO supplies(supplier_id,product_id) VALUES ('FimUi','EhZOf');
INSERT INTO supplies(supplier_id,product_id) VALUES ('fJCuQ','ejzWi');
INSERT INTO supplies(supplier_id,product_id) VALUES ('foeIU','EL4dn');
INSERT INTO supplies(supplier_id,product_id) VALUES ('FR9Nn','EnMub');
INSERT INTO supplies(supplier_id,product_id) VALUES ('FuwH7','Esaa0');
INSERT INTO supplies(supplier_id,product_id) VALUES ('G3TcU','eScrY');
INSERT INTO supplies(supplier_id,product_id) VALUES ('G51CP','ESO4Y');
INSERT INTO supplies(supplier_id,product_id) VALUES ('gEcfc','eVr1i');
INSERT INTO supplies(supplier_id,product_id) VALUES ('gmKC0','EzCDW');
INSERT INTO supplies(supplier_id,product_id) VALUES ('H1zyF','FEhG1');
INSERT INTO supplies(supplier_id,product_id) VALUES ('h2Un7','Fhu5C');
INSERT INTO supplies(supplier_id,product_id) VALUES ('h4BhD','fQREI');
INSERT INTO supplies(supplier_id,product_id) VALUES ('HgFBB','FR4hQ');
INSERT INTO supplies(supplier_id,product_id) VALUES ('hmCht','fwKUO');
INSERT INTO supplies(supplier_id,product_id) VALUES ('HqE8G','G6RTb');
INSERT INTO supplies(supplier_id,product_id) VALUES ('hRqGd','gcSC1');
INSERT INTO supplies(supplier_id,product_id) VALUES ('I2kmH','GHAAi');
INSERT INTO supplies(supplier_id,product_id) VALUES ('i4el8','GOZQz');
INSERT INTO supplies(supplier_id,product_id) VALUES ('I7EF0','gQLu3');
INSERT INTO supplies(supplier_id,product_id) VALUES ('iaxBc','gVyh4');
INSERT INTO supplies(supplier_id,product_id) VALUES ('iIOdN','gwVFG');
INSERT INTO supplies(supplier_id,product_id) VALUES ('IJ8Bd','gXDBk');
INSERT INTO supplies(supplier_id,product_id) VALUES ('IKrew','h5Ny6');
INSERT INTO supplies(supplier_id,product_id) VALUES ('IMnep','hcTIo');
INSERT INTO supplies(supplier_id,product_id) VALUES ('IPdEe','Hfn6b');
INSERT INTO supplies(supplier_id,product_id) VALUES ('iSB3u','HGpLK');
INSERT INTO supplies(supplier_id,product_id) VALUES ('IWYpw','hHfeP');
INSERT INTO supplies(supplier_id,product_id) VALUES ('J0zsG','hMd1T');
INSERT INTO supplies(supplier_id,product_id) VALUES ('jAML5','hmZUk');
INSERT INTO supplies(supplier_id,product_id) VALUES ('jjtQS','hoTWA');
INSERT INTO supplies(supplier_id,product_id) VALUES ('jWTG1','Hu0hI');
INSERT INTO supplies(supplier_id,product_id) VALUES ('kBEyQ','HViwy');
INSERT INTO supplies(supplier_id,product_id) VALUES ('kjGVO','HYG7n');
INSERT INTO supplies(supplier_id,product_id) VALUES ('KnBUi','IFyJn');
INSERT INTO supplies(supplier_id,product_id) VALUES ('kNNg1','IhdVo');
INSERT INTO supplies(supplier_id,product_id) VALUES ('kNnq0','IlhbD');
INSERT INTO supplies(supplier_id,product_id) VALUES ('KQXFo','IoQET');
INSERT INTO supplies(supplier_id,product_id) VALUES ('krovO','IqG9T');
INSERT INTO supplies(supplier_id,product_id) VALUES ('kXsbZ','iqjEb');
INSERT INTO supplies(supplier_id,product_id) VALUES ('LCVAi','irFLk');
INSERT INTO supplies(supplier_id,product_id) VALUES ('ldtzf','Iwzxr');
INSERT INTO supplies(supplier_id,product_id) VALUES ('LX6AP','iyIjn');
INSERT INTO supplies(supplier_id,product_id) VALUES ('M4yO2','iZLID');
INSERT INTO supplies(supplier_id,product_id) VALUES ('mdfji','j4GQ6');
INSERT INTO supplies(supplier_id,product_id) VALUES ('Mk1n6','jcDsK');
INSERT INTO supplies(supplier_id,product_id) VALUES ('N5yPE','JD2vK');
INSERT INTO supplies(supplier_id,product_id) VALUES ('nfIWB','jEK5h');
INSERT INTO supplies(supplier_id,product_id) VALUES ('o0n5g','JfbyD');
INSERT INTO supplies(supplier_id,product_id) VALUES ('OatOo','jNFbh');
INSERT INTO supplies(supplier_id,product_id) VALUES ('OuK5P','JrERP');
INSERT INTO supplies(supplier_id,product_id) VALUES ('oUwTu','jScm9');
INSERT INTO supplies(supplier_id,product_id) VALUES ('OxeBq','JsMYm');
INSERT INTO supplies(supplier_id,product_id) VALUES ('p3DUx','K1Tm6');
INSERT INTO supplies(supplier_id,product_id) VALUES ('PdC2B','K86Er');
INSERT INTO supplies(supplier_id,product_id) VALUES ('pHMuB','KAFG0');
INSERT INTO supplies(supplier_id,product_id) VALUES ('PivC8','klimt');
INSERT INTO supplies(supplier_id,product_id) VALUES ('pokKi','KuyXp');
INSERT INTO supplies(supplier_id,product_id) VALUES ('Ppw4L','kvoWC');
INSERT INTO supplies(supplier_id,product_id) VALUES ('pumog','L1WIM');
INSERT INTO supplies(supplier_id,product_id) VALUES ('pX9Ec','lIPxf');
INSERT INTO supplies(supplier_id,product_id) VALUES ('PY3bN','lpf0i');
INSERT INTO supplies(supplier_id,product_id) VALUES ('q2TDz','m19Ls');
INSERT INTO supplies(supplier_id,product_id) VALUES ('q3l1V','m1P7O');
INSERT INTO supplies(supplier_id,product_id) VALUES ('qAolP','maX6Z');
INSERT INTO supplies(supplier_id,product_id) VALUES ('QMq3N','mDYmz');
INSERT INTO supplies(supplier_id,product_id) VALUES ('QNA3V','MGg7T');
INSERT INTO supplies(supplier_id,product_id) VALUES ('qQm6b','MI2xC');
INSERT INTO supplies(supplier_id,product_id) VALUES ('qRoMS','mmblg');
INSERT INTO supplies(supplier_id,product_id) VALUES ('QwQKf','MNJJu');
INSERT INTO supplies(supplier_id,product_id) VALUES ('RBN1F','mpNO5');
INSERT INTO supplies(supplier_id,product_id) VALUES ('rdvzB','mSuJT');
INSERT INTO supplies(supplier_id,product_id) VALUES ('rELtu','Mx2WK');
INSERT INTO supplies(supplier_id,product_id) VALUES ('rEWYL','N4Zaa');
INSERT INTO supplies(supplier_id,product_id) VALUES ('RHap1','ncWY0');
INSERT INTO supplies(supplier_id,product_id) VALUES ('RLUbD','nfJlV');
INSERT INTO supplies(supplier_id,product_id) VALUES ('RONdg','nItOT');
INSERT INTO supplies(supplier_id,product_id) VALUES ('RPmVT','NlVvr');
INSERT INTO supplies(supplier_id,product_id) VALUES ('s5obZ','NsHjm');
INSERT INTO supplies(supplier_id,product_id) VALUES ('SAmFU','nW0UC');
INSERT INTO supplies(supplier_id,product_id) VALUES ('sEmTC','NwvtD');
INSERT INTO supplies(supplier_id,product_id) VALUES ('seO0Y','nzxvn');
INSERT INTO supplies(supplier_id,product_id) VALUES ('sGYAI','o4XRG');
INSERT INTO supplies(supplier_id,product_id) VALUES ('slsGd','oCNpy');
INSERT INTO supplies(supplier_id,product_id) VALUES ('sm0wl','OHfX1');
INSERT INTO supplies(supplier_id,product_id) VALUES ('SmClX','OHZyw');
INSERT INTO supplies(supplier_id,product_id) VALUES ('Sp58C','oQCPL');
INSERT INTO supplies(supplier_id,product_id) VALUES ('T8xOf','OtHjx');
INSERT INTO supplies(supplier_id,product_id) VALUES ('tA5s8','oxMFZ');
INSERT INTO supplies(supplier_id,product_id) VALUES ('TcTf3','OZonz');
INSERT INTO supplies(supplier_id,product_id) VALUES ('Td741','P0yTe');
INSERT INTO supplies(supplier_id,product_id) VALUES ('tgqqx','P3xaA');
INSERT INTO supplies(supplier_id,product_id) VALUES ('tHceF','P7CBR');
INSERT INTO supplies(supplier_id,product_id) VALUES ('tIeQU','PoSxK');
INSERT INTO supplies(supplier_id,product_id) VALUES ('TKYhf','Q1Bhp');
INSERT INTO supplies(supplier_id,product_id) VALUES ('tL0Fk','qESIh');
INSERT INTO supplies(supplier_id,product_id) VALUES ('tOrH9','QhxZ5');
INSERT INTO supplies(supplier_id,product_id) VALUES ('tte7L','qmWgn');
INSERT INTO supplies(supplier_id,product_id) VALUES ('tvpvX','QoxQf');
INSERT INTO supplies(supplier_id,product_id) VALUES ('tYwWT','qZ8pj');
INSERT INTO supplies(supplier_id,product_id) VALUES ('U16C9','R56bk');
INSERT INTO supplies(supplier_id,product_id) VALUES ('u1CKq','R5aPR');
INSERT INTO supplies(supplier_id,product_id) VALUES ('u2LA6','r8xyT');
INSERT INTO supplies(supplier_id,product_id) VALUES ('uDGtx','rbUeL');
INSERT INTO supplies(supplier_id,product_id) VALUES ('UPmiI','rfHR6');
INSERT INTO supplies(supplier_id,product_id) VALUES ('uqVkr','rgjFX');
INSERT INTO supplies(supplier_id,product_id) VALUES ('USdFm','rGxlh');
INSERT INTO supplies(supplier_id,product_id) VALUES ('UsxKL','ROsa0');
INSERT INTO supplies(supplier_id,product_id) VALUES ('uT2m9','RvLSw');
INSERT INTO supplies(supplier_id,product_id) VALUES ('UxO9Y','rzzZJ');
INSERT INTO supplies(supplier_id,product_id) VALUES ('UZrcl','SAyRY');
INSERT INTO supplies(supplier_id,product_id) VALUES ('v4fx2','SD15F');
INSERT INTO supplies(supplier_id,product_id) VALUES ('vElf4','SHbyU');
INSERT INTO supplies(supplier_id,product_id) VALUES ('VhSdq','SLywy');
INSERT INTO supplies(supplier_id,product_id) VALUES ('vJ2tB','srZck');
INSERT INTO supplies(supplier_id,product_id) VALUES ('vK6Yb','SVnOi');
INSERT INTO supplies(supplier_id,product_id) VALUES ('vPUo2','SZAe8');
INSERT INTO supplies(supplier_id,product_id) VALUES ('w3MPO','SZPfl');
INSERT INTO supplies(supplier_id,product_id) VALUES ('WFODi','T2H3J');
INSERT INTO supplies(supplier_id,product_id) VALUES ('wJ9FR','T2y60');
INSERT INTO supplies(supplier_id,product_id) VALUES ('WMdam','Tbc5V');
INSERT INTO supplies(supplier_id,product_id) VALUES ('wO2YE','Tczeq');
INSERT INTO supplies(supplier_id,product_id) VALUES ('WOUiT','TIRss');
INSERT INTO supplies(supplier_id,product_id) VALUES ('wqabz','TkYuy');
INSERT INTO supplies(supplier_id,product_id) VALUES ('wxVrc','tq9JJ');
INSERT INTO supplies(supplier_id,product_id) VALUES ('x4pkF','tr9lK');
INSERT INTO supplies(supplier_id,product_id) VALUES ('X7Cus','U4xcm');
INSERT INTO supplies(supplier_id,product_id) VALUES ('x7xTV','Ub1xu');
INSERT INTO supplies(supplier_id,product_id) VALUES ('X9YZZ','Uf1OQ');
INSERT INTO supplies(supplier_id,product_id) VALUES ('xd2rD','UFf1v');
INSERT INTO supplies(supplier_id,product_id) VALUES ('xdc8o','UWtO9');
INSERT INTO supplies(supplier_id,product_id) VALUES ('XDSfD','UyFfO');
INSERT INTO supplies(supplier_id,product_id) VALUES ('xP9nN','Vcy1n');
INSERT INTO supplies(supplier_id,product_id) VALUES ('y4dwD','VNRfG');
INSERT INTO supplies(supplier_id,product_id) VALUES ('YmcoG','vU7Ve');
INSERT INTO supplies(supplier_id,product_id) VALUES ('Ynxn0','vuyw2');
INSERT INTO supplies(supplier_id,product_id) VALUES ('yOGxQ','W2rjo');
INSERT INTO supplies(supplier_id,product_id) VALUES ('yqcFS','weZjQ');
INSERT INTO supplies(supplier_id,product_id) VALUES ('YRv77','WHnGz');
INSERT INTO supplies(supplier_id,product_id) VALUES ('YUyvR','WiboC');
INSERT INTO supplies(supplier_id,product_id) VALUES ('Yzc3C','wiD7L');
INSERT INTO supplies(supplier_id,product_id) VALUES ('ZHyc0','Wiow5');
INSERT INTO supplies(supplier_id,product_id) VALUES ('ZKH7a','wkkOY');
INSERT INTO supplies(supplier_id,product_id) VALUES ('zKMhT','wKSOn');
INSERT INTO supplies(supplier_id,product_id) VALUES ('ZQ9VZ','WmtF2');
INSERT INTO supplies(supplier_id,product_id) VALUES ('ZTTu2','wp4Wa');


--customer
INSERT INTO customer(cust_id,c_name,c_phone,c_address,c_email) VALUES (1,'Clint Thomas','8-445-013-6376','Mr. Clint Thomas, Becklow  649, New York - 8408, Myanmar','Clint_Thomas2241@bungar.biz');
INSERT INTO customer(cust_id,c_name,c_phone,c_address,c_email) VALUES (2,'Denis Newton','0-605-767-3786','Mr. Denis Newton, Carnegie   8613, Zurich - 3042, Solomon Islands','Denis_Newton8221@kideod.biz');
INSERT INTO customer(cust_id,c_name,c_phone,c_address,c_email) VALUES (3,'Kieth Bolton','3-740-582-6383','Mr. Kieth Bolton, Queensberry  5880, Fayetteville - 7281, Australia','Kieth_Bolton6915@ovock.tech');
INSERT INTO customer(cust_id,c_name,c_phone,c_address,c_email) VALUES (4,'Rick Murray','1-373-357-0237','Mr. Rick Murray, Tilloch   1661, Fullerton - 3427, Moldova','Rick_Murray445@infotech44.tech');
INSERT INTO customer(cust_id,c_name,c_phone,c_address,c_email) VALUES (5,'Elijah Stanley','5-467-536-7045','Mr. Elijah Stanley, Belgrave  8958, Valetta - 5271, Australia','Elijah_Stanley4195@bungar.biz');
INSERT INTO customer(cust_id,c_name,c_phone,c_address,c_email) VALUES (6,'Chester Sloan','1-626-814-5670','Mr. Chester Sloan, Burton  6457, Lisbon - 1525, Armenia','Chester_Sloan9390@tonsy.org');
INSERT INTO customer(cust_id,c_name,c_phone,c_address,c_email) VALUES (7,'Nick Stone','6-078-266-5846','Mr. Nick Stone , Coal Wharf  699, Madrid - 1750, Germany','Nick_Stone 4636@extex.org');
INSERT INTO customer(cust_id,c_name,c_phone,c_address,c_email) VALUES (8,'Marvin Murray','7-617-883-7320','Mr. Marvin Murray, Bendall   4795, Laredo - 3421, Angola','Marvin_Murray8222@elnee.tech');
INSERT INTO customer(cust_id,c_name,c_phone,c_address,c_email) VALUES (9,'Sebastian Collis','1-421-767-5838','Mr. Sebastian Collis, Chancellor  673, Rome - 3477, Suriname','Sebastian_Collis4511@sveldo.biz');
INSERT INTO customer(cust_id,c_name,c_phone,c_address,c_email) VALUES (10,'Liam Grady','8-607-134-8463','Mr. Liam Grady, Champion  4609, Miami - 1060, Albania','Liam_Grady7686@nimogy.biz');
INSERT INTO customer(cust_id,c_name,c_phone,c_address,c_email) VALUES (11,'Owen Tait','2-528-703-3180','Mr. Owen Tait, Bendmore  7427, Bucharest - 4623, Iceland','Owen_Tait3455@sheye.org');
INSERT INTO customer(cust_id,c_name,c_phone,c_address,c_email) VALUES (12,'Domenic Lyon','3-306-123-3776','Mr. Domenic Lyon, Elia   7435, Pittsburgh - 0554, Bhutan','Domenic_Lyon3940@liret.org');
INSERT INTO customer(cust_id,c_name,c_phone,c_address,c_email) VALUES (13,'Roger Warden','0-384-542-8735','Mr. Roger Warden, Commercial  9236, Bridgeport - 5387, Zimbabwe','Roger_Warden2552@deavo.com');
INSERT INTO customer(cust_id,c_name,c_phone,c_address,c_email) VALUES (14,'Phillip Huggins','6-170-613-8817','Mr. Phillip Huggins, Adderley   2874, Minneapolis - 4213, Fiji','Phillip_Huggins7337@hourpy.biz');
INSERT INTO customer(cust_id,c_name,c_phone,c_address,c_email) VALUES (15,'Josh Graham','0-217-437-2373','Mr. Josh Graham, Chester      523, Albuquerque - 2277, Brazil','Josh_Graham1530@corti.com');
INSERT INTO customer(cust_id,c_name,c_phone,c_address,c_email) VALUES (16,'Clint Irwin','8-415-384-8267','Mr. Clint Irwin, Oxford 4460, Moreno Valley - 0243, Denmark','Clint_Irwin9609@gmail.com');
INSERT INTO customer(cust_id,c_name,c_phone,c_address,c_email) VALUES (17,'Marvin Graham','3-071-446-5047','Mr. Marvin Graham, Cobden  269, Huntsville - 7552, Bhutan','Marvin_Graham9234@twace.org');
INSERT INTO customer(cust_id,c_name,c_phone,c_address,c_email) VALUES (18,'William Osman','8-814-753-0788','Mr. William Osman, Black Swan  7690, Albuquerque - 1608, Swaziland','William_Osman3426@vetan.org');
INSERT INTO customer(cust_id,c_name,c_phone,c_address,c_email) VALUES (19,'Clint Yard','3-677-725-7354','Mr. Clint Yard, Bolingbroke  2229, Lakewood - 4570, Vietnam','Clint_Yard1461@sheye.org');
INSERT INTO customer(cust_id,c_name,c_phone,c_address,c_email) VALUES (20,'David Gilbert','1-031-324-6347','Mr. David Gilbert, Boldero   9410, Anaheim - 2731, Sudan, South','David_Gilbert6753@iatim.tech');
INSERT INTO customer(cust_id,c_name,c_phone,c_address,c_email) VALUES (21,'Gil Poole','6-734-058-6552','Mr. Gil Poole, Calderwood   9594, Minneapolis - 0766, Sri Lanka','Gil_Poole8917@gmail.com');
INSERT INTO customer(cust_id,c_name,c_phone,c_address,c_email) VALUES (22,'Peter Gunn','2-363-451-3664','Mr. Peter Gunn, Westbourne 3496, Detroit - 8762, Ecuador','Peter_Gunn557@twace.org');
INSERT INTO customer(cust_id,c_name,c_phone,c_address,c_email) VALUES (23,'Mike Button','7-800-428-8662','Mr. Mike Button, Zealand 655, Fayetteville - 1702, Mozambique','Mike_Button8664@iatim.tech');
INSERT INTO customer(cust_id,c_name,c_phone,c_address,c_email) VALUES (24,'Eduardo Seymour','0-651-617-8655','Mr. Eduardo Seymour, Cato   1534, Seattle - 5245, Luxembourg','Eduardo_Seymour6257@gompie.com');
INSERT INTO customer(cust_id,c_name,c_phone,c_address,c_email) VALUES (25,'Barry Pitt','1-118-725-1845','Mr. Barry Pitt, Bermondsey    223, New Orleans - 3353, Trinidad and Tobago','Barry_Pitt964@cispeto.com');
INSERT INTO customer(cust_id,c_name,c_phone,c_address,c_email) VALUES (26,'Josh Hall','5-163-440-3840','Mr. Josh Hall, Caxton  9196, Indianapolis - 0735, Nauru','Josh_Hall3237@kideod.biz');
INSERT INTO customer(cust_id,c_name,c_phone,c_address,c_email) VALUES (27,'David Jenkins','2-017-062-2710','Mr. David Jenkins, Caslon   3894, Wien - 4874, China','David_Jenkins7116@elnee.tech');
INSERT INTO customer(cust_id,c_name,c_phone,c_address,c_email) VALUES (28,'Doug Keys','2-011-716-5123','Mr. Doug Keys, Ampton  8125, Baltimore - 7316, Tuvalu','Doug_Keys2030@famism.biz');
INSERT INTO customer(cust_id,c_name,c_phone,c_address,c_email) VALUES (29,'Ryan Lowe','3-585-473-2475','Mr. Ryan Lowe, Yorkshire  9128, Quebec - 2261, Costa Rica','Ryan_Lowe6779@ubusive.com');
INSERT INTO customer(cust_id,c_name,c_phone,c_address,c_email) VALUES (30,'Boris Mooney','3-285-110-5845','Mr. Boris Mooney, York 6324, Valetta - 0518, Chile','Boris_Mooney7286@nanoff.biz');
INSERT INTO customer(cust_id,c_name,c_phone,c_address,c_email) VALUES (31,'Julian Anderson','8-388-405-1815','Mr. Julian Anderson, Beatty  3102, Otawa - 4314, New Zealand','Julian_Anderson4691@twipet.com');
INSERT INTO customer(cust_id,c_name,c_phone,c_address,c_email) VALUES (32,'Boris Ryan','0-114-810-1417','Mr. Boris Ryan, Blue Anchor  4787, Seattle - 0504, Uganda','Boris_Ryan6062@infotech44.tech');
INSERT INTO customer(cust_id,c_name,c_phone,c_address,c_email) VALUES (33,'Alan Noon','2-872-552-1348','Mr. Alan Noon, Cockspur  9536, Amarillo - 4210, Saint Lucia','Alan_Noon3943@brety.org');
INSERT INTO customer(cust_id,c_name,c_phone,c_address,c_email) VALUES (34,'Roger Drew','7-258-803-7851','Mr. Roger Drew, Blandford  8750, San Diego - 4020, Dominican Republic','Roger_Drew5741@yahoo.com');
INSERT INTO customer(cust_id,c_name,c_phone,c_address,c_email) VALUES (35,'Benny Redfern','2-763-252-6773','Mr. Benny Redfern, Baltic  4792, Seattle - 4562, Finland','Benny_Redfern2959@joiniaa.com');
INSERT INTO customer(cust_id,c_name,c_phone,c_address,c_email) VALUES (36,'George Hunt','3-465-761-8552','Mr. George Hunt, Blake  6690, Wien - 8480, Maldives','George_Hunt8150@bauros.biz');
INSERT INTO customer(cust_id,c_name,c_phone,c_address,c_email) VALUES (37,'Phillip Foxley','0-277-084-1071','Mr. Phillip Foxley, Eaglet  443, Tokyo - 2657, Djibouti','Phillip_Foxley9187@dionrab.com');
INSERT INTO customer(cust_id,c_name,c_phone,c_address,c_email) VALUES (38,'Alan Tindall','6-323-456-0674','Mr. Alan Tindall, Yorkshire  6034, Los Angeles - 7437, Bulgaria','Alan_Tindall3162@kideod.biz');
INSERT INTO customer(cust_id,c_name,c_phone,c_address,c_email) VALUES (39,'Gabriel Hunt','0-085-082-5024','Mr. Gabriel Hunt, Battis   5628, Albuquerque - 4531, Kazakhstan','Gabriel_Hunt9524@gompie.com');
INSERT INTO customer(cust_id,c_name,c_phone,c_address,c_email) VALUES (40,'Carl Marshall','4-522-424-1534','Mr. Carl Marshall, Norland  6913, Honolulu - 1613, Mauritius','Carl_Marshall5592@deavo.com');
INSERT INTO customer(cust_id,c_name,c_phone,c_address,c_email) VALUES (41,'Oliver Edwards','6-063-840-7242','Mr. Oliver Edwards, Cam  5122, Amarillo - 8011, Portugal','Oliver_Edwards7078@sveldo.biz');
INSERT INTO customer(cust_id,c_name,c_phone,c_address,c_email) VALUES (42,'Johnny Ashwell','1-367-666-5762','Mr. Johnny Ashwell, Berry  6721, Charlotte - 4811, Israel','Johnny_Ashwell1583@corti.com');
INSERT INTO customer(cust_id,c_name,c_phone,c_address,c_email) VALUES (43,'Tyson Marshall','4-468-753-3060','Mr. Tyson Marshall, Lincoln 5873, Baltimore - 5346, Bolivia','Tyson_Marshall2474@jiman.org');
INSERT INTO customer(cust_id,c_name,c_phone,c_address,c_email) VALUES (44,'Wade Jennson','6-856-267-2511','Mr. Wade Jennson, Buttonwood 305, Stockton - 8268, Uganda','Wade_Jennson960@extex.org');
INSERT INTO customer(cust_id,c_name,c_phone,c_address,c_email) VALUES (45,'Denny Robe','6-076-020-4606','Mr. Denny Robe, Emden   8102, Lisbon - 2033, Tanzania','Denny_Robe5614@nimogy.biz');
INSERT INTO customer(cust_id,c_name,c_phone,c_address,c_email) VALUES (46,'Owen Larkin','8-443-173-1645','Mr. Owen Larkin, Clyde 5674, Huntsville - 1400, Myanmar','Owen_Larkin1225@nickia.com');
INSERT INTO customer(cust_id,c_name,c_phone,c_address,c_email) VALUES (47,'Eduardo Randall','8-516-305-2806','Mr. Eduardo Randall, Aylward   5863, Salem - 2582, Liechtenstein','Eduardo_Randall3943@mafthy.com');
INSERT INTO customer(cust_id,c_name,c_phone,c_address,c_email) VALUES (48,'Nick Brown','0-632-525-5711','Mr. Nick Brown, Monroe 3132, Louisville - 0654, Oman','Nick_Brown7204@gmail.com');
INSERT INTO customer(cust_id,c_name,c_phone,c_address,c_email) VALUES (49,'Kurt Steer','4-654-137-6333','Mr. Kurt Steer, Canon 3133, San Bernardino - 0724, Georgia','Kurt_Steer1278@atink.com');
INSERT INTO customer(cust_id,c_name,c_phone,c_address,c_email) VALUES (50,'Daniel Watt','6-022-562-5104','Mr. Daniel Watt, Rivervalley 7100, Cincinnati - 2408, Sri Lanka','Daniel_Watt8263@muall.tech');
INSERT INTO customer(cust_id,c_name,c_phone,c_address,c_email) VALUES (51,'Oliver Campbell','7-186-831-5133','Mr. Oliver Campbell, Abbotswell  7166, Otawa - 1581, Yemen','Oliver_Campbell488@naiker.biz');
INSERT INTO customer(cust_id,c_name,c_phone,c_address,c_email) VALUES (52,'Boris Graham','5-058-406-6175','Mr. Boris Graham, Adderley   1516, Oakland - 3372, Pakistan','Boris_Graham7531@fuliss.net');
INSERT INTO customer(cust_id,c_name,c_phone,c_address,c_email) VALUES (53,'Sebastian Grey','2-602-004-2822','Mr. Sebastian Grey, West 6841, Minneapolis - 5738, Switzerland','Sebastian_Grey8288@nimogy.biz');
INSERT INTO customer(cust_id,c_name,c_phone,c_address,c_email) VALUES (54,'Rufus Harris','6-823-056-3822','Mr. Rufus Harris, Angela   438, Prague - 0087, Liberia','Rufus_Harris8526@vetan.org');
INSERT INTO customer(cust_id,c_name,c_phone,c_address,c_email) VALUES (55,'Anthony Knight','8-631-040-4231','Mr. Anthony Knight, Chart   8561, Otawa - 5073, Fiji','Anthony_Knight9050@gmail.com');
INSERT INTO customer(cust_id,c_name,c_phone,c_address,c_email) VALUES (56,'Ethan Wright','6-681-106-2618','Mr. Ethan Wright, Tilloch   9102, Houston - 2115, Costa Rica','Ethan_Wright7262@liret.org');
INSERT INTO customer(cust_id,c_name,c_phone,c_address,c_email) VALUES (57,'Tony Tindall','7-778-753-2027','Mr. Tony Tindall, Union  959, Long Beach - 3816, Finland','Tony_Tindall2516@sheye.org');
INSERT INTO customer(cust_id,c_name,c_phone,c_address,c_email) VALUES (58,'Martin Bowen','6-154-345-7232','Mr. Martin Bowen, Walnut 8873, Tulsa - 5025, Moldova','Martin_Bowen1722@bauros.biz');
INSERT INTO customer(cust_id,c_name,c_phone,c_address,c_email) VALUES (59,'Daron Porter','6-033-508-1103','Mr. Daron Porter, Paris   6312, Houston - 2216, Palau','Daron_Porter3666@mafthy.com');
INSERT INTO customer(cust_id,c_name,c_phone,c_address,c_email) VALUES (60,'Maxwell Murphy','1-426-580-3254','Mr. Maxwell Murphy, Chalcot  7333, Seattle - 2727, Iceland','Maxwell_Murphy8751@gmail.com');
INSERT INTO customer(cust_id,c_name,c_phone,c_address,c_email) VALUES (61,'Alexander Stanley','7-532-817-1234','Mr. Alexander Stanley, Elgood   5924, Toledo - 3338, Romania','Alexander_Stanley1173@ovock.tech');
INSERT INTO customer(cust_id,c_name,c_phone,c_address,c_email) VALUES (62,'Denny Baldwin','4-340-277-3063','Mr. Denny Baldwin, Berriman  3969, Madison - 5813, Togo','Denny_Baldwin6760@joiniaa.com');
INSERT INTO customer(cust_id,c_name,c_phone,c_address,c_email) VALUES (63,'Julian Gunn','4-854-481-0437','Mr. Julian Gunn, Blackheath  9675, San Diego - 6137, Mexico','Julian_Gunn7080@liret.org');
INSERT INTO customer(cust_id,c_name,c_phone,c_address,c_email) VALUES (64,'Caleb Lewin','1-704-016-6267','Mr. Caleb Lewin, Monroe 5388, Glendale - 1550, Brunei','Caleb_Lewin2671@hourpy.biz');
INSERT INTO customer(cust_id,c_name,c_phone,c_address,c_email) VALUES (65,'Erick Jordan','4-068-028-1730','Mr. Erick Jordan, Bayberry 4281, Memphis - 0571, Bolivia','Erick_Jordan5293@bretoux.com');
INSERT INTO customer(cust_id,c_name,c_phone,c_address,c_email) VALUES (66,'Matt Bryant','0-587-325-2350','Mr. Matt Bryant, Longleigh   2554, Madison - 8001, Ghana','Matt_Bryant9769@deons.tech');
INSERT INTO customer(cust_id,c_name,c_phone,c_address,c_email) VALUES (67,'Abdul Rogers','5-081-511-6386','Mr. Abdul Rogers, Belmore  4938, Tokyo - 4817, Canada','Abdul_Rogers1269@bungar.biz');
INSERT INTO customer(cust_id,c_name,c_phone,c_address,c_email) VALUES (68,'Matthew Dale','4-252-583-1262','Mr. Matthew Dale, Chestnut  7441, Orlando - 7122, Samoa','Matthew_Dale9724@sheye.org');
INSERT INTO customer(cust_id,c_name,c_phone,c_address,c_email) VALUES (69,'Carl Walsh','0-835-463-1317','Mr. Carl Walsh, Andsell    8254, Hollywood - 2686, Uzbekistan','Carl_Walsh8058@typill.biz');
INSERT INTO customer(cust_id,c_name,c_phone,c_address,c_email) VALUES (70,'Denny Henderson','8-528-767-4840','Mr. Denny Henderson, Bedford  8193, Ontario - 7365, Dominica','Denny_Henderson2991@deavo.com');
INSERT INTO customer(cust_id,c_name,c_phone,c_address,c_email) VALUES (71,'Daron Allen','2-773-424-0240','Mr. Daron Allen, King William  5856, Valetta - 0042, Bulgaria','Daron_Allen2504@deons.tech');
INSERT INTO customer(cust_id,c_name,c_phone,c_address,c_email) VALUES (72,'Martin Broomfield','3-076-021-8448','Mr. Martin Broomfield, Blackheath  5243, Long Beach - 4032, Norway','Martin_Broomfield7132@nanoff.biz');
INSERT INTO customer(cust_id,c_name,c_phone,c_address,c_email) VALUES (73,'Elijah Cooper','2-113-215-1401','Mr. Elijah Cooper, Linden 2161, Garland - 8170, China','Elijah_Cooper665@guentu.biz');
INSERT INTO customer(cust_id,c_name,c_phone,c_address,c_email) VALUES (74,'Eduardo York','2-675-118-5160','Mr. Eduardo York, Norfolk  1857, Valetta - 2753, Guinea','Eduardo_York8165@deavo.com');
INSERT INTO customer(cust_id,c_name,c_phone,c_address,c_email) VALUES (75,'Kieth Pierce','4-316-432-2803','Mr. Kieth Pierce, Fair 4218, Charlotte - 2114, Iraq','Kieth_Pierce51@gompie.com');
INSERT INTO customer(cust_id,c_name,c_phone,c_address,c_email) VALUES (76,'Martin Lowe','2-246-544-7457','Mr. Martin Lowe, Bennett  6266, Seattle - 6551, Malta','Martin_Lowe5519@jiman.org');
INSERT INTO customer(cust_id,c_name,c_phone,c_address,c_email) VALUES (77,'Aiden Wooldridge','6-466-086-4420','Mr. Aiden Wooldridge, Cleveland  3758, Madison - 8787, Georgia','Aiden_Wooldridge4665@eirey.tech');
INSERT INTO customer(cust_id,c_name,c_phone,c_address,c_email) VALUES (78,'Roger Nelson','3-845-581-0788','Mr. Roger Nelson, Elystan  4756, Bridgeport - 0223, United Kingdom','Roger_Nelson719@atink.com');
INSERT INTO customer(cust_id,c_name,c_phone,c_address,c_email) VALUES (79,'Johnathan Glass','6-233-440-5160','Mr. Johnathan Glass, Bacton   9193, St. Louis - 8564, China','Johnathan_Glass845@brety.org');
INSERT INTO customer(cust_id,c_name,c_phone,c_address,c_email) VALUES (80,'Javier Powell','1-817-315-6586','Mr. Javier Powell, Abourne   3634, Berna - 8186, Costa Rica','Javier_Powell8403@irrepsy.com');
INSERT INTO customer(cust_id,c_name,c_phone,c_address,c_email) VALUES (81,'Tyler Gibson','3-471-886-1324','Mr. Tyler Gibson, Armory  7654, Murfreesboro - 3428, Panama','Tyler_Gibson802@extex.org');
INSERT INTO customer(cust_id,c_name,c_phone,c_address,c_email) VALUES (82,'William Allen','8-664-164-1306','Mr. William Allen, St. Johs  6073, Quebec - 8520, Mauritania','William_Allen1227@acrit.org');
INSERT INTO customer(cust_id,c_name,c_phone,c_address,c_email) VALUES (83,'Alan Farrant','3-233-231-6601','Mr. Alan Farrant, Collins  2698, Scottsdale - 8646, Belarus','Alan_Farrant5229@ovock.tech');
INSERT INTO customer(cust_id,c_name,c_phone,c_address,c_email) VALUES (84,'Anthony Vernon','3-621-345-4274','Mr. Anthony Vernon, Erindale 691, Scottsdale - 5174, Uganda','Anthony_Vernon8986@yahoo.com');
INSERT INTO customer(cust_id,c_name,c_phone,c_address,c_email) VALUES (85,'Chris Uddin','3-834-635-4685','Mr. Chris Uddin, Earl Rise 3174, Tulsa - 5424, Micronesia','Chris_Uddin9183@dionrab.com');
INSERT INTO customer(cust_id,c_name,c_phone,c_address,c_email) VALUES (86,'Ethan Armstrong','3-101-737-6105','Mr. Ethan Armstrong, Bishop   6090, Springfield - 7581, Moldova','Ethan_Armstrong7384@irrepsy.com');
INSERT INTO customer(cust_id,c_name,c_phone,c_address,c_email) VALUES (87,'Doug Edler','3-643-024-2222','Mr. Doug Edler, Glenwood 9129, Oklahoma City - 7142, Mali','Doug_Edler4197@elnee.tech');
INSERT INTO customer(cust_id,c_name,c_phone,c_address,c_email) VALUES (88,'Bart Vinton','2-112-385-1735','Mr. Bart Vinton, Andrews  1817, Phoenix - 1862, Central African Republic','Bart_Vinton3477@eirey.tech');
INSERT INTO customer(cust_id,c_name,c_phone,c_address,c_email) VALUES (89,'Mason Rowlands','5-010-780-4061','Mr. Mason Rowlands, Chatsworth  9186, Seattle - 6344, Ethiopia','Mason_Rowlands5431@deavo.com');
INSERT INTO customer(cust_id,c_name,c_phone,c_address,c_email) VALUES (90,'Martin Davies','4-638-800-4178','Mr. Martin Davies, Birkin   418, Valetta - 5724, Papua New Guinea','Martin_Davies8515@guentu.biz');
INSERT INTO customer(cust_id,c_name,c_phone,c_address,c_email) VALUES (91,'Tom Stuart','8-647-486-5222','Mr. Tom Stuart, Queen 1722, Anaheim - 1671, Taiwan','Tom_Stuart3009@bretoux.com');
INSERT INTO customer(cust_id,c_name,c_phone,c_address,c_email) VALUES (92,'Percy Pope','6-361-857-3382','Mr. Percy Pope, Arline    6600, Philadelphia - 1766, Algeria','Percy_Pope9260@twipet.com');
INSERT INTO customer(cust_id,c_name,c_phone,c_address,c_email) VALUES (93,'Liam Avery','0-064-162-3474','Mr. Liam Avery, Ayres   4342, Pittsburgh - 3212, Jamaica','Liam_Avery5455@fuliss.net');
INSERT INTO customer(cust_id,c_name,c_phone,c_address,c_email) VALUES (94,'Brad Hill','4-560-332-8775','Mr. Brad Hill, Callcott   2590, Memphis - 8117, Vatican City','Brad_Hill1362@supunk.biz');
INSERT INTO customer(cust_id,c_name,c_phone,c_address,c_email) VALUES (95,'Bart Groves','6-184-708-3161','Mr. Bart Groves, Chalcot  1979, Indianapolis - 2055, Micronesia','Bart_Groves2164@twipet.com');
INSERT INTO customer(cust_id,c_name,c_phone,c_address,c_email) VALUES (96,'Chuck Stone','3-738-102-5252','Mr. Chuck Stone , Duthie   9728, Oakland - 6775, Central African Republic','Chuck_Stone 3475@naiker.biz');
INSERT INTO customer(cust_id,c_name,c_phone,c_address,c_email) VALUES (97,'Domenic Flack','0-658-432-8132','Mr. Domenic Flack, Bayberry 9603, Omaha - 7804, Andorra','Domenic_Flack9033@bauros.biz');
INSERT INTO customer(cust_id,c_name,c_phone,c_address,c_email) VALUES (98,'Eduardo Weatcroft','3-427-057-8713','Mr. Eduardo Weatcroft, Arline    8689, Jersey City - 8314, Myanmar','Eduardo_Weatcroft1152@bretoux.com');
INSERT INTO customer(cust_id,c_name,c_phone,c_address,c_email) VALUES (99,'Gabriel Mills','3-641-120-6408','Mr. Gabriel Mills, Ernest  2020, Detroit - 4557, Saint Kitts and Nevis','Gabriel_Mills2339@gembat.biz');
INSERT INTO customer(cust_id,c_name,c_phone,c_address,c_email) VALUES (100,'Mark Driscoll','4-514-205-2457','Mr. Mark Driscoll, Aspen 6355, Philadelphia - 2727, Germany','Mark_Driscoll210@bretoux.com');
INSERT INTO customer(cust_id,c_name,c_phone,c_address,c_email) VALUES (101,'Julius Miller','4-507-014-1066','Mr. Julius Miller, Clavell   1452, Amarillo - 2655, Denmark','Julius_Miller1280@guentu.biz');
INSERT INTO customer(cust_id,c_name,c_phone,c_address,c_email) VALUES (102,'Tom Shea','3-838-115-3574','Mr. Tom Shea, Dunstans  4476, Indianapolis - 2168, Canada','Tom_Shea2857@nickia.com');
INSERT INTO customer(cust_id,c_name,c_phone,c_address,c_email) VALUES (103,'Josh Spencer','2-636-755-0761','Mr. Josh Spencer, Parkfields 8673, New Orleans - 0452, Dominican Republic','Josh_Spencer6267@eirey.tech');
INSERT INTO customer(cust_id,c_name,c_phone,c_address,c_email) VALUES (104,'Chester Newman','8-106-567-4774','Mr. Chester Newman, Hampden  7454, Kansas City - 7456, Morocco','Chester_Newman1396@extex.org');
INSERT INTO customer(cust_id,c_name,c_phone,c_address,c_email) VALUES (105,'Domenic Khan','6-073-405-1073','Mr. Domenic Khan, King Edward  2014, Lincoln - 3620, Egypt','Domenic_Khan7012@naiker.biz');
INSERT INTO customer(cust_id,c_name,c_phone,c_address,c_email) VALUES (106,'Percy Olivier','0-638-483-6585','Mr. Percy Olivier, Ellerslie 4121, Colorado Springs - 7167, Malaysia','Percy_Olivier3201@gembat.biz');
INSERT INTO customer(cust_id,c_name,c_phone,c_address,c_email) VALUES (107,'Ron Dempsey','3-572-481-6733','Mr. Ron Dempsey, King William  5142, Charlotte - 0762, Croatia','Ron_Dempsey3361@muall.tech');
INSERT INTO customer(cust_id,c_name,c_phone,c_address,c_email) VALUES (108,'Sebastian Farrant','5-003-272-6002','Mr. Sebastian Farrant, Jackson 1232, Huntsville - 4320, Armenia','Sebastian_Farrant6922@qater.org');
INSERT INTO customer(cust_id,c_name,c_phone,c_address,c_email) VALUES (109,'Tom Bristow','4-402-476-5078','Mr. Tom Bristow, Emily  4691, Milano - 1313, Panama','Tom_Bristow5382@joiniaa.com');
INSERT INTO customer(cust_id,c_name,c_phone,c_address,c_email) VALUES (110,'Chadwick Rose','8-377-467-0673','Mr. Chadwick Rose, Thurloe   5799, St. Louis - 5832, Sri Lanka','Chadwick_Rose4312@famism.biz');
INSERT INTO customer(cust_id,c_name,c_phone,c_address,c_email) VALUES (111,'George Brennan','2-662-107-6343','Mr. George Brennan, Tilson  5223, Denver - 0855, Seychelles','George_Brennan9190@infotech44.tech');
INSERT INTO customer(cust_id,c_name,c_phone,c_address,c_email) VALUES (112,'Percy Mccall','4-033-485-2520','Mr. Percy Mccall, Tiptree   5528, Otawa - 5400, Mali','Percy_Mccall7111@twipet.com');
INSERT INTO customer(cust_id,c_name,c_phone,c_address,c_email) VALUES (113,'Barney Cooper','3-314-320-5250','Mr. Barney Cooper, East 9575, Columbus - 7402, Saudi Arabia','Barney_Cooper9108@liret.org');
INSERT INTO customer(cust_id,c_name,c_phone,c_address,c_email) VALUES (114,'Doug Vaughan','4-841-322-2204','Mr. Doug Vaughan, Chart   2708, Hollywood - 8448, Cameroon','Doug_Vaughan1134@deons.tech');
INSERT INTO customer(cust_id,c_name,c_phone,c_address,c_email) VALUES (115,'Chad Nurton','1-150-012-1883','Mr. Chad Nurton, Udall   9224, Washington - 7108, Djibouti','Chad_Nurton4403@nimogy.biz');
INSERT INTO customer(cust_id,c_name,c_phone,c_address,c_email) VALUES (116,'Leroy Coleman','4-602-337-0110','Mr. Leroy Coleman, Badric  2267, San Antonio - 1273, Kosovo','Leroy_Coleman4737@fuliss.net');
INSERT INTO customer(cust_id,c_name,c_phone,c_address,c_email) VALUES (117,'Owen Samuel','8-013-543-2854','Mr. Owen Samuel, Billing  6229, Rome - 5326, Iraq','Owen_Samuel1860@bulaffy.com');
INSERT INTO customer(cust_id,c_name,c_phone,c_address,c_email) VALUES (118,'Tony Chapman','1-735-531-4433','Mr. Tony Chapman, Arline    5812, Pittsburgh - 5235, Lesotho','Tony_Chapman9784@gmail.com');
INSERT INTO customer(cust_id,c_name,c_phone,c_address,c_email) VALUES (119,'Denis Vaughn','0-673-501-0435','Mr. Denis Vaughn, Erindale 3011, Kansas City - 3631, Andorra','Denis_Vaughn9041@nickia.com');
INSERT INTO customer(cust_id,c_name,c_phone,c_address,c_email) VALUES (120,'Henry Snell','7-427-875-5546','Mr. Henry Snell, Ernest  8764, Louisville - 1521, Malawi','Henry_Snell6637@muall.tech');
INSERT INTO customer(cust_id,c_name,c_phone,c_address,c_email) VALUES (121,'Nathan Mackenzie','2-006-130-6664','Mr. Nathan Mackenzie, Parkfields 5840, Omaha - 8306, Iran','Nathan_Mackenzie379@muall.tech');
INSERT INTO customer(cust_id,c_name,c_phone,c_address,c_email) VALUES (122,'Abdul Walsh','2-340-824-7767','Mr. Abdul Walsh, Eldon  4677, Bellevue - 5531, Bulgaria','Abdul_Walsh2555@kideod.biz');
INSERT INTO customer(cust_id,c_name,c_phone,c_address,c_email) VALUES (123,'Benjamin Flack','2-527-854-2678','Mr. Benjamin Flack, Cave   7242, New Orleans - 8038, Greece','Benjamin_Flack3579@corti.com');
INSERT INTO customer(cust_id,c_name,c_phone,c_address,c_email) VALUES (124,'Logan Jarrett','4-237-676-7865','Mr. Logan Jarrett, Maple 9034, Toledo - 2325, Chile','Logan_Jarrett9737@typill.biz');
INSERT INTO customer(cust_id,c_name,c_phone,c_address,c_email) VALUES (125,'Ryan Wilkinson','1-067-678-6843','Mr. Ryan Wilkinson, Udall   9266, Wien - 2670, Austria','Ryan_Wilkinson7927@yahoo.com');
INSERT INTO customer(cust_id,c_name,c_phone,c_address,c_email) VALUES (126,'Harvey Whitehouse','0-203-865-7746','Mr. Harvey Whitehouse, Gavel   1773, Charlotte - 6414, Greece','Harvey_Whitehouse802@bulaffy.com');
INSERT INTO customer(cust_id,c_name,c_phone,c_address,c_email) VALUES (127,'Bob Morrison','2-856-115-8364','Mr. Bob Morrison, King Edward  9268, Colorado Springs - 6353, Jamaica','Bob_Morrison2340@sheye.org');
INSERT INTO customer(cust_id,c_name,c_phone,c_address,c_email) VALUES (128,'Barney Donovan','2-800-308-4366','Mr. Barney Donovan, Elf  7115, San Francisco - 1054, Bhutan','Barney_Donovan7070@twace.org');
INSERT INTO customer(cust_id,c_name,c_phone,c_address,c_email) VALUES (129,'Mason Mcgee','6-381-642-5472','Mr. Mason Mcgee, Blandford  9791, Fremont - 5481, Djibouti','Mason_Mcgee8601@bretoux.com');
INSERT INTO customer(cust_id,c_name,c_phone,c_address,c_email) VALUES (130,'Gabriel Clifford','1-116-416-3066','Mr. Gabriel Clifford, King William  6947, Garland - 3357, Egypt','Gabriel_Clifford5073@nanoff.biz');
INSERT INTO customer(cust_id,c_name,c_phone,c_address,c_email) VALUES (131,'Rocco Bowen','1-205-134-8042','Mr. Rocco Bowen, Howard 9618, Dallas - 4272, United Arab Emirates','Rocco_Bowen6097@liret.org');
INSERT INTO customer(cust_id,c_name,c_phone,c_address,c_email) VALUES (132,'Josh Powell','4-688-604-3828','Mr. Josh Powell, Ely  9643, Zurich - 2121, Bahrain','Josh_Powell2753@cispeto.com');
INSERT INTO customer(cust_id,c_name,c_phone,c_address,c_email) VALUES (133,'Sebastian Ryan','2-338-100-1856','Mr. Sebastian Ryan, Timber   3230, New Orleans - 6676, Brunei','Sebastian_Ryan8430@cispeto.com');
INSERT INTO customer(cust_id,c_name,c_phone,c_address,c_email) VALUES (134,'Cedrick Sherry','4-807-300-6345','Mr. Cedrick Sherry, Monroe 8412, Escondido - 8573, Lebanon','Cedrick_Sherry7206@atink.com');
INSERT INTO customer(cust_id,c_name,c_phone,c_address,c_email) VALUES (135,'Rick Dunbar','4-585-665-4250','Mr. Rick Dunbar, Blenkarne  4733, Saint Paul - 6757, Paraguay','Rick_Dunbar5514@twipet.com');
INSERT INTO customer(cust_id,c_name,c_phone,c_address,c_email) VALUES (136,'Nathan Sherwood','2-542-830-4573','Mr. Nathan Sherwood, Elystan  6921, Los Angeles - 0611, Montenegro','Nathan_Sherwood9962@ubusive.com');
INSERT INTO customer(cust_id,c_name,c_phone,c_address,c_email) VALUES (137,'Abdul Jobson','8-506-625-5730','Mr. Abdul Jobson, Clerkenwell 4008, St. Louis - 8455, Morocco','Abdul_Jobson6474@muall.tech');
INSERT INTO customer(cust_id,c_name,c_phone,c_address,c_email) VALUES (138,'Tony Coll','7-171-682-6286','Mr. Tony Coll, Thrale   9066, Lancaster - 6322, Gabon','Tony_Coll9706@corti.com');
INSERT INTO customer(cust_id,c_name,c_phone,c_address,c_email) VALUES (139,'Cedrick Pope','4-674-226-8770','Mr. Cedrick Pope, St. Pauls  1449, Milano - 7383, Madagascar','Cedrick_Pope102@sheye.org');
INSERT INTO customer(cust_id,c_name,c_phone,c_address,c_email) VALUES (140,'Ramon Ogilvy','1-354-723-8722','Mr. Ramon Ogilvy, Coal Wharf  9315, Oakland - 0070, Eritrea','Ramon_Ogilvy9321@ovock.tech');
INSERT INTO customer(cust_id,c_name,c_phone,c_address,c_email) VALUES (141,'Abdul Chapman','5-422-268-7008','Mr. Abdul Chapman, Vintners  41, Tulsa - 5758, Nigeria','Abdul_Chapman3069@eirey.tech');
INSERT INTO customer(cust_id,c_name,c_phone,c_address,c_email) VALUES (142,'Danny Oswald','8-864-421-7527','Mr. Danny Oswald, Victorian  6077, Murfreesboro - 2607, Peru','Danny_Oswald9161@mafthy.com');
INSERT INTO customer(cust_id,c_name,c_phone,c_address,c_email) VALUES (143,'Peter Tanner','0-324-524-5727','Mr. Peter Tanner, Bletchley   5135, Glendale - 6276, Malaysia','Peter_Tanner5396@jiman.org');
INSERT INTO customer(cust_id,c_name,c_phone,c_address,c_email) VALUES (144,'Domenic Nielson','5-118-530-1548','Mr. Domenic Nielson, King Edward  42, Hollywood - 2472, Zambia','Domenic_Nielson9776@gmail.com');
INSERT INTO customer(cust_id,c_name,c_phone,c_address,c_email) VALUES (145,'Ramon Bell','5-616-273-7481','Mr. Ramon Bell, Belfort  1646, Huntsville - 6060, Latvia','Ramon_Bell7581@bungar.biz');
INSERT INTO customer(cust_id,c_name,c_phone,c_address,c_email) VALUES (146,'Fred Connell','0-466-025-2786','Mr. Fred Connell, Blake  3101, Reno - 5170, Congo, Republic of the','Fred_Connell9729@hourpy.biz');
INSERT INTO customer(cust_id,c_name,c_phone,c_address,c_email) VALUES (147,'Nathan Wilkinson','8-640-267-3222','Mr. Nathan Wilkinson, Elystan  5064, Oakland - 4071, Montenegro','Nathan_Wilkinson8673@gompie.com');
INSERT INTO customer(cust_id,c_name,c_phone,c_address,c_email) VALUES (148,'Mark Hunt','5-177-417-2605','Mr. Mark Hunt, Elystan  5890, Innsbruck - 7420, Croatia','Mark_Hunt9548@infotech44.tech');
INSERT INTO customer(cust_id,c_name,c_phone,c_address,c_email) VALUES (149,'Nate Talbot','8-041-032-2655','Mr. Nate Talbot, Clifton  7378, Salt Lake City - 4233, Switzerland','Nate_Talbot4771@bungar.biz');
INSERT INTO customer(cust_id,c_name,c_phone,c_address,c_email) VALUES (150,'Anthony Ashwell','3-238-357-4451','Mr. Anthony Ashwell, Dunstable   6394, Prague - 2738, Dominica','Anthony_Ashwell8848@zorer.org');
INSERT INTO customer(cust_id,c_name,c_phone,c_address,c_email) VALUES (151,'Daniel Warren','5-481-787-4660','Mr. Daniel Warren, Belgrave  3992, Lyon - 7401, Syria','Daniel_Warren1472@twace.org');
INSERT INTO customer(cust_id,c_name,c_phone,c_address,c_email) VALUES (152,'Mason Ring','6-422-447-4060','Mr. Mason Ring, Cleaver 7001, Bridgeport - 2748, Sudan, South','Mason_Ring3845@kideod.biz');
INSERT INTO customer(cust_id,c_name,c_phone,c_address,c_email) VALUES (153,'Daniel Whatson','3-738-646-2313','Mr. Daniel Whatson, Blean   2202, Henderson - 2436, Thailand','Daniel_Whatson8817@tonsy.org');
INSERT INTO customer(cust_id,c_name,c_phone,c_address,c_email) VALUES (154,'Peter Turner','2-678-324-3406','Mr. Peter Turner, Bayberry 2516, Innsbruck - 3684, Morocco','Peter_Turner7624@nimogy.biz');
INSERT INTO customer(cust_id,c_name,c_phone,c_address,c_email) VALUES (155,'Denis Redden','8-028-814-8247','Mr. Denis Redden, Belmore  9435, Amarillo - 8161, Myanmar','Denis_Redden8947@infotech44.tech');
INSERT INTO customer(cust_id,c_name,c_phone,c_address,c_email) VALUES (156,'Jack Saunders','1-272-753-8541','Mr. Jack Saunders, Charnwood   5334, Honolulu - 1417, Sudan','Jack_Saunders3955@joiniaa.com');
INSERT INTO customer(cust_id,c_name,c_phone,c_address,c_email) VALUES (157,'Harry Hill','5-813-488-8368','Mr. Harry Hill, Beatty  4286, San Bernardino - 3863, Niger','Harry_Hill6815@naiker.biz');
INSERT INTO customer(cust_id,c_name,c_phone,c_address,c_email) VALUES (158,'Wade Ventura','3-720-173-1825','Mr. Wade Ventura, Bellenden  395, Scottsdale - 1287, Kuwait','Wade_Ventura4888@naiker.biz');
INSERT INTO customer(cust_id,c_name,c_phone,c_address,c_email) VALUES (159,'Eduardo Hamilton','3-647-577-8101','Mr. Eduardo Hamilton, Falconberg   2399, Las Vegas - 5461, Zimbabwe','Eduardo_Hamilton565@joiniaa.com');
INSERT INTO customer(cust_id,c_name,c_phone,c_address,c_email) VALUES (160,'Alexander Lee','3-732-650-3860','Mr. Alexander Lee, Argyle  2766, Oklahoma City - 6338, Kyrgyzstan','Alexander_Lee4838@elnee.tech');
INSERT INTO customer(cust_id,c_name,c_phone,c_address,c_email) VALUES (161,'Harvey Mcleod','8-056-800-6128','Mr. Harvey Mcleod, Victoria  4631, Indianapolis - 0284, Mali','Harvey_Mcleod7420@sveldo.biz');
INSERT INTO customer(cust_id,c_name,c_phone,c_address,c_email) VALUES (162,'Benjamin Weasley','5-063-181-5765','Mr. Benjamin Weasley, Marina  9602, Prague - 0128, Senegal','Benjamin_Weasley3009@bauros.biz');
INSERT INTO customer(cust_id,c_name,c_phone,c_address,c_email) VALUES (163,'Clint Jones','1-428-675-8138','Mr. Clint Jones, Beaumont  95, Minneapolis - 7876, Uganda','Clint_Jones6453@mafthy.com');
INSERT INTO customer(cust_id,c_name,c_phone,c_address,c_email) VALUES (164,'Matthew Boyle','5-740-181-1084','Mr. Matthew Boyle, Cobden  1189, Lakewood - 0445, Niger','Matthew_Boyle6799@typill.biz');
INSERT INTO customer(cust_id,c_name,c_phone,c_address,c_email) VALUES (165,'Phillip Roscoe','3-716-654-4000','Mr. Phillip Roscoe, Thoresby   201, Orlando - 6120, Kiribati','Phillip_Roscoe9363@jiman.org');
INSERT INTO customer(cust_id,c_name,c_phone,c_address,c_email) VALUES (166,'Alexander Moore','1-038-175-7270','Mr. Alexander Moore, Rosewood 3155, San Francisco - 8350, Saint Lucia','Alexander_Moore9194@cispeto.com');
INSERT INTO customer(cust_id,c_name,c_phone,c_address,c_email) VALUES (167,'Marvin Moore','4-416-711-3744','Mr. Marvin Moore, Castile  8473, Jersey City - 3252, Russia','Marvin_Moore7816@muall.tech');
INSERT INTO customer(cust_id,c_name,c_phone,c_address,c_email) VALUES (168,'Julius Jarrett','4-668-865-2862','Mr. Julius Jarrett, Caedmon  5359, Sacramento - 7557, Congo, Republic of the','Julius_Jarrett7888@zorer.org');
INSERT INTO customer(cust_id,c_name,c_phone,c_address,c_email) VALUES (169,'Erick Knight','5-826-275-4724','Mr. Erick Knight, Bury  9800, Portland - 8851, Malta','Erick_Knight9068@eirey.tech');
INSERT INTO customer(cust_id,c_name,c_phone,c_address,c_email) VALUES (170,'Ryan Shaw','1-017-158-7426','Mr. Ryan Shaw, Arundel   6961, Santa Ana - 6812, Azerbaijan','Ryan_Shaw4061@twipet.com');
INSERT INTO customer(cust_id,c_name,c_phone,c_address,c_email) VALUES (171,'Doug Ward','7-257-537-6007','Mr. Doug Ward, Liverpool  6623, Columbus - 4576, Malawi','Doug_Ward5228@supunk.biz');
INSERT INTO customer(cust_id,c_name,c_phone,c_address,c_email) VALUES (172,'Nathan Hale','8-073-173-1723','Mr. Nathan Hale, Blore  9009, El Paso - 8645, Mauritania','Nathan_Hale2904@ubusive.com');
INSERT INTO customer(cust_id,c_name,c_phone,c_address,c_email) VALUES (173,'Mason Greenwood','7-388-343-1553','Mr. Mason Greenwood, East 9035, Tallahassee - 4163, Australia','Mason_Greenwood1996@womeona.net');
INSERT INTO customer(cust_id,c_name,c_phone,c_address,c_email) VALUES (174,'Alexander Saunders','7-824-854-1633','Mr. Alexander Saunders, Chelsea Manor  4447, Hayward - 0142, Rwanda','Alexander_Saunders8446@supunk.biz');
INSERT INTO customer(cust_id,c_name,c_phone,c_address,c_email) VALUES (175,'Nicholas Hammond','0-414-423-0654','Mr. Nicholas Hammond, Kilner   5802, Tokyo - 7854, Saint Lucia','Nicholas_Hammond735@bungar.biz');
INSERT INTO customer(cust_id,c_name,c_phone,c_address,c_email) VALUES (176,'George Shaw','0-062-233-0080','Mr. George Shaw, Shepherds  2541, Tokyo - 8247, Argentina','George_Shaw9864@kideod.biz');
INSERT INTO customer(cust_id,c_name,c_phone,c_address,c_email) VALUES (177,'Barry Funnell','8-784-311-5232','Mr. Barry Funnell, Camera  4348, Laredo - 1066, Malta','Barry_Funnell5952@twipet.com');
INSERT INTO customer(cust_id,c_name,c_phone,c_address,c_email) VALUES (178,'Rufus Sheldon','6-342-151-4535','Mr. Rufus Sheldon, Collingwood  6879, Jacksonville - 7537, Brazil','Rufus_Sheldon2549@womeona.net');
INSERT INTO customer(cust_id,c_name,c_phone,c_address,c_email) VALUES (179,'Mason Vass','8-622-054-4556','Mr. Mason Vass, Bury  868, Portland - 1110, Turkey','Mason_Vass7343@corti.com');
INSERT INTO customer(cust_id,c_name,c_phone,c_address,c_email) VALUES (180,'Cedrick Ross','8-846-512-7127','Mr. Cedrick Ross, Badric  5905, Santa Ana - 1880, El Salvador','Cedrick_Ross1110@twipet.com');
INSERT INTO customer(cust_id,c_name,c_phone,c_address,c_email) VALUES (181,'Ronald Fisher','0-301-346-3006','Mr. Ronald Fisher, Commercial  9374, Madrid - 4817, Nicaragua','Ronald_Fisher2811@bungar.biz');
INSERT INTO customer(cust_id,c_name,c_phone,c_address,c_email) VALUES (182,'Alan Lindop','7-487-055-4157','Mr. Alan Lindop, Linda   7387, Jacksonville - 0414, Seychelles','Alan_Lindop2044@atink.com');
INSERT INTO customer(cust_id,c_name,c_phone,c_address,c_email) VALUES (183,'Danny Lloyd','1-040-217-7658','Mr. Danny Lloyd, Norland  854, Berna - 1453, Belize','Danny_Lloyd2797@tonsy.org');
INSERT INTO customer(cust_id,c_name,c_phone,c_address,c_email) VALUES (184,'Gil Dobson','6-601-154-1375','Mr. Gil Dobson, Hickory Lane 8059, Orlando - 0381, Nepal','Gil_Dobson1865@dionrab.com');
INSERT INTO customer(cust_id,c_name,c_phone,c_address,c_email) VALUES (185,'William Brock','6-461-205-3053','Mr. William Brock, Chesterfield  5708, Charlotte - 4512, Grenada','William_Brock9662@extex.org');
INSERT INTO customer(cust_id,c_name,c_phone,c_address,c_email) VALUES (186,'Josh Nelson','8-122-666-0131','Mr. Josh Nelson, Heritage 685, Santa Ana - 0632, Micronesia','Josh_Nelson2894@muall.tech');
INSERT INTO customer(cust_id,c_name,c_phone,c_address,c_email) VALUES (187,'Sebastian Adams','4-871-866-7527','Mr. Sebastian Adams, Angel  3148, Berlin - 5641, Samoa','Sebastian_Adams7761@vetan.org');
INSERT INTO customer(cust_id,c_name,c_phone,c_address,c_email) VALUES (188,'Chris Broomfield','1-556-227-0826','Mr. Chris Broomfield, Bigland  2233, Pittsburgh - 3836, Nicaragua','Chris_Broomfield7413@muall.tech');
INSERT INTO customer(cust_id,c_name,c_phone,c_address,c_email) VALUES (189,'Nicholas Yang','5-124-487-2271','Mr. Nicholas Yang, Cedarne  4268, Lincoln - 8110, Canada','Nicholas_Yang7879@hourpy.biz');
INSERT INTO customer(cust_id,c_name,c_phone,c_address,c_email) VALUES (190,'Russel Shepherd','7-224-044-2250','Mr. Russel Shepherd, Under  4998, Washington - 7443, Comoros','Russel_Shepherd2967@bulaffy.com');
INSERT INTO customer(cust_id,c_name,c_phone,c_address,c_email) VALUES (191,'Johnathan Wade','5-401-568-7066','Mr. Johnathan Wade, Woodland 2265, Jersey City - 6767, Sweden','Johnathan_Wade4093@grannar.com');
INSERT INTO customer(cust_id,c_name,c_phone,c_address,c_email) VALUES (192,'Joseph Jenkin','2-278-082-5440','Mr. Joseph Jenkin, Camley   6510, San Bernardino - 1647, Cameroon','Joseph_Jenkin2705@deavo.com');
INSERT INTO customer(cust_id,c_name,c_phone,c_address,c_email) VALUES (193,'Hank Veale','4-116-508-2734','Mr. Hank Veale, South 125, Moreno Valley - 3836, Zimbabwe','Hank_Veale2484@nimogy.biz');
INSERT INTO customer(cust_id,c_name,c_phone,c_address,c_email) VALUES (194,'Tom Holmes','5-071-048-5156','Mr. Tom Holmes, Wadham  8480, Tulsa - 0132, Armenia','Tom_Holmes824@guentu.biz');
INSERT INTO customer(cust_id,c_name,c_phone,c_address,c_email) VALUES (195,'Roger Donovan','2-258-461-1888','Mr. Roger Donovan, Yoakley 6988, New York - 4463, Vietnam','Roger_Donovan3376@famism.biz');
INSERT INTO customer(cust_id,c_name,c_phone,c_address,c_email) VALUES (196,'Tony Yard','0-275-664-6861','Mr. Tony Yard, Longman   6120, San Bernardino - 5777, Madagascar','Tony_Yard9421@dionrab.com');
INSERT INTO customer(cust_id,c_name,c_phone,c_address,c_email) VALUES (197,'Johnny Lane','5-110-727-4643','Mr. Johnny Lane, Abourne   3134, Kansas City - 4328, Equatorial Guinea','Johnny_Lane1396@sheye.org');
INSERT INTO customer(cust_id,c_name,c_phone,c_address,c_email) VALUES (198,'Bob Hammond','4-155-285-4604','Mr. Bob Hammond, Bedford  203, Madison - 3781, Trinidad and Tobago','Bob_Hammond3158@liret.org');
INSERT INTO customer(cust_id,c_name,c_phone,c_address,c_email) VALUES (199,'Julius Mcguire','4-765-671-5530','Mr. Julius Mcguire, Cliff  5525, Murfreesboro - 7682, Philippines','Julius_Mcguire1467@naiker.biz');
INSERT INTO customer(cust_id,c_name,c_phone,c_address,c_email) VALUES (200,'Peter Lewis','2-781-025-8461','Mr. Peter Lewis, Falconberg   9506, Albuquerque - 3605, Mongolia','Peter_Lewis2452@bungar.biz');
INSERT INTO customer(cust_id,c_name,c_phone,c_address,c_email) VALUES (201,'Harry Gardner','4-220-865-2248','Mr. Harry Gardner, Fairfield  5253, Bellevue - 4137, Yemen','Harry_Gardner8671@zorer.org');
INSERT INTO customer(cust_id,c_name,c_phone,c_address,c_email) VALUES (202,'William Moss','3-750-034-3458','Mr. William Moss, Cable    5828, Lyon - 5654, Morocco','William_Moss2985@twipet.com');
INSERT INTO customer(cust_id,c_name,c_phone,c_address,c_email) VALUES (203,'Chad Radcliffe','0-442-662-2748','Mr. Chad Radcliffe, Carlisle  2805, Bakersfield - 4688, Canada','Chad_Radcliffe2326@jiman.org');
INSERT INTO customer(cust_id,c_name,c_phone,c_address,c_email) VALUES (204,'Harvey Neville','1-247-802-1207','Mr. Harvey Neville, Yoakley 7525, El Paso - 6800, Bosnia and Herzegovina','Harvey_Neville5769@grannar.com');
INSERT INTO customer(cust_id,c_name,c_phone,c_address,c_email) VALUES (205,'Domenic Bailey','4-242-565-6453','Mr. Domenic Bailey, Wager   9107, Springfield - 5782, Italy','Domenic_Bailey5521@iatim.tech');
INSERT INTO customer(cust_id,c_name,c_phone,c_address,c_email) VALUES (206,'Roger Edmonds','2-176-150-1037','Mr. Roger Edmonds, Chester      6073, Salem - 2261, Iran','Roger_Edmonds9700@cispeto.com');
INSERT INTO customer(cust_id,c_name,c_phone,c_address,c_email) VALUES (207,'Martin Allen','6-501-180-3735','Mr. Martin Allen, Kinglake  2365, Huntsville - 2534, Belgium','Martin_Allen7900@bulaffy.com');
INSERT INTO customer(cust_id,c_name,c_phone,c_address,c_email) VALUES (208,'Bart Dann','2-805-468-1148','Mr. Bart Dann, Blackpool  9301, Orlando - 6311, Jordan','Bart_Dann3737@eirey.tech');
INSERT INTO customer(cust_id,c_name,c_phone,c_address,c_email) VALUES (209,'Leroy Johnson','3-158-673-8178','Mr. Leroy Johnson, Thomas Doyle   2993, Sacramento - 5677, Monaco','Leroy_Johnson2770@nimogy.biz');
INSERT INTO customer(cust_id,c_name,c_phone,c_address,c_email) VALUES (210,'Henry Downing','3-703-504-7315','Mr. Henry Downing, Wakley   4834, Lancaster - 5070, Papua New Guinea','Henry_Downing6036@cispeto.com');
INSERT INTO customer(cust_id,c_name,c_phone,c_address,c_email) VALUES (211,'George Grant','6-462-856-5020','Mr. George Grant, Enford   5327, Colorado Springs - 4241, Djibouti','George_Grant2950@womeona.net');
INSERT INTO customer(cust_id,c_name,c_phone,c_address,c_email) VALUES (212,'Javier Quinn','1-835-388-4385','Mr. Javier Quinn, Wager   4149, Oklahoma City - 7611, Bangladesh','Javier_Quinn3385@grannar.com');
INSERT INTO customer(cust_id,c_name,c_phone,c_address,c_email) VALUES (213,'Mark Cassidy','2-864-611-4866','Mr. Mark Cassidy, Wake  6912, Madrid - 0615, Botswana','Mark_Cassidy6934@hourpy.biz');
INSERT INTO customer(cust_id,c_name,c_phone,c_address,c_email) VALUES (214,'Martin Larsen','4-315-855-0508','Mr. Martin Larsen, Caedmon  7032, Santa Ana - 4246, Belarus','Martin_Larsen5559@sheye.org');
INSERT INTO customer(cust_id,c_name,c_phone,c_address,c_email) VALUES (215,'Mike Sinclair','5-351-247-0216','Mr. Mike Sinclair, Ensign   102, Salt Lake City - 0235, Tonga','Mike_Sinclair7357@brety.org');
INSERT INTO customer(cust_id,c_name,c_phone,c_address,c_email) VALUES (216,'Kurt Jackson','3-337-578-3031','Mr. Kurt Jackson, Bective  3382, Omaha - 0264, Cuba','Kurt_Jackson4874@supunk.biz');
INSERT INTO customer(cust_id,c_name,c_phone,c_address,c_email) VALUES (217,'Benny Appleton','2-373-770-7481','Mr. Benny Appleton, Byland  6409, London - 6575, Swaziland','Benny_Appleton1127@bretoux.com');
INSERT INTO customer(cust_id,c_name,c_phone,c_address,c_email) VALUES (218,'Henry Franks','4-876-187-7133','Mr. Henry Franks, Linda Lane 2940, Worcester - 1044, New Zealand','Henry_Franks6445@sveldo.biz');
INSERT INTO customer(cust_id,c_name,c_phone,c_address,c_email) VALUES (219,'Chester Stevenson','7-576-483-6827','Mr. Chester Stevenson, Queensberry  2862, Honolulu - 2582, USA','Chester_Stevenson5616@muall.tech');
INSERT INTO customer(cust_id,c_name,c_phone,c_address,c_email) VALUES (220,'Gabriel Notman','0-755-637-6433','Mr. Gabriel Notman, Clarks  6557, Zurich - 8408, Poland','Gabriel_Notman466@infotech44.tech');
INSERT INTO customer(cust_id,c_name,c_phone,c_address,c_email) VALUES (221,'George Khan','0-171-610-7841','Mr. George Khan, Bishop   2220, Las Vegas - 0368, Tonga','George_Khan2671@gmail.com');
INSERT INTO customer(cust_id,c_name,c_phone,c_address,c_email) VALUES (222,'Tom Bennett','0-552-505-0451','Mr. Tom Bennett, Charterhouse  7245, Laredo - 3120, Oman','Tom_Bennett1818@elnee.tech');
INSERT INTO customer(cust_id,c_name,c_phone,c_address,c_email) VALUES (223,'Ronald Wright','5-220-867-7155','Mr. Ronald Wright, Castile  2945, Murfreesboro - 4755, Malaysia','Ronald_Wright9965@zorer.org');
INSERT INTO customer(cust_id,c_name,c_phone,c_address,c_email) VALUES (224,'Abdul Hastings','1-116-756-5506','Mr. Abdul Hastings, Magnolia 5776, Huntsville - 3130, Luxembourg','Abdul_Hastings9729@vetan.org');
INSERT INTO customer(cust_id,c_name,c_phone,c_address,c_email) VALUES (225,'Harry Kennedy','3-722-662-4075','Mr. Harry Kennedy, Carlisle  3060, Milwaukee - 7782, Peru','Harry_Kennedy662@zorer.org');
INSERT INTO customer(cust_id,c_name,c_phone,c_address,c_email) VALUES (226,'Owen Ashley','7-381-041-5836','Mr. Owen Ashley, Lincoln 9486, Tallahassee - 3877, Pakistan','Owen_Ashley7457@fuliss.net');
INSERT INTO customer(cust_id,c_name,c_phone,c_address,c_email) VALUES (227,'Gabriel Potter','0-667-647-5772','Mr. Gabriel Potter, Beaumont  234, Arlington - 3017, Mauritius','Gabriel_Potter3068@gompie.com');
INSERT INTO customer(cust_id,c_name,c_phone,c_address,c_email) VALUES (228,'Chuck Ashley','1-012-572-7387','Mr. Chuck Ashley, Camera  3208, Charlotte - 8840, Qatar','Chuck_Ashley9670@vetan.org');
INSERT INTO customer(cust_id,c_name,c_phone,c_address,c_email) VALUES (229,'Bob Camden','6-726-446-6344','Mr. Bob Camden, Beaumont  2424, Lisbon - 0580, Tonga','Bob_Camden9261@liret.org');
INSERT INTO customer(cust_id,c_name,c_phone,c_address,c_email) VALUES (230,'Tom Stewart','3-170-341-5388','Mr. Tom Stewart, Railroad 9415, Berna - 0637, Haiti','Tom_Stewart2563@mafthy.com');
INSERT INTO customer(cust_id,c_name,c_phone,c_address,c_email) VALUES (231,'Henry Dobson','3-660-840-2303','Mr. Henry Dobson, Marina  264, Quebec - 2883, Saudi Arabia','Henry_Dobson9485@irrepsy.com');
INSERT INTO customer(cust_id,c_name,c_phone,c_address,c_email) VALUES (232,'Rick Ashwell','1-704-078-6007','Mr. Rick Ashwell, Hickory   4027, Louisville - 8668, India','Rick_Ashwell1565@dionrab.com');
INSERT INTO customer(cust_id,c_name,c_phone,c_address,c_email) VALUES (233,'Mike Furnell','2-678-886-1675','Mr. Mike Furnell, Camera  3166, Albuquerque - 4150, Azerbaijan','Mike_Furnell7989@joiniaa.com');
INSERT INTO customer(cust_id,c_name,c_phone,c_address,c_email) VALUES (234,'Carter Harrison','1-705-204-2271','Mr. Carter Harrison, Cephas  869, Toledo - 0285, Czech Republic','Carter_Harrison8715@ovock.tech');
INSERT INTO customer(cust_id,c_name,c_phone,c_address,c_email) VALUES (235,'Mason Pearson','0-425-371-8771','Mr. Mason Pearson, Blomfield  4499, Moreno Valley - 1644, Seychelles','Mason_Pearson4348@acrit.org');
INSERT INTO customer(cust_id,c_name,c_phone,c_address,c_email) VALUES (236,'Carter Nobbs','4-481-223-3015','Mr. Carter Nobbs, Erindale 9565, Norfolk - 8082, Syria','Carter_Nobbs3691@bauros.biz');
INSERT INTO customer(cust_id,c_name,c_phone,c_address,c_email) VALUES (237,'Harvey Adler','0-475-168-3383','Mr. Harvey Adler, Camera  4787, San Diego - 6252, Micronesia','Harvey_Adler9186@deons.tech');
INSERT INTO customer(cust_id,c_name,c_phone,c_address,c_email) VALUES (238,'Clint Niles','2-328-660-1416','Mr. Clint Niles, Bendmore  8865, Murfreesboro - 6720, Laos','Clint_Niles7672@bretoux.com');
INSERT INTO customer(cust_id,c_name,c_phone,c_address,c_email) VALUES (239,'Boris Willson','0-116-608-3472','Mr. Boris Willson, Monroe 6569, Bellevue - 2022, Libya','Boris_Willson1893@irrepsy.com');
INSERT INTO customer(cust_id,c_name,c_phone,c_address,c_email) VALUES (240,'Fred Goodman','1-747-207-4664','Mr. Fred Goodman, Union  7449, Kansas City - 7120, Azerbaijan','Fred_Goodman342@acrit.org');
INSERT INTO customer(cust_id,c_name,c_phone,c_address,c_email) VALUES (241,'Cedrick Franks','6-828-054-4251','Mr. Cedrick Franks, Parkfield  1993, Houston - 4168, Jordan','Cedrick_Franks3831@nickia.com');
INSERT INTO customer(cust_id,c_name,c_phone,c_address,c_email) VALUES (242,'Gil Utterson','0-154-362-5450','Mr. Gil Utterson, Hammersmith  6843, Ontario - 0311, Fiji','Gil_Utterson2617@muall.tech');
INSERT INTO customer(cust_id,c_name,c_phone,c_address,c_email) VALUES (243,'Bryon Collingwood','7-552-803-1803','Mr. Bryon Collingwood, Becher  9096, Glendale - 8805, Uzbekistan','Bryon_Collingwood8430@gompie.com');
INSERT INTO customer(cust_id,c_name,c_phone,c_address,c_email) VALUES (244,'Josh Evans','8-430-630-2741','Mr. Josh Evans, Zealand 4946, Dallas - 5466, Lebanon','Josh_Evans944@elnee.tech');
INSERT INTO customer(cust_id,c_name,c_phone,c_address,c_email) VALUES (245,'Mark Owens','2-545-825-6604','Mr. Mark Owens, Carlisle  1502, Fremont - 3613, Poland','Mark_Owens2475@nickia.com');
INSERT INTO customer(cust_id,c_name,c_phone,c_address,c_email) VALUES (246,'Daniel Uttley','3-832-452-1846','Mr. Daniel Uttley, Durham 8892, Boston - 4854, Central African Republic','Daniel_Uttley6340@bretoux.com');
INSERT INTO customer(cust_id,c_name,c_phone,c_address,c_email) VALUES (247,'William Phillips','3-275-751-5443','Mr. William Phillips, Vine  1676, Berna - 1726, Swaziland','William_Phillips7787@famism.biz');
INSERT INTO customer(cust_id,c_name,c_phone,c_address,c_email) VALUES (248,'Maxwell Martin','2-006-403-2802','Mr. Maxwell Martin, Charterhouse  139, Hayward - 5813, Kenya','Maxwell_Martin2451@elnee.tech');
INSERT INTO customer(cust_id,c_name,c_phone,c_address,c_email) VALUES (249,'William Lunt','7-071-438-5355','Mr. William Lunt, College  438, Louisville - 0850, Maldives','William_Lunt7439@jiman.org');
INSERT INTO customer(cust_id,c_name,c_phone,c_address,c_email) VALUES (250,'Liam Cann','7-883-885-8760','Mr. Liam Cann, Waite  3684, Prague - 3714, Morocco','Liam_Cann5167@deons.tech');

--online_acc
INSERT INTO online_acc(username,password) VALUES ('t83lr8ju618rP4Z','8dRKqeOlEC');
INSERT INTO online_acc(username,password) VALUES ('ANZMdUCROEY2z1R','4sXTOcDtpO');
INSERT INTO online_acc(username,password) VALUES ('vg628fWyiquKhdh','5ZB0AGoZ3v');
INSERT INTO online_acc(username,password) VALUES ('v1Szk7eu7rxGZPi','BDRLhuK3vT');
INSERT INTO online_acc(username,password) VALUES ('CB3oIGGDGNoE97t','PZkvtyAwR8');
INSERT INTO online_acc(username,password) VALUES ('DXOWAk7gfi5lFzl','qDSB47DTcR');
INSERT INTO online_acc(username,password) VALUES ('VkHCeCPlqEt2qGm','qheZxoUuKC');
INSERT INTO online_acc(username,password) VALUES ('vruXAAEwFpAzeAf','q9Yv2yWMYN');
INSERT INTO online_acc(username,password) VALUES ('Zi3omAz79tUeOqD','pGlbm1De3H');
INSERT INTO online_acc(username,password) VALUES ('p59SOYfVKkcKHco','K1eQKLvsrN');
INSERT INTO online_acc(username,password) VALUES ('ruvwVWE9h7E0puU','zJEFle9Jwc');
INSERT INTO online_acc(username,password) VALUES ('9iNt53NRFgoujyN','XKjfjTMt6V');
INSERT INTO online_acc(username,password) VALUES ('CrmGssl8UWy1QlD','1ikOqFjP1O');
INSERT INTO online_acc(username,password) VALUES ('UZnMIxyQX3MlLXy','CvPcZf38bs');
INSERT INTO online_acc(username,password) VALUES ('umfPQcbu2XT7wLj','Ak2s1PXNZo');
INSERT INTO online_acc(username,password) VALUES ('TUxcsaaMdXKSBHa','u0T9eE8D3Y');
INSERT INTO online_acc(username,password) VALUES ('5AQjdXZGl6IoRK6','2vTyYsjuRH');
INSERT INTO online_acc(username,password) VALUES ('ZEN5kUQ4DxZKmAA','vMZLSFjICl');
INSERT INTO online_acc(username,password) VALUES ('SpPeqVP8cDSLKBl','1uNXgsISym');
INSERT INTO online_acc(username,password) VALUES ('fJj8B05LTRoBZXb','JLK6rkBYja');
INSERT INTO online_acc(username,password) VALUES ('VVvf3JXa1LLq9aN','XA1t60U05W');
INSERT INTO online_acc(username,password) VALUES ('g8WHCev9iqeJpZH','RkhMQdLusU');
INSERT INTO online_acc(username,password) VALUES ('jJonkAe0JWLBTyq','ZqbtsNVblo');
INSERT INTO online_acc(username,password) VALUES ('Qxop3VNnxdUGW8q','ATfD6QQsf0');
INSERT INTO online_acc(username,password) VALUES ('xuB9GOsC8UNzLPB','7XgVVTTdCs');
INSERT INTO online_acc(username,password) VALUES ('4zYpY9EJyGlMnqO','mDYodKHQC8');
INSERT INTO online_acc(username,password) VALUES ('2tWKgdQ8RMZTXjU','JqWJavu0Hs');
INSERT INTO online_acc(username,password) VALUES ('P4zjhwjWrfPr9Rm','UOWdzSqyTT');
INSERT INTO online_acc(username,password) VALUES ('evGlNI3PbRibYua','z7qEEbrEhG');
INSERT INTO online_acc(username,password) VALUES ('hYWRZjFfPCAdueW','WchAD2zmD9');
INSERT INTO online_acc(username,password) VALUES ('VAuO2xqifpug7Br','c6IrZWNMrr');
INSERT INTO online_acc(username,password) VALUES ('9JEdNrvTSEjVQXP','U4Oym0egTk');
INSERT INTO online_acc(username,password) VALUES ('6r4nnHxDg2nmFS8','8Mp6HHpubF');
INSERT INTO online_acc(username,password) VALUES ('c9XF1fnu2RA1qo6','vSuflsz60n');
INSERT INTO online_acc(username,password) VALUES ('ozjLdR6diLIa7pX','A1MA7HgA9W');
INSERT INTO online_acc(username,password) VALUES ('y5PzWmChbMpDjY9','EYHdyVUEHl');
INSERT INTO online_acc(username,password) VALUES ('1m52gIyjzoWrnLi','F2gcr6RxB3');
INSERT INTO online_acc(username,password) VALUES ('tYhLAe0HOfAHo5E','1etunWu64s');
INSERT INTO online_acc(username,password) VALUES ('cylaojz49wuRYyK','fjZqi8OkY0');
INSERT INTO online_acc(username,password) VALUES ('chDXg8bmdhqOqj6','KNoIUjF5jI');
INSERT INTO online_acc(username,password) VALUES ('xVQWtONNkLBvgcy','Sp4QeQ3ztX');
INSERT INTO online_acc(username,password) VALUES ('vjcDQXmdPtnLPtT','cBGY5ZqLUC');
INSERT INTO online_acc(username,password) VALUES ('3KoF13gg88ovKTy','YRRtLGZL7C');
INSERT INTO online_acc(username,password) VALUES ('Pwby8FXHBWM8YXz','GpQvpr1xjg');
INSERT INTO online_acc(username,password) VALUES ('HYcJ5e9rDmHFsA2','QnI6mZ343E');
INSERT INTO online_acc(username,password) VALUES ('bIaRUY91R0q58F2','MRVvsB7Q2Y');
INSERT INTO online_acc(username,password) VALUES ('Ds06GOeiEeViZsN','INaJMVpDDZ');
INSERT INTO online_acc(username,password) VALUES ('IhILCd2i3RpI4Km','MW3khn1nhj');
INSERT INTO online_acc(username,password) VALUES ('ygGqCYowh7qWWCB','cAgah9SPh9');
INSERT INTO online_acc(username,password) VALUES ('9vdgwR4kmO6w203','BVXM50A1jF');
INSERT INTO online_acc(username,password) VALUES ('nVM9kfRiqDmLQuq','wvuyEqIpgg');
INSERT INTO online_acc(username,password) VALUES ('n5CmJ943aJ5rlBs','pNMxQzEmgI');
INSERT INTO online_acc(username,password) VALUES ('FPDfZeppc6kO5gE','sSzlvFJsFY');
INSERT INTO online_acc(username,password) VALUES ('c62QqjSgeEt1YBo','PBIFHaRpsi');
INSERT INTO online_acc(username,password) VALUES ('hOAuD5g7G6ixZvX','SsbcU13y7f');
INSERT INTO online_acc(username,password) VALUES ('DBn77KQJrJURvbJ','N3RFFblWrz');
INSERT INTO online_acc(username,password) VALUES ('szNYrnaDO9329Jw','SosmDA6ASH');
INSERT INTO online_acc(username,password) VALUES ('7mt2Dcp6HOUCv9f','3OgbPU3ISx');
INSERT INTO online_acc(username,password) VALUES ('x3tozwz4QtBrKLg','O614bP2sGJ');
INSERT INTO online_acc(username,password) VALUES ('vZiDxEeaEQj5RSc','fIeQeLDV5A');
INSERT INTO online_acc(username,password) VALUES ('XBN0i4KneDWQ0dp','gRG57Tojb6');
INSERT INTO online_acc(username,password) VALUES ('GXcm8sDnDZCQjgV','YSxOFPRBk8');
INSERT INTO online_acc(username,password) VALUES ('47a7qtcw4bgsAgV','TmxDnPrkki');
INSERT INTO online_acc(username,password) VALUES ('B1UVrzW1oEunqWq','kepEyqRR3w');
INSERT INTO online_acc(username,password) VALUES ('me87sMW0Yp2HaMm','K0Wckq6aXC');
INSERT INTO online_acc(username,password) VALUES ('vCfv2tjbjFUY451','XwRrycEccn');
INSERT INTO online_acc(username,password) VALUES ('04zSGqEk46K1Eg5','Sq0HRw6bkM');
INSERT INTO online_acc(username,password) VALUES ('3osjjrjDICzuIcY','Qx99rgsvvf');
INSERT INTO online_acc(username,password) VALUES ('wNVK04dOFNBVBUP','kx6dGihXsA');
INSERT INTO online_acc(username,password) VALUES ('96b3qK36DxdO2RI','VfDPX5wotG');
INSERT INTO online_acc(username,password) VALUES ('tvRp7PzmJ17BVZC','IY7hwW4oVu');
INSERT INTO online_acc(username,password) VALUES ('DdIVFNRsw7ZlRGh','nltaKUJnNP');
INSERT INTO online_acc(username,password) VALUES ('gyH7tyH654vrRDo','qSjcngH1AI');
INSERT INTO online_acc(username,password) VALUES ('vLOKZ3z4FjYKvDI','RoVLv6Upve');
INSERT INTO online_acc(username,password) VALUES ('BkLksY6Hy8m2wfA','6xLePghfTV');
INSERT INTO online_acc(username,password) VALUES ('2vpOLbfcpYToUXK','bC6EfY20Lz');
INSERT INTO online_acc(username,password) VALUES ('JILg8eE2O0mR2nh','HaGHrRcyTx');
INSERT INTO online_acc(username,password) VALUES ('dkax695eYCSU6r3','OwFghKJThY');
INSERT INTO online_acc(username,password) VALUES ('8wtehqU2sf3nES1','rxekOweZNc');
INSERT INTO online_acc(username,password) VALUES ('fXRvnTR3Z8MM91V','8cNMAlrxp0');
INSERT INTO online_acc(username,password) VALUES ('XpsSleXfCCTDGFL','mupTofxmPQ');
INSERT INTO online_acc(username,password) VALUES ('URMN0xkl4Poikxe','zq7zC5VHAX');
INSERT INTO online_acc(username,password) VALUES ('1CdBVkCdCRNKSLO','tbLzgEJ1zy');
INSERT INTO online_acc(username,password) VALUES ('yzxMV9JMz9uGjjp','lEhgQoXwkS');
INSERT INTO online_acc(username,password) VALUES ('dJReSrLnMguPQrS','D8dLdm1mK5');
INSERT INTO online_acc(username,password) VALUES ('9mViJbDN31z1sgS','jdWC5Wy0ON');
INSERT INTO online_acc(username,password) VALUES ('q4kGqlhHiTFzECF','rBWzcMQ634');
INSERT INTO online_acc(username,password) VALUES ('JejOiLvHVdgcGNP','StJNNtYT7O');
INSERT INTO online_acc(username,password) VALUES ('UbBvAa8rMgG72AI','TssjjO4IjK');
INSERT INTO online_acc(username,password) VALUES ('cGtqKvKmANtuWUC','iv4rIU0JE3');
INSERT INTO online_acc(username,password) VALUES ('BpuX9aSbliTPBBv','6V2wYjWYgA');
INSERT INTO online_acc(username,password) VALUES ('c9bazl7owIFaOAx','aSuwtTu35M');
INSERT INTO online_acc(username,password) VALUES ('98WpTpRNXha1Bv6','VlO3pfG188');
INSERT INTO online_acc(username,password) VALUES ('RllxrsGgN0mk8dc','yN1dXjR9zX');
INSERT INTO online_acc(username,password) VALUES ('sfAPr2HYrBEpapy','UVx4Uumua1');
INSERT INTO online_acc(username,password) VALUES ('SPYlZAmwZ9MGQg8','fMQbYIwLoD');
INSERT INTO online_acc(username,password) VALUES ('OdEfmFukXZmswRB','c3AqlNER6y');
INSERT INTO online_acc(username,password) VALUES ('iWTCsfDtiLhhQw3','bg2GVwZ8a5');
INSERT INTO online_acc(username,password) VALUES ('PweCzJLHrEtbhp3','j9OGe4mOxK');
INSERT INTO online_acc(username,password) VALUES ('rLKlBIX3GctjqtB','VajsKA8NMw');
INSERT INTO online_acc(username,password) VALUES ('xL25Bnhr2H7Agp6','VibMKATfEJ');
INSERT INTO online_acc(username,password) VALUES ('eCgmJt88zO6f7Ez','L1xlEU43vz');
INSERT INTO online_acc(username,password) VALUES ('bgBCweqxwhkBFsX','9Cqa9zkWW8');
INSERT INTO online_acc(username,password) VALUES ('If3AyjIuxrN75Du','QsKhPJwFOE');
INSERT INTO online_acc(username,password) VALUES ('RNdw91JoDn8ww77','bRRAKCHnqs');
INSERT INTO online_acc(username,password) VALUES ('HazHzWZp5hWp8x0','ES2Zve5Nkx');
INSERT INTO online_acc(username,password) VALUES ('2eEECKjwD1aUhOR','jG1akvTdJG');
INSERT INTO online_acc(username,password) VALUES ('tON4OMMPT71Vl2W','w346ZuuoIM');
INSERT INTO online_acc(username,password) VALUES ('XEw9CiA48T5V2yo','OEORZNf8Dy');
INSERT INTO online_acc(username,password) VALUES ('2YhtV8kFr1IaQRY','0anjabAGRL');
INSERT INTO online_acc(username,password) VALUES ('pgXs92FsLJKdKmU','VQK7gxy62i');
INSERT INTO online_acc(username,password) VALUES ('w1YmW1SPhqbNWs9','CrFHNXQBPF');
INSERT INTO online_acc(username,password) VALUES ('L0IvY1keKMArGyR','1Om52H3b8d');
INSERT INTO online_acc(username,password) VALUES ('GtyoLg0JgLAJdJz','1tMg9VlRzW');
INSERT INTO online_acc(username,password) VALUES ('JnGW8RZKSRHvz8p','JijmRrvdFB');
INSERT INTO online_acc(username,password) VALUES ('Yr49Ifc9SC3uwi4','l9K1rF3N0z');
INSERT INTO online_acc(username,password) VALUES ('xBoioXKAUjkeLKw','pwg6wZvAsq');
INSERT INTO online_acc(username,password) VALUES ('sklY5edEJVdxaoo','suc9TGxAFB');
INSERT INTO online_acc(username,password) VALUES ('TXQDZBB625xilZF','GaByT2W1SD');
INSERT INTO online_acc(username,password) VALUES ('pSBYj4jgWmGMAuT','c1ht0KIC3N');
INSERT INTO online_acc(username,password) VALUES ('qwMvJ7g89ts9iTA','OCPx83ZQf1');
INSERT INTO online_acc(username,password) VALUES ('ByIb3hQHL3IWuNo','kOBBkcSOsl');
INSERT INTO online_acc(username,password) VALUES ('H3P5TRfq4HJYgFM','c2Xa22SBIY');
INSERT INTO online_acc(username,password) VALUES ('pYP4YsjZ0woAM1l','mpzGfMr5yH');
INSERT INTO online_acc(username,password) VALUES ('k5yzty1Hhn3QwgY','j8qThcpfyQ');
INSERT INTO online_acc(username,password) VALUES ('Md4nL8caxywujH7','w2pOsW3Tr5');
INSERT INTO online_acc(username,password) VALUES ('NAlRo4aAjhV7eVo','az9rmyZjVv');
INSERT INTO online_acc(username,password) VALUES ('j9QF4SKNr771JI4','VuAjmzYUjS');
INSERT INTO online_acc(username,password) VALUES ('g4lFGybPfF4J5oO','LtwXqjp1xQ');
INSERT INTO online_acc(username,password) VALUES ('EY9t6LpqwXYiIkJ','glnC9LzVVa');
INSERT INTO online_acc(username,password) VALUES ('Fl63t0DyyCZbfj3','OdIR0nlMOK');
INSERT INTO online_acc(username,password) VALUES ('7CyxEPDoT0jtxDh','UtTitEFEJv');
INSERT INTO online_acc(username,password) VALUES ('sqEexeZstvyPBux','WxMtUfpFtf');
INSERT INTO online_acc(username,password) VALUES ('3RoeF27pCVi9KfV','JBERsFsjuX');
INSERT INTO online_acc(username,password) VALUES ('R2VyPDlU84NvNn3','0j9ZOWnrXL');
INSERT INTO online_acc(username,password) VALUES ('elxBaLs3Hy9m0wS','7pLlIXxaY2');
INSERT INTO online_acc(username,password) VALUES ('ftJgAnL7nvcySis','e2Gz3NsMHR');
INSERT INTO online_acc(username,password) VALUES ('rbGPxqKZJ4ciWGK','ypNAzJWm2n');
INSERT INTO online_acc(username,password) VALUES ('frleoxgCOTMEszF','RYJoQ6f9pF');
INSERT INTO online_acc(username,password) VALUES ('ifMRIVzNmR9j4eG','6fIx8t7X5h');
INSERT INTO online_acc(username,password) VALUES ('uM8mq9r5ZGRUvG7','X1GhFsdphU');
INSERT INTO online_acc(username,password) VALUES ('aXMrVkHQtXI0l5R','RnfYzluBzl');
INSERT INTO online_acc(username,password) VALUES ('21zzyQhaSQmfOEf','KDBsygPKPx');
INSERT INTO online_acc(username,password) VALUES ('F8RssqWWGctRa4H','laTppwYb2o');
INSERT INTO online_acc(username,password) VALUES ('hsSAEmqjBtSQsjj','QIIlw2mHlN');
INSERT INTO online_acc(username,password) VALUES ('G6fkArgYDK8DVB0','CrZLyVstFZ');
INSERT INTO online_acc(username,password) VALUES ('oP0Fv5lqx8pK9AC','v1oZlMxHut');
INSERT INTO online_acc(username,password) VALUES ('LN5x2XMZLWbqTRP','WXiCK1sYJD');
INSERT INTO online_acc(username,password) VALUES ('dDUeM1IFVkrp35k','cuxnkEiWJO');
INSERT INTO online_acc(username,password) VALUES ('zPEk2dzwtYU259f','Sl7rhrembr');
INSERT INTO online_acc(username,password) VALUES ('G4ui85rLQXmDedG','22JgQkzyIR');
INSERT INTO online_acc(username,password) VALUES ('ckolgVmm2vjEOvc','nrpl3PGdkp');
INSERT INTO online_acc(username,password) VALUES ('yUFLHRFmQfVCjtB','9amshxoYEn');
INSERT INTO online_acc(username,password) VALUES ('3KNOCVGD5rAgbvd','ec7PHkH5j3');
INSERT INTO online_acc(username,password) VALUES ('yevD2K6BiNH2XOK','O8nBBd90OD');
INSERT INTO online_acc(username,password) VALUES ('UrI6CvOnUO1VADh','Ef3hWlFtF2');
INSERT INTO online_acc(username,password) VALUES ('me3iazng9idxEfb','2OC9T38ke7');
INSERT INTO online_acc(username,password) VALUES ('7FS2bP7DDZRVE3Z','NyAfEQaXFe');
INSERT INTO online_acc(username,password) VALUES ('XCtw9o3ZlctUoiS','ftAGKgJIkF');
INSERT INTO online_acc(username,password) VALUES ('E7FaqhrMXEMOREv','Y6dbp2KcMj');
INSERT INTO online_acc(username,password) VALUES ('gZR57N4Iq5qy845','CHQdGQc6Uw');
INSERT INTO online_acc(username,password) VALUES ('kpr5N4f21KHZRZ1','RGlIEj7jfn');
INSERT INTO online_acc(username,password) VALUES ('u38FSEd7JXhMNcB','L5Htxm01my');
INSERT INTO online_acc(username,password) VALUES ('K0xPMmGLSdAgxiG','ncHCUF2IH2');
INSERT INTO online_acc(username,password) VALUES ('nz0rB3CWRINqr7u','aB48ApIinK');
INSERT INTO online_acc(username,password) VALUES ('JtyRtRrpWiwQdRk','8Jfa37vKR3');
INSERT INTO online_acc(username,password) VALUES ('D8KHNfQMh1JNEh0','fAUY7KhnYB');
INSERT INTO online_acc(username,password) VALUES ('fmIuMYjhYpThhJD','fD5ZauE8jX');
INSERT INTO online_acc(username,password) VALUES ('6avTsfUvFr2IcVd','kqq1h7dKVc');
INSERT INTO online_acc(username,password) VALUES ('HlO8RaoiWP7xNpJ','9wbbKXkk6z');
INSERT INTO online_acc(username,password) VALUES ('EXGCadPa1k4GwyQ','OjFGfxcBri');
INSERT INTO online_acc(username,password) VALUES ('LBtLEgBRJMCig6v','rXWEP39nK5');
INSERT INTO online_acc(username,password) VALUES ('xfeaCmWYdPcgPwE','2ynlOqCJUy');
INSERT INTO online_acc(username,password) VALUES ('ZF6cpLXiPQBh0Gk','qJCrSLHkAX');
INSERT INTO online_acc(username,password) VALUES ('EWB6PvWJmmga6yD','F7AfCV7gBh');
INSERT INTO online_acc(username,password) VALUES ('g9bCmRf6FkyWm9f','pYOeEPNOnN');
INSERT INTO online_acc(username,password) VALUES ('NHE7CHzAYsv4G9U','Ae1OPsVAAX');
INSERT INTO online_acc(username,password) VALUES ('6tC7STvyzZKb8Cd','9WNRuuROJD');
INSERT INTO online_acc(username,password) VALUES ('vW9Ye2HDjFYwDGZ','9GRkKjfyvP');
INSERT INTO online_acc(username,password) VALUES ('WHsQmoe33g6vZUg','CXY7FNTH2u');
INSERT INTO online_acc(username,password) VALUES ('oAn8eQiOJIuZx7a','32JkcNq7DI');
INSERT INTO online_acc(username,password) VALUES ('LG0qCDAzg8o14ZP','YhQMvnkbgM');
INSERT INTO online_acc(username,password) VALUES ('UJgag8Cj0SJriGE','ujR9wB8uUD');
INSERT INTO online_acc(username,password) VALUES ('qZvSflpUer3dZ99','lREGFr9JHB');
INSERT INTO online_acc(username,password) VALUES ('DScuKWZLX0iRRVr','eWEZLQKS9K');
INSERT INTO online_acc(username,password) VALUES ('u4nOWrPoQbSMjTV','eRCJbU9sYl');
INSERT INTO online_acc(username,password) VALUES ('U5u5u3AdkZcv7AI','SnB4ZSxuEq');
INSERT INTO online_acc(username,password) VALUES ('8HIh0uLPnBwfsfh','Rt933sUBAI');
INSERT INTO online_acc(username,password) VALUES ('q8y9ShKqPwv25up','QgT8Wx5fWH');
INSERT INTO online_acc(username,password) VALUES ('ix0K7nGIZJwXPUe','lzctvZyPOm');
INSERT INTO online_acc(username,password) VALUES ('MBCnVvdb2uuUfRI','ptgk22R8ev');
INSERT INTO online_acc(username,password) VALUES ('8cvkruhlivmDeDX','T6XkuQTLlG');
INSERT INTO online_acc(username,password) VALUES ('pSoWt5Ci2XTr0K9','Mt7fflPcNj');
INSERT INTO online_acc(username,password) VALUES ('64XteoQKeBc3Py0','jfmpEmFMli');
INSERT INTO online_acc(username,password) VALUES ('hWpFeazbwxApyXt','CgWJhTdIp6');
INSERT INTO online_acc(username,password) VALUES ('FnwJ71swL7SlF9l','mccBz4rO6B');
INSERT INTO online_acc(username,password) VALUES ('FsCDPDNAIZxCRz6','S3mabbbXi5');
INSERT INTO online_acc(username,password) VALUES ('0BHzBYY0I1Ips63','Ek6kxjKnEg');
INSERT INTO online_acc(username,password) VALUES ('BFxfjoVeIYCFKGB','YMJ7ynKphW');
INSERT INTO online_acc(username,password) VALUES ('0exuVqXCTASkUiN','wKji19azjZ');
INSERT INTO online_acc(username,password) VALUES ('XAqQ20ZQJsKiuxr','oC1Gsx1ktB');
INSERT INTO online_acc(username,password) VALUES ('dlHqXaoOU7prwaK','3ULzDOZv0M');
INSERT INTO online_acc(username,password) VALUES ('6jt0mga6PYPRkvS','fUa0C7Qa6z');
INSERT INTO online_acc(username,password) VALUES ('dpvqwEzRdb04Xsb','PvgB4ltZhh');
INSERT INTO online_acc(username,password) VALUES ('485yPpIxBI0oPcU','aAGUbl6rYw');
INSERT INTO online_acc(username,password) VALUES ('LuZBOtPNJ2F3cOv','sGWjkkfDre');
INSERT INTO online_acc(username,password) VALUES ('kmEG68RgBD5twxY','lbGkOgh2jt');
INSERT INTO online_acc(username,password) VALUES ('ekHyLqqrgnHKHM4','yWbL08UjK9');
INSERT INTO online_acc(username,password) VALUES ('JZdc7CufXcYJszX','OBPJRaU3qZ');
INSERT INTO online_acc(username,password) VALUES ('KGrsuJA6zCRNOjk','Xpuugpolyl');
INSERT INTO online_acc(username,password) VALUES ('6FZ3izfxDx5CwmS','XM2xFBwqi4');
INSERT INTO online_acc(username,password) VALUES ('vjIJuff3GxEkDQN','vZLvpU2HcI');
INSERT INTO online_acc(username,password) VALUES ('dvyskJZ18xPWnSR','aJpyOwImjU');
INSERT INTO online_acc(username,password) VALUES ('ll53k2bqBRurKgo','ptFd8Zw3dO');
INSERT INTO online_acc(username,password) VALUES ('KMTNWUJOY8id8Y5','xpmBhs9JKj');
INSERT INTO online_acc(username,password) VALUES ('CDIk5zrboZpIdo6','lcwhFLvqhL');
INSERT INTO online_acc(username,password) VALUES ('tK25gLDInTRAodJ','0CT8PoM7E6');
INSERT INTO online_acc(username,password) VALUES ('QMlEYRWlZLozfIO','m9zVpkyTYO');
INSERT INTO online_acc(username,password) VALUES ('IbsSggNx9P8bEPC','4ZOReBgLtn');
INSERT INTO online_acc(username,password) VALUES ('oWlYVb3NzPzoT2o','bBg2QK5kTv');
INSERT INTO online_acc(username,password) VALUES ('LjB3NmQ8o1KlZox','EOO9MPFVmC');
INSERT INTO online_acc(username,password) VALUES ('9ATddtwSmJ21Tmn','jqoBe0m1EL');
INSERT INTO online_acc(username,password) VALUES ('5qkGfFOZ0Nl6eLI','XSwe5N5mWn');
INSERT INTO online_acc(username,password) VALUES ('jbUHMXIPShCMLHE','nccYBmLd2H');
INSERT INTO online_acc(username,password) VALUES ('hzXI8AEOd5o3Ro0','crMnFKHpaS');
INSERT INTO online_acc(username,password) VALUES ('ucNUBY7bAoivGTg','88sLZuKyij');
INSERT INTO online_acc(username,password) VALUES ('480x6aJ60Ni04bh','rbR9Srk3GH');
INSERT INTO online_acc(username,password) VALUES ('MYeAijopvGaHoDO','YyQF8HEQos');
INSERT INTO online_acc(username,password) VALUES ('S3yQ1TEtptCp6Ro','4LIUGjxOv3');
INSERT INTO online_acc(username,password) VALUES ('2TxI9IH0SPqzZ3x','VX8TMs29bE');
INSERT INTO online_acc(username,password) VALUES ('655hIepCW89Rlql','4znB7EvPhu');
INSERT INTO online_acc(username,password) VALUES ('Ly4jKAUVDCNMSJu','AwC4xDwSsS');
INSERT INTO online_acc(username,password) VALUES ('3O7dAKpXw7qudL8','o6hnXrgeR7');
INSERT INTO online_acc(username,password) VALUES ('RtUuqZgMRRvX1D1','hygMEQT06I');
INSERT INTO online_acc(username,password) VALUES ('HOoUkXupgsbVnFh','JiM4MQEev0');
INSERT INTO online_acc(username,password) VALUES ('3ARMr82XljK22r3','ArVUaLKao4');
INSERT INTO online_acc(username,password) VALUES ('rH6t1Du2dqXddzu','j7CgWRpfAL');
INSERT INTO online_acc(username,password) VALUES ('isJVotjmR915ntf','a9ZAghOgk0');
INSERT INTO online_acc(username,password) VALUES ('NH3RmCm5hTVkhy7','x0Lz3nUTB6');
INSERT INTO online_acc(username,password) VALUES ('SQeeoUMjeblpVp6','PAFaJ0ckDt');
INSERT INTO online_acc(username,password) VALUES ('rCqqM3y2VUwHb38','IACXWHfg3o');
INSERT INTO online_acc(username,password) VALUES ('nO21F0pbu7Rg2Rh','wx9UKHiMbB');
INSERT INTO online_acc(username,password) VALUES ('zZNrlMgxCjo6BQe','Gqq6rmHuzj');
INSERT INTO online_acc(username,password) VALUES ('UfLsgFCb0PactJv','vs0s20vt0E');
INSERT INTO online_acc(username,password) VALUES ('a1PuYroXHQqUEfe','meKADo6hL6');
INSERT INTO online_acc(username,password) VALUES ('3RC6tiwVoGNwqch','wEl3FanVOQ');
INSERT INTO online_acc(username,password) VALUES ('VlsxZdUEyealbYr','38aZQzyscQ');
INSERT INTO online_acc(username,password) VALUES ('kVoGfQ6yqX7EiOm','2s27HKnMLL');
INSERT INTO online_acc(username,password) VALUES ('bM57ah2QgzIq8SO','exvBuzaMxX');
INSERT INTO online_acc(username,password) VALUES ('H6uVG6Ic4EDA0P0','ExCYdMtjtn');

--online_cust

INSERT INTO online_cust(cust_id,username,password) VALUES (1,'04zSGqEk46K1Eg5','Sq0HRw6bkM');
INSERT INTO online_cust(cust_id,username,password) VALUES (2,'0BHzBYY0I1Ips63','Ek6kxjKnEg');
INSERT INTO online_cust(cust_id,username,password) VALUES (3,'0exuVqXCTASkUiN','wKji19azjZ');
INSERT INTO online_cust(cust_id,username,password) VALUES (4,'1CdBVkCdCRNKSLO','tbLzgEJ1zy');
INSERT INTO online_cust(cust_id,username,password) VALUES (5,'1m52gIyjzoWrnLi','F2gcr6RxB3');
INSERT INTO online_cust(cust_id,username,password) VALUES (6,'21zzyQhaSQmfOEf','KDBsygPKPx');
INSERT INTO online_cust(cust_id,username,password) VALUES (7,'2eEECKjwD1aUhOR','jG1akvTdJG');
INSERT INTO online_cust(cust_id,username,password) VALUES (8,'2tWKgdQ8RMZTXjU','JqWJavu0Hs');
INSERT INTO online_cust(cust_id,username,password) VALUES (9,'2TxI9IH0SPqzZ3x','VX8TMs29bE');
INSERT INTO online_cust(cust_id,username,password) VALUES (10,'2vpOLbfcpYToUXK','bC6EfY20Lz');
INSERT INTO online_cust(cust_id,username,password) VALUES (11,'2YhtV8kFr1IaQRY','0anjabAGRL');
INSERT INTO online_cust(cust_id,username,password) VALUES (12,'3ARMr82XljK22r3','ArVUaLKao4');
INSERT INTO online_cust(cust_id,username,password) VALUES (13,'3KNOCVGD5rAgbvd','ec7PHkH5j3');
INSERT INTO online_cust(cust_id,username,password) VALUES (14,'3KoF13gg88ovKTy','YRRtLGZL7C');
INSERT INTO online_cust(cust_id,username,password) VALUES (15,'3O7dAKpXw7qudL8','o6hnXrgeR7');
INSERT INTO online_cust(cust_id,username,password) VALUES (16,'3osjjrjDICzuIcY','Qx99rgsvvf');
INSERT INTO online_cust(cust_id,username,password) VALUES (17,'3RC6tiwVoGNwqch','wEl3FanVOQ');
INSERT INTO online_cust(cust_id,username,password) VALUES (18,'3RoeF27pCVi9KfV','JBERsFsjuX');
INSERT INTO online_cust(cust_id,username,password) VALUES (19,'47a7qtcw4bgsAgV','TmxDnPrkki');
INSERT INTO online_cust(cust_id,username,password) VALUES (20,'480x6aJ60Ni04bh','rbR9Srk3GH');
INSERT INTO online_cust(cust_id,username,password) VALUES (21,'485yPpIxBI0oPcU','aAGUbl6rYw');
INSERT INTO online_cust(cust_id,username,password) VALUES (22,'4zYpY9EJyGlMnqO','mDYodKHQC8');
INSERT INTO online_cust(cust_id,username,password) VALUES (23,'5AQjdXZGl6IoRK6','2vTyYsjuRH');
INSERT INTO online_cust(cust_id,username,password) VALUES (24,'5qkGfFOZ0Nl6eLI','XSwe5N5mWn');
INSERT INTO online_cust(cust_id,username,password) VALUES (25,'64XteoQKeBc3Py0','jfmpEmFMli');
INSERT INTO online_cust(cust_id,username,password) VALUES (26,'655hIepCW89Rlql','4znB7EvPhu');
INSERT INTO online_cust(cust_id,username,password) VALUES (27,'6avTsfUvFr2IcVd','kqq1h7dKVc');
INSERT INTO online_cust(cust_id,username,password) VALUES (28,'6FZ3izfxDx5CwmS','XM2xFBwqi4');
INSERT INTO online_cust(cust_id,username,password) VALUES (29,'6jt0mga6PYPRkvS','fUa0C7Qa6z');
INSERT INTO online_cust(cust_id,username,password) VALUES (30,'6r4nnHxDg2nmFS8','8Mp6HHpubF');
INSERT INTO online_cust(cust_id,username,password) VALUES (31,'6tC7STvyzZKb8Cd','9WNRuuROJD');
INSERT INTO online_cust(cust_id,username,password) VALUES (32,'7CyxEPDoT0jtxDh','UtTitEFEJv');
INSERT INTO online_cust(cust_id,username,password) VALUES (33,'7FS2bP7DDZRVE3Z','NyAfEQaXFe');
INSERT INTO online_cust(cust_id,username,password) VALUES (34,'7mt2Dcp6HOUCv9f','3OgbPU3ISx');
INSERT INTO online_cust(cust_id,username,password) VALUES (35,'8cvkruhlivmDeDX','T6XkuQTLlG');
INSERT INTO online_cust(cust_id,username,password) VALUES (36,'8HIh0uLPnBwfsfh','Rt933sUBAI');
INSERT INTO online_cust(cust_id,username,password) VALUES (37,'8wtehqU2sf3nES1','rxekOweZNc');
INSERT INTO online_cust(cust_id,username,password) VALUES (38,'96b3qK36DxdO2RI','VfDPX5wotG');
INSERT INTO online_cust(cust_id,username,password) VALUES (39,'98WpTpRNXha1Bv6','VlO3pfG188');
INSERT INTO online_cust(cust_id,username,password) VALUES (40,'9ATddtwSmJ21Tmn','jqoBe0m1EL');
INSERT INTO online_cust(cust_id,username,password) VALUES (41,'9iNt53NRFgoujyN','XKjfjTMt6V');
INSERT INTO online_cust(cust_id,username,password) VALUES (42,'9JEdNrvTSEjVQXP','U4Oym0egTk');
INSERT INTO online_cust(cust_id,username,password) VALUES (43,'9mViJbDN31z1sgS','jdWC5Wy0ON');
INSERT INTO online_cust(cust_id,username,password) VALUES (44,'9vdgwR4kmO6w203','BVXM50A1jF');
INSERT INTO online_cust(cust_id,username,password) VALUES (45,'a1PuYroXHQqUEfe','meKADo6hL6');
INSERT INTO online_cust(cust_id,username,password) VALUES (46,'ANZMdUCROEY2z1R','4sXTOcDtpO');
INSERT INTO online_cust(cust_id,username,password) VALUES (47,'aXMrVkHQtXI0l5R','RnfYzluBzl');
INSERT INTO online_cust(cust_id,username,password) VALUES (48,'B1UVrzW1oEunqWq','kepEyqRR3w');
INSERT INTO online_cust(cust_id,username,password) VALUES (49,'BFxfjoVeIYCFKGB','YMJ7ynKphW');
INSERT INTO online_cust(cust_id,username,password) VALUES (50,'bgBCweqxwhkBFsX','9Cqa9zkWW8');
INSERT INTO online_cust(cust_id,username,password) VALUES (51,'bIaRUY91R0q58F2','MRVvsB7Q2Y');
INSERT INTO online_cust(cust_id,username,password) VALUES (52,'BkLksY6Hy8m2wfA','6xLePghfTV');
INSERT INTO online_cust(cust_id,username,password) VALUES (53,'bM57ah2QgzIq8SO','exvBuzaMxX');
INSERT INTO online_cust(cust_id,username,password) VALUES (54,'BpuX9aSbliTPBBv','6V2wYjWYgA');
INSERT INTO online_cust(cust_id,username,password) VALUES (55,'ByIb3hQHL3IWuNo','kOBBkcSOsl');
INSERT INTO online_cust(cust_id,username,password) VALUES (56,'c62QqjSgeEt1YBo','PBIFHaRpsi');
INSERT INTO online_cust(cust_id,username,password) VALUES (57,'c9bazl7owIFaOAx','aSuwtTu35M');
INSERT INTO online_cust(cust_id,username,password) VALUES (58,'c9XF1fnu2RA1qo6','vSuflsz60n');
INSERT INTO online_cust(cust_id,username,password) VALUES (59,'CB3oIGGDGNoE97t','PZkvtyAwR8');
INSERT INTO online_cust(cust_id,username,password) VALUES (60,'CDIk5zrboZpIdo6','lcwhFLvqhL');
INSERT INTO online_cust(cust_id,username,password) VALUES (61,'cGtqKvKmANtuWUC','iv4rIU0JE3');
INSERT INTO online_cust(cust_id,username,password) VALUES (62,'chDXg8bmdhqOqj6','KNoIUjF5jI');
INSERT INTO online_cust(cust_id,username,password) VALUES (63,'ckolgVmm2vjEOvc','nrpl3PGdkp');
INSERT INTO online_cust(cust_id,username,password) VALUES (64,'CrmGssl8UWy1QlD','1ikOqFjP1O');
INSERT INTO online_cust(cust_id,username,password) VALUES (65,'cylaojz49wuRYyK','fjZqi8OkY0');
INSERT INTO online_cust(cust_id,username,password) VALUES (66,'D8KHNfQMh1JNEh0','fAUY7KhnYB');
INSERT INTO online_cust(cust_id,username,password) VALUES (67,'DBn77KQJrJURvbJ','N3RFFblWrz');
INSERT INTO online_cust(cust_id,username,password) VALUES (68,'DdIVFNRsw7ZlRGh','nltaKUJnNP');
INSERT INTO online_cust(cust_id,username,password) VALUES (69,'dDUeM1IFVkrp35k','cuxnkEiWJO');
INSERT INTO online_cust(cust_id,username,password) VALUES (70,'dJReSrLnMguPQrS','D8dLdm1mK5');
INSERT INTO online_cust(cust_id,username,password) VALUES (71,'dkax695eYCSU6r3','OwFghKJThY');
INSERT INTO online_cust(cust_id,username,password) VALUES (72,'dlHqXaoOU7prwaK','3ULzDOZv0M');
INSERT INTO online_cust(cust_id,username,password) VALUES (73,'dpvqwEzRdb04Xsb','PvgB4ltZhh');
INSERT INTO online_cust(cust_id,username,password) VALUES (74,'Ds06GOeiEeViZsN','INaJMVpDDZ');
INSERT INTO online_cust(cust_id,username,password) VALUES (75,'DScuKWZLX0iRRVr','eWEZLQKS9K');
INSERT INTO online_cust(cust_id,username,password) VALUES (76,'dvyskJZ18xPWnSR','aJpyOwImjU');
INSERT INTO online_cust(cust_id,username,password) VALUES (77,'DXOWAk7gfi5lFzl','qDSB47DTcR');
INSERT INTO online_cust(cust_id,username,password) VALUES (78,'E7FaqhrMXEMOREv','Y6dbp2KcMj');
INSERT INTO online_cust(cust_id,username,password) VALUES (79,'eCgmJt88zO6f7Ez','L1xlEU43vz');
INSERT INTO online_cust(cust_id,username,password) VALUES (80,'ekHyLqqrgnHKHM4','yWbL08UjK9');
INSERT INTO online_cust(cust_id,username,password) VALUES (81,'elxBaLs3Hy9m0wS','7pLlIXxaY2');
INSERT INTO online_cust(cust_id,username,password) VALUES (82,'evGlNI3PbRibYua','z7qEEbrEhG');
INSERT INTO online_cust(cust_id,username,password) VALUES (83,'EWB6PvWJmmga6yD','F7AfCV7gBh');
INSERT INTO online_cust(cust_id,username,password) VALUES (84,'EXGCadPa1k4GwyQ','OjFGfxcBri');
INSERT INTO online_cust(cust_id,username,password) VALUES (85,'EY9t6LpqwXYiIkJ','glnC9LzVVa');
INSERT INTO online_cust(cust_id,username,password) VALUES (86,'F8RssqWWGctRa4H','laTppwYb2o');
INSERT INTO online_cust(cust_id,username,password) VALUES (87,'fJj8B05LTRoBZXb','JLK6rkBYja');
INSERT INTO online_cust(cust_id,username,password) VALUES (88,'Fl63t0DyyCZbfj3','OdIR0nlMOK');
INSERT INTO online_cust(cust_id,username,password) VALUES (89,'fmIuMYjhYpThhJD','fD5ZauE8jX');
INSERT INTO online_cust(cust_id,username,password) VALUES (90,'FnwJ71swL7SlF9l','mccBz4rO6B');
INSERT INTO online_cust(cust_id,username,password) VALUES (91,'FPDfZeppc6kO5gE','sSzlvFJsFY');
INSERT INTO online_cust(cust_id,username,password) VALUES (92,'frleoxgCOTMEszF','RYJoQ6f9pF');
INSERT INTO online_cust(cust_id,username,password) VALUES (93,'FsCDPDNAIZxCRz6','S3mabbbXi5');
INSERT INTO online_cust(cust_id,username,password) VALUES (94,'ftJgAnL7nvcySis','e2Gz3NsMHR');
INSERT INTO online_cust(cust_id,username,password) VALUES (95,'fXRvnTR3Z8MM91V','8cNMAlrxp0');
INSERT INTO online_cust(cust_id,username,password) VALUES (96,'g4lFGybPfF4J5oO','LtwXqjp1xQ');
INSERT INTO online_cust(cust_id,username,password) VALUES (97,'G4ui85rLQXmDedG','22JgQkzyIR');
INSERT INTO online_cust(cust_id,username,password) VALUES (98,'G6fkArgYDK8DVB0','CrZLyVstFZ');
INSERT INTO online_cust(cust_id,username,password) VALUES (99,'g8WHCev9iqeJpZH','RkhMQdLusU');
INSERT INTO online_cust(cust_id,username,password) VALUES (100,'g9bCmRf6FkyWm9f','pYOeEPNOnN');
INSERT INTO online_cust(cust_id,username,password) VALUES (101,'GtyoLg0JgLAJdJz','1tMg9VlRzW');
INSERT INTO online_cust(cust_id,username,password) VALUES (102,'GXcm8sDnDZCQjgV','YSxOFPRBk8');
INSERT INTO online_cust(cust_id,username,password) VALUES (103,'gyH7tyH654vrRDo','qSjcngH1AI');
INSERT INTO online_cust(cust_id,username,password) VALUES (104,'gZR57N4Iq5qy845','CHQdGQc6Uw');
INSERT INTO online_cust(cust_id,username,password) VALUES (105,'H3P5TRfq4HJYgFM','c2Xa22SBIY');
INSERT INTO online_cust(cust_id,username,password) VALUES (106,'H6uVG6Ic4EDA0P0','ExCYdMtjtn');
INSERT INTO online_cust(cust_id,username,password) VALUES (107,'HazHzWZp5hWp8x0','ES2Zve5Nkx');
INSERT INTO online_cust(cust_id,username,password) VALUES (108,'HlO8RaoiWP7xNpJ','9wbbKXkk6z');
INSERT INTO online_cust(cust_id,username,password) VALUES (109,'hOAuD5g7G6ixZvX','SsbcU13y7f');
INSERT INTO online_cust(cust_id,username,password) VALUES (110,'HOoUkXupgsbVnFh','JiM4MQEev0');
INSERT INTO online_cust(cust_id,username,password) VALUES (111,'hsSAEmqjBtSQsjj','QIIlw2mHlN');
INSERT INTO online_cust(cust_id,username,password) VALUES (112,'hWpFeazbwxApyXt','CgWJhTdIp6');
INSERT INTO online_cust(cust_id,username,password) VALUES (113,'HYcJ5e9rDmHFsA2','QnI6mZ343E');
INSERT INTO online_cust(cust_id,username,password) VALUES (114,'hYWRZjFfPCAdueW','WchAD2zmD9');
INSERT INTO online_cust(cust_id,username,password) VALUES (115,'hzXI8AEOd5o3Ro0','crMnFKHpaS');
INSERT INTO online_cust(cust_id,username,password) VALUES (116,'IbsSggNx9P8bEPC','4ZOReBgLtn');
INSERT INTO online_cust(cust_id,username,password) VALUES (117,'If3AyjIuxrN75Du','QsKhPJwFOE');
INSERT INTO online_cust(cust_id,username,password) VALUES (118,'ifMRIVzNmR9j4eG','6fIx8t7X5h');
INSERT INTO online_cust(cust_id,username,password) VALUES (119,'IhILCd2i3RpI4Km','MW3khn1nhj');
INSERT INTO online_cust(cust_id,username,password) VALUES (120,'isJVotjmR915ntf','a9ZAghOgk0');
INSERT INTO online_cust(cust_id,username,password) VALUES (121,'iWTCsfDtiLhhQw3','bg2GVwZ8a5');
INSERT INTO online_cust(cust_id,username,password) VALUES (122,'ix0K7nGIZJwXPUe','lzctvZyPOm');
INSERT INTO online_cust(cust_id,username,password) VALUES (123,'j9QF4SKNr771JI4','VuAjmzYUjS');
INSERT INTO online_cust(cust_id,username,password) VALUES (124,'jbUHMXIPShCMLHE','nccYBmLd2H');
INSERT INTO online_cust(cust_id,username,password) VALUES (125,'JejOiLvHVdgcGNP','StJNNtYT7O');
INSERT INTO online_cust(cust_id,username,password) VALUES (126,'JILg8eE2O0mR2nh','HaGHrRcyTx');
INSERT INTO online_cust(cust_id,username,password) VALUES (127,'jJonkAe0JWLBTyq','ZqbtsNVblo');
INSERT INTO online_cust(cust_id,username,password) VALUES (128,'JnGW8RZKSRHvz8p','JijmRrvdFB');
INSERT INTO online_cust(cust_id,username,password) VALUES (129,'JtyRtRrpWiwQdRk','8Jfa37vKR3');
INSERT INTO online_cust(cust_id,username,password) VALUES (130,'JZdc7CufXcYJszX','OBPJRaU3qZ');
INSERT INTO online_cust(cust_id,username,password) VALUES (131,'K0xPMmGLSdAgxiG','ncHCUF2IH2');
INSERT INTO online_cust(cust_id,username,password) VALUES (132,'k5yzty1Hhn3QwgY','j8qThcpfyQ');
INSERT INTO online_cust(cust_id,username,password) VALUES (133,'KGrsuJA6zCRNOjk','Xpuugpolyl');
INSERT INTO online_cust(cust_id,username,password) VALUES (134,'kmEG68RgBD5twxY','lbGkOgh2jt');
INSERT INTO online_cust(cust_id,username,password) VALUES (135,'KMTNWUJOY8id8Y5','xpmBhs9JKj');
INSERT INTO online_cust(cust_id,username,password) VALUES (136,'kpr5N4f21KHZRZ1','RGlIEj7jfn');
INSERT INTO online_cust(cust_id,username,password) VALUES (137,'kVoGfQ6yqX7EiOm','2s27HKnMLL');
INSERT INTO online_cust(cust_id,username,password) VALUES (138,'L0IvY1keKMArGyR','1Om52H3b8d');
INSERT INTO online_cust(cust_id,username,password) VALUES (139,'LBtLEgBRJMCig6v','rXWEP39nK5');
INSERT INTO online_cust(cust_id,username,password) VALUES (140,'LG0qCDAzg8o14ZP','YhQMvnkbgM');
INSERT INTO online_cust(cust_id,username,password) VALUES (141,'LjB3NmQ8o1KlZox','EOO9MPFVmC');
INSERT INTO online_cust(cust_id,username,password) VALUES (142,'ll53k2bqBRurKgo','ptFd8Zw3dO');
INSERT INTO online_cust(cust_id,username,password) VALUES (143,'LN5x2XMZLWbqTRP','WXiCK1sYJD');
INSERT INTO online_cust(cust_id,username,password) VALUES (144,'LuZBOtPNJ2F3cOv','sGWjkkfDre');
INSERT INTO online_cust(cust_id,username,password) VALUES (145,'Ly4jKAUVDCNMSJu','AwC4xDwSsS');
INSERT INTO online_cust(cust_id,username,password) VALUES (146,'MBCnVvdb2uuUfRI','ptgk22R8ev');
INSERT INTO online_cust(cust_id,username,password) VALUES (147,'Md4nL8caxywujH7','w2pOsW3Tr5');
INSERT INTO online_cust(cust_id,username,password) VALUES (148,'me3iazng9idxEfb','2OC9T38ke7');
INSERT INTO online_cust(cust_id,username,password) VALUES (149,'me87sMW0Yp2HaMm','K0Wckq6aXC');
INSERT INTO online_cust(cust_id,username,password) VALUES (150,'MYeAijopvGaHoDO','YyQF8HEQos');
INSERT INTO online_cust(cust_id,username,password) VALUES (151,'n5CmJ943aJ5rlBs','pNMxQzEmgI');
INSERT INTO online_cust(cust_id,username,password) VALUES (152,'NAlRo4aAjhV7eVo','az9rmyZjVv');
INSERT INTO online_cust(cust_id,username,password) VALUES (153,'NH3RmCm5hTVkhy7','x0Lz3nUTB6');
INSERT INTO online_cust(cust_id,username,password) VALUES (154,'NHE7CHzAYsv4G9U','Ae1OPsVAAX');
INSERT INTO online_cust(cust_id,username,password) VALUES (155,'nO21F0pbu7Rg2Rh','wx9UKHiMbB');
INSERT INTO online_cust(cust_id,username,password) VALUES (156,'nVM9kfRiqDmLQuq','wvuyEqIpgg');
INSERT INTO online_cust(cust_id,username,password) VALUES (157,'nz0rB3CWRINqr7u','aB48ApIinK');
INSERT INTO online_cust(cust_id,username,password) VALUES (158,'oAn8eQiOJIuZx7a','32JkcNq7DI');
INSERT INTO online_cust(cust_id,username,password) VALUES (159,'OdEfmFukXZmswRB','c3AqlNER6y');
INSERT INTO online_cust(cust_id,username,password) VALUES (160,'oP0Fv5lqx8pK9AC','v1oZlMxHut');
INSERT INTO online_cust(cust_id,username,password) VALUES (161,'oWlYVb3NzPzoT2o','bBg2QK5kTv');
INSERT INTO online_cust(cust_id,username,password) VALUES (162,'ozjLdR6diLIa7pX','A1MA7HgA9W');
INSERT INTO online_cust(cust_id,username,password) VALUES (163,'P4zjhwjWrfPr9Rm','UOWdzSqyTT');
INSERT INTO online_cust(cust_id,username,password) VALUES (164,'p59SOYfVKkcKHco','K1eQKLvsrN');
INSERT INTO online_cust(cust_id,username,password) VALUES (165,'pgXs92FsLJKdKmU','VQK7gxy62i');
INSERT INTO online_cust(cust_id,username,password) VALUES (166,'pSBYj4jgWmGMAuT','c1ht0KIC3N');
INSERT INTO online_cust(cust_id,username,password) VALUES (167,'pSoWt5Ci2XTr0K9','Mt7fflPcNj');
INSERT INTO online_cust(cust_id,username,password) VALUES (168,'Pwby8FXHBWM8YXz','GpQvpr1xjg');
INSERT INTO online_cust(cust_id,username,password) VALUES (169,'PweCzJLHrEtbhp3','j9OGe4mOxK');
INSERT INTO online_cust(cust_id,username,password) VALUES (170,'pYP4YsjZ0woAM1l','mpzGfMr5yH');
INSERT INTO online_cust(cust_id,username,password) VALUES (171,'q4kGqlhHiTFzECF','rBWzcMQ634');
INSERT INTO online_cust(cust_id,username,password) VALUES (172,'q8y9ShKqPwv25up','QgT8Wx5fWH');
INSERT INTO online_cust(cust_id,username,password) VALUES (173,'QMlEYRWlZLozfIO','m9zVpkyTYO');
INSERT INTO online_cust(cust_id,username,password) VALUES (174,'qwMvJ7g89ts9iTA','OCPx83ZQf1');
INSERT INTO online_cust(cust_id,username,password) VALUES (175,'Qxop3VNnxdUGW8q','ATfD6QQsf0');
INSERT INTO online_cust(cust_id,username,password) VALUES (176,'qZvSflpUer3dZ99','lREGFr9JHB');
INSERT INTO online_cust(cust_id,username,password) VALUES (177,'R2VyPDlU84NvNn3','0j9ZOWnrXL');
INSERT INTO online_cust(cust_id,username,password) VALUES (178,'rbGPxqKZJ4ciWGK','ypNAzJWm2n');
INSERT INTO online_cust(cust_id,username,password) VALUES (179,'rCqqM3y2VUwHb38','IACXWHfg3o');
INSERT INTO online_cust(cust_id,username,password) VALUES (180,'rH6t1Du2dqXddzu','j7CgWRpfAL');
INSERT INTO online_cust(cust_id,username,password) VALUES (181,'rLKlBIX3GctjqtB','VajsKA8NMw');
INSERT INTO online_cust(cust_id,username,password) VALUES (182,'RllxrsGgN0mk8dc','yN1dXjR9zX');
INSERT INTO online_cust(cust_id,username,password) VALUES (183,'RNdw91JoDn8ww77','bRRAKCHnqs');
INSERT INTO online_cust(cust_id,username,password) VALUES (184,'RtUuqZgMRRvX1D1','hygMEQT06I');
INSERT INTO online_cust(cust_id,username,password) VALUES (185,'ruvwVWE9h7E0puU','zJEFle9Jwc');
INSERT INTO online_cust(cust_id,username,password) VALUES (186,'S3yQ1TEtptCp6Ro','4LIUGjxOv3');
INSERT INTO online_cust(cust_id,username,password) VALUES (187,'sfAPr2HYrBEpapy','UVx4Uumua1');
INSERT INTO online_cust(cust_id,username,password) VALUES (188,'sklY5edEJVdxaoo','suc9TGxAFB');
INSERT INTO online_cust(cust_id,username,password) VALUES (189,'SpPeqVP8cDSLKBl','1uNXgsISym');
INSERT INTO online_cust(cust_id,username,password) VALUES (190,'SPYlZAmwZ9MGQg8','fMQbYIwLoD');
INSERT INTO online_cust(cust_id,username,password) VALUES (191,'SQeeoUMjeblpVp6','PAFaJ0ckDt');
INSERT INTO online_cust(cust_id,username,password) VALUES (192,'sqEexeZstvyPBux','WxMtUfpFtf');
INSERT INTO online_cust(cust_id,username,password) VALUES (193,'szNYrnaDO9329Jw','SosmDA6ASH');
INSERT INTO online_cust(cust_id,username,password) VALUES (194,'t83lr8ju618rP4Z','8dRKqeOlEC');
INSERT INTO online_cust(cust_id,username,password) VALUES (195,'tK25gLDInTRAodJ','0CT8PoM7E6');
INSERT INTO online_cust(cust_id,username,password) VALUES (196,'tON4OMMPT71Vl2W','w346ZuuoIM');
INSERT INTO online_cust(cust_id,username,password) VALUES (197,'TUxcsaaMdXKSBHa','u0T9eE8D3Y');
INSERT INTO online_cust(cust_id,username,password) VALUES (198,'tvRp7PzmJ17BVZC','IY7hwW4oVu');
INSERT INTO online_cust(cust_id,username,password) VALUES (199,'TXQDZBB625xilZF','GaByT2W1SD');
INSERT INTO online_cust(cust_id,username,password) VALUES (200,'tYhLAe0HOfAHo5E','1etunWu64s');
INSERT INTO online_cust(cust_id,username,password) VALUES (201,'u38FSEd7JXhMNcB','L5Htxm01my');
INSERT INTO online_cust(cust_id,username,password) VALUES (202,'u4nOWrPoQbSMjTV','eRCJbU9sYl');
INSERT INTO online_cust(cust_id,username,password) VALUES (203,'U5u5u3AdkZcv7AI','SnB4ZSxuEq');
INSERT INTO online_cust(cust_id,username,password) VALUES (204,'UbBvAa8rMgG72AI','TssjjO4IjK');
INSERT INTO online_cust(cust_id,username,password) VALUES (205,'ucNUBY7bAoivGTg','88sLZuKyij');
INSERT INTO online_cust(cust_id,username,password) VALUES (206,'UfLsgFCb0PactJv','vs0s20vt0E');
INSERT INTO online_cust(cust_id,username,password) VALUES (207,'UJgag8Cj0SJriGE','ujR9wB8uUD');
INSERT INTO online_cust(cust_id,username,password) VALUES (208,'uM8mq9r5ZGRUvG7','X1GhFsdphU');
INSERT INTO online_cust(cust_id,username,password) VALUES (209,'umfPQcbu2XT7wLj','Ak2s1PXNZo');
INSERT INTO online_cust(cust_id,username,password) VALUES (210,'UrI6CvOnUO1VADh','Ef3hWlFtF2');
INSERT INTO online_cust(cust_id,username,password) VALUES (211,'URMN0xkl4Poikxe','zq7zC5VHAX');
INSERT INTO online_cust(cust_id,username,password) VALUES (212,'UZnMIxyQX3MlLXy','CvPcZf38bs');
INSERT INTO online_cust(cust_id,username,password) VALUES (213,'v1Szk7eu7rxGZPi','BDRLhuK3vT');
INSERT INTO online_cust(cust_id,username,password) VALUES (214,'VAuO2xqifpug7Br','c6IrZWNMrr');
INSERT INTO online_cust(cust_id,username,password) VALUES (215,'vCfv2tjbjFUY451','XwRrycEccn');
INSERT INTO online_cust(cust_id,username,password) VALUES (216,'vg628fWyiquKhdh','5ZB0AGoZ3v');
INSERT INTO online_cust(cust_id,username,password) VALUES (217,'vjcDQXmdPtnLPtT','cBGY5ZqLUC');
INSERT INTO online_cust(cust_id,username,password) VALUES (218,'vjIJuff3GxEkDQN','vZLvpU2HcI');
INSERT INTO online_cust(cust_id,username,password) VALUES (219,'VkHCeCPlqEt2qGm','qheZxoUuKC');
INSERT INTO online_cust(cust_id,username,password) VALUES (220,'vLOKZ3z4FjYKvDI','RoVLv6Upve');
INSERT INTO online_cust(cust_id,username,password) VALUES (221,'VlsxZdUEyealbYr','38aZQzyscQ');
INSERT INTO online_cust(cust_id,username,password) VALUES (222,'vruXAAEwFpAzeAf','q9Yv2yWMYN');
INSERT INTO online_cust(cust_id,username,password) VALUES (223,'VVvf3JXa1LLq9aN','XA1t60U05W');
INSERT INTO online_cust(cust_id,username,password) VALUES (224,'vW9Ye2HDjFYwDGZ','9GRkKjfyvP');
INSERT INTO online_cust(cust_id,username,password) VALUES (225,'vZiDxEeaEQj5RSc','fIeQeLDV5A');
INSERT INTO online_cust(cust_id,username,password) VALUES (226,'w1YmW1SPhqbNWs9','CrFHNXQBPF');
INSERT INTO online_cust(cust_id,username,password) VALUES (227,'WHsQmoe33g6vZUg','CXY7FNTH2u');
INSERT INTO online_cust(cust_id,username,password) VALUES (228,'wNVK04dOFNBVBUP','kx6dGihXsA');
INSERT INTO online_cust(cust_id,username,password) VALUES (229,'x3tozwz4QtBrKLg','O614bP2sGJ');
INSERT INTO online_cust(cust_id,username,password) VALUES (230,'XAqQ20ZQJsKiuxr','oC1Gsx1ktB');
INSERT INTO online_cust(cust_id,username,password) VALUES (231,'XBN0i4KneDWQ0dp','gRG57Tojb6');
INSERT INTO online_cust(cust_id,username,password) VALUES (232,'xBoioXKAUjkeLKw','pwg6wZvAsq');
INSERT INTO online_cust(cust_id,username,password) VALUES (233,'XCtw9o3ZlctUoiS','ftAGKgJIkF');
INSERT INTO online_cust(cust_id,username,password) VALUES (234,'XEw9CiA48T5V2yo','OEORZNf8Dy');
INSERT INTO online_cust(cust_id,username,password) VALUES (235,'xfeaCmWYdPcgPwE','2ynlOqCJUy');
INSERT INTO online_cust(cust_id,username,password) VALUES (236,'xL25Bnhr2H7Agp6','VibMKATfEJ');
INSERT INTO online_cust(cust_id,username,password) VALUES (237,'XpsSleXfCCTDGFL','mupTofxmPQ');
INSERT INTO online_cust(cust_id,username,password) VALUES (238,'xuB9GOsC8UNzLPB','7XgVVTTdCs');
INSERT INTO online_cust(cust_id,username,password) VALUES (239,'xVQWtONNkLBvgcy','Sp4QeQ3ztX');
INSERT INTO online_cust(cust_id,username,password) VALUES (240,'y5PzWmChbMpDjY9','EYHdyVUEHl');
INSERT INTO online_cust(cust_id,username,password) VALUES (241,'yevD2K6BiNH2XOK','O8nBBd90OD');
INSERT INTO online_cust(cust_id,username,password) VALUES (242,'ygGqCYowh7qWWCB','cAgah9SPh9');
INSERT INTO online_cust(cust_id,username,password) VALUES (243,'Yr49Ifc9SC3uwi4','l9K1rF3N0z');
INSERT INTO online_cust(cust_id,username,password) VALUES (244,'yUFLHRFmQfVCjtB','9amshxoYEn');
INSERT INTO online_cust(cust_id,username,password) VALUES (245,'yzxMV9JMz9uGjjp','lEhgQoXwkS');
INSERT INTO online_cust(cust_id,username,password) VALUES (246,'ZEN5kUQ4DxZKmAA','vMZLSFjICl');
INSERT INTO online_cust(cust_id,username,password) VALUES (247,'ZF6cpLXiPQBh0Gk','qJCrSLHkAX');
INSERT INTO online_cust(cust_id,username,password) VALUES (248,'Zi3omAz79tUeOqD','pGlbm1De3H');
INSERT INTO online_cust(cust_id,username,password) VALUES (249,'zPEk2dzwtYU259f','Sl7rhrembr');
INSERT INTO online_cust(cust_id,username,password) VALUES (250,'zZNrlMgxCjo6BQe','Gqq6rmHuzj');

--purchases

INSERT INTO purchases(product_id,username,password,cust_id) VALUES ('00Sez','04zSGqEk46K1Eg5','Sq0HRw6bkM',1);
INSERT INTO purchases(product_id,username,password,cust_id) VALUES ('0App1','0BHzBYY0I1Ips63','Ek6kxjKnEg',2);
INSERT INTO purchases(product_id,username,password,cust_id) VALUES ('0bg6t','0exuVqXCTASkUiN','wKji19azjZ',3);
INSERT INTO purchases(product_id,username,password,cust_id) VALUES ('0F3Kq','1CdBVkCdCRNKSLO','tbLzgEJ1zy',4);
INSERT INTO purchases(product_id,username,password,cust_id) VALUES ('0Jl4l','1m52gIyjzoWrnLi','F2gcr6RxB3',5);
INSERT INTO purchases(product_id,username,password,cust_id) VALUES ('0tBCl','21zzyQhaSQmfOEf','KDBsygPKPx',6);
INSERT INTO purchases(product_id,username,password,cust_id) VALUES ('0ulkb','2eEECKjwD1aUhOR','jG1akvTdJG',7);
INSERT INTO purchases(product_id,username,password,cust_id) VALUES ('0Y2VS','2tWKgdQ8RMZTXjU','JqWJavu0Hs',8);
INSERT INTO purchases(product_id,username,password,cust_id) VALUES ('0yrCX','2TxI9IH0SPqzZ3x','VX8TMs29bE',9);
INSERT INTO purchases(product_id,username,password,cust_id) VALUES ('1aRmD','2vpOLbfcpYToUXK','bC6EfY20Lz',10);
INSERT INTO purchases(product_id,username,password,cust_id) VALUES ('1bZcE','2YhtV8kFr1IaQRY','0anjabAGRL',11);
INSERT INTO purchases(product_id,username,password,cust_id) VALUES ('1D2Qm','3ARMr82XljK22r3','ArVUaLKao4',12);
INSERT INTO purchases(product_id,username,password,cust_id) VALUES ('1J7yW','3KNOCVGD5rAgbvd','ec7PHkH5j3',13);
INSERT INTO purchases(product_id,username,password,cust_id) VALUES ('1mJlh','3KoF13gg88ovKTy','YRRtLGZL7C',14);
INSERT INTO purchases(product_id,username,password,cust_id) VALUES ('1ud5V','3O7dAKpXw7qudL8','o6hnXrgeR7',15);
INSERT INTO purchases(product_id,username,password,cust_id) VALUES ('2fZfz','3osjjrjDICzuIcY','Qx99rgsvvf',16);
INSERT INTO purchases(product_id,username,password,cust_id) VALUES ('32pzm','3RC6tiwVoGNwqch','wEl3FanVOQ',17);
INSERT INTO purchases(product_id,username,password,cust_id) VALUES ('39IAO','3RoeF27pCVi9KfV','JBERsFsjuX',18);
INSERT INTO purchases(product_id,username,password,cust_id) VALUES ('3Ikj9','47a7qtcw4bgsAgV','TmxDnPrkki',19);
INSERT INTO purchases(product_id,username,password,cust_id) VALUES ('3P6UR','480x6aJ60Ni04bh','rbR9Srk3GH',20);
INSERT INTO purchases(product_id,username,password,cust_id) VALUES ('4Or5G','485yPpIxBI0oPcU','aAGUbl6rYw',21);
INSERT INTO purchases(product_id,username,password,cust_id) VALUES ('4rvOU','4zYpY9EJyGlMnqO','mDYodKHQC8',22);
INSERT INTO purchases(product_id,username,password,cust_id) VALUES ('5pQkb','5AQjdXZGl6IoRK6','2vTyYsjuRH',23);
INSERT INTO purchases(product_id,username,password,cust_id) VALUES ('5rHoj','5qkGfFOZ0Nl6eLI','XSwe5N5mWn',24);
INSERT INTO purchases(product_id,username,password,cust_id) VALUES ('5ufx6','64XteoQKeBc3Py0','jfmpEmFMli',25);
INSERT INTO purchases(product_id,username,password,cust_id) VALUES ('5XkBD','655hIepCW89Rlql','4znB7EvPhu',26);
INSERT INTO purchases(product_id,username,password,cust_id) VALUES ('646py','6avTsfUvFr2IcVd','kqq1h7dKVc',27);
INSERT INTO purchases(product_id,username,password,cust_id) VALUES ('68XLu','6FZ3izfxDx5CwmS','XM2xFBwqi4',28);
INSERT INTO purchases(product_id,username,password,cust_id) VALUES ('6gB4p','6jt0mga6PYPRkvS','fUa0C7Qa6z',29);
INSERT INTO purchases(product_id,username,password,cust_id) VALUES ('6iV8H','6r4nnHxDg2nmFS8','8Mp6HHpubF',30);
INSERT INTO purchases(product_id,username,password,cust_id) VALUES ('6os16','6tC7STvyzZKb8Cd','9WNRuuROJD',31);
INSERT INTO purchases(product_id,username,password,cust_id) VALUES ('6qH8X','7CyxEPDoT0jtxDh','UtTitEFEJv',32);
INSERT INTO purchases(product_id,username,password,cust_id) VALUES ('6rA7X','7FS2bP7DDZRVE3Z','NyAfEQaXFe',33);
INSERT INTO purchases(product_id,username,password,cust_id) VALUES ('6uJr5','7mt2Dcp6HOUCv9f','3OgbPU3ISx',34);
INSERT INTO purchases(product_id,username,password,cust_id) VALUES ('7FzCI','8cvkruhlivmDeDX','T6XkuQTLlG',35);
INSERT INTO purchases(product_id,username,password,cust_id) VALUES ('7O3RO','8HIh0uLPnBwfsfh','Rt933sUBAI',36);
INSERT INTO purchases(product_id,username,password,cust_id) VALUES ('7qoEF','8wtehqU2sf3nES1','rxekOweZNc',37);
INSERT INTO purchases(product_id,username,password,cust_id) VALUES ('7vrqZ','96b3qK36DxdO2RI','VfDPX5wotG',38);
INSERT INTO purchases(product_id,username,password,cust_id) VALUES ('8Es5i','98WpTpRNXha1Bv6','VlO3pfG188',39);
INSERT INTO purchases(product_id,username,password,cust_id) VALUES ('8g4e6','9ATddtwSmJ21Tmn','jqoBe0m1EL',40);
INSERT INTO purchases(product_id,username,password,cust_id) VALUES ('8hWky','9iNt53NRFgoujyN','XKjfjTMt6V',41);
INSERT INTO purchases(product_id,username,password,cust_id) VALUES ('8QsBY','9JEdNrvTSEjVQXP','U4Oym0egTk',42);
INSERT INTO purchases(product_id,username,password,cust_id) VALUES ('8RiBi','9mViJbDN31z1sgS','jdWC5Wy0ON',43);
INSERT INTO purchases(product_id,username,password,cust_id) VALUES ('8WDS2','9vdgwR4kmO6w203','BVXM50A1jF',44);
INSERT INTO purchases(product_id,username,password,cust_id) VALUES ('8yj8i','a1PuYroXHQqUEfe','meKADo6hL6',45);
INSERT INTO purchases(product_id,username,password,cust_id) VALUES ('9anuC','ANZMdUCROEY2z1R','4sXTOcDtpO',46);
INSERT INTO purchases(product_id,username,password,cust_id) VALUES ('9gYU6','aXMrVkHQtXI0l5R','RnfYzluBzl',47);
INSERT INTO purchases(product_id,username,password,cust_id) VALUES ('9tDw2','B1UVrzW1oEunqWq','kepEyqRR3w',48);
INSERT INTO purchases(product_id,username,password,cust_id) VALUES ('ahqdR','BFxfjoVeIYCFKGB','YMJ7ynKphW',49);
INSERT INTO purchases(product_id,username,password,cust_id) VALUES ('amzzJ','bgBCweqxwhkBFsX','9Cqa9zkWW8',50);
INSERT INTO purchases(product_id,username,password,cust_id) VALUES ('AtcIr','bIaRUY91R0q58F2','MRVvsB7Q2Y',51);
INSERT INTO purchases(product_id,username,password,cust_id) VALUES ('atUDN','BkLksY6Hy8m2wfA','6xLePghfTV',52);
INSERT INTO purchases(product_id,username,password,cust_id) VALUES ('B2UYX','bM57ah2QgzIq8SO','exvBuzaMxX',53);
INSERT INTO purchases(product_id,username,password,cust_id) VALUES ('BduwR','BpuX9aSbliTPBBv','6V2wYjWYgA',54);
INSERT INTO purchases(product_id,username,password,cust_id) VALUES ('bfS7g','ByIb3hQHL3IWuNo','kOBBkcSOsl',55);
INSERT INTO purchases(product_id,username,password,cust_id) VALUES ('bikHz','c62QqjSgeEt1YBo','PBIFHaRpsi',56);
INSERT INTO purchases(product_id,username,password,cust_id) VALUES ('bsDZM','c9bazl7owIFaOAx','aSuwtTu35M',57);
INSERT INTO purchases(product_id,username,password,cust_id) VALUES ('BtPbz','c9XF1fnu2RA1qo6','vSuflsz60n',58);
INSERT INTO purchases(product_id,username,password,cust_id) VALUES ('Bukpo','CB3oIGGDGNoE97t','PZkvtyAwR8',59);
INSERT INTO purchases(product_id,username,password,cust_id) VALUES ('BV3tk','CDIk5zrboZpIdo6','lcwhFLvqhL',60);
INSERT INTO purchases(product_id,username,password,cust_id) VALUES ('bWiCS','cGtqKvKmANtuWUC','iv4rIU0JE3',61);
INSERT INTO purchases(product_id,username,password,cust_id) VALUES ('c9idy','chDXg8bmdhqOqj6','KNoIUjF5jI',62);
INSERT INTO purchases(product_id,username,password,cust_id) VALUES ('cAlO6','ckolgVmm2vjEOvc','nrpl3PGdkp',63);
INSERT INTO purchases(product_id,username,password,cust_id) VALUES ('Cjllp','CrmGssl8UWy1QlD','1ikOqFjP1O',64);
INSERT INTO purchases(product_id,username,password,cust_id) VALUES ('CLBVt','cylaojz49wuRYyK','fjZqi8OkY0',65);
INSERT INTO purchases(product_id,username,password,cust_id) VALUES ('cqCKk','D8KHNfQMh1JNEh0','fAUY7KhnYB',66);
INSERT INTO purchases(product_id,username,password,cust_id) VALUES ('cSn2O','DBn77KQJrJURvbJ','N3RFFblWrz',67);
INSERT INTO purchases(product_id,username,password,cust_id) VALUES ('CzGh1','DdIVFNRsw7ZlRGh','nltaKUJnNP',68);
INSERT INTO purchases(product_id,username,password,cust_id) VALUES ('daZ11','dDUeM1IFVkrp35k','cuxnkEiWJO',69);
INSERT INTO purchases(product_id,username,password,cust_id) VALUES ('deGT9','dJReSrLnMguPQrS','D8dLdm1mK5',70);
INSERT INTO purchases(product_id,username,password,cust_id) VALUES ('DHnoO','dkax695eYCSU6r3','OwFghKJThY',71);
INSERT INTO purchases(product_id,username,password,cust_id) VALUES ('DqtXm','dlHqXaoOU7prwaK','3ULzDOZv0M',72);
INSERT INTO purchases(product_id,username,password,cust_id) VALUES ('Du6Kw','dpvqwEzRdb04Xsb','PvgB4ltZhh',73);
INSERT INTO purchases(product_id,username,password,cust_id) VALUES ('dwVuN','Ds06GOeiEeViZsN','INaJMVpDDZ',74);
INSERT INTO purchases(product_id,username,password,cust_id) VALUES ('E8v9k','DScuKWZLX0iRRVr','eWEZLQKS9K',75);
INSERT INTO purchases(product_id,username,password,cust_id) VALUES ('ebLv8','dvyskJZ18xPWnSR','aJpyOwImjU',76);
INSERT INTO purchases(product_id,username,password,cust_id) VALUES ('eE6lb','DXOWAk7gfi5lFzl','qDSB47DTcR',77);
INSERT INTO purchases(product_id,username,password,cust_id) VALUES ('EeHPo','E7FaqhrMXEMOREv','Y6dbp2KcMj',78);
INSERT INTO purchases(product_id,username,password,cust_id) VALUES ('Eg80K','eCgmJt88zO6f7Ez','L1xlEU43vz',79);
INSERT INTO purchases(product_id,username,password,cust_id) VALUES ('EGvUK','ekHyLqqrgnHKHM4','yWbL08UjK9',80);
INSERT INTO purchases(product_id,username,password,cust_id) VALUES ('EhZOf','elxBaLs3Hy9m0wS','7pLlIXxaY2',81);
INSERT INTO purchases(product_id,username,password,cust_id) VALUES ('ejzWi','evGlNI3PbRibYua','z7qEEbrEhG',82);
INSERT INTO purchases(product_id,username,password,cust_id) VALUES ('EL4dn','EWB6PvWJmmga6yD','F7AfCV7gBh',83);
INSERT INTO purchases(product_id,username,password,cust_id) VALUES ('EnMub','EXGCadPa1k4GwyQ','OjFGfxcBri',84);
INSERT INTO purchases(product_id,username,password,cust_id) VALUES ('Esaa0','EY9t6LpqwXYiIkJ','glnC9LzVVa',85);
INSERT INTO purchases(product_id,username,password,cust_id) VALUES ('eScrY','F8RssqWWGctRa4H','laTppwYb2o',86);
INSERT INTO purchases(product_id,username,password,cust_id) VALUES ('ESO4Y','fJj8B05LTRoBZXb','JLK6rkBYja',87);
INSERT INTO purchases(product_id,username,password,cust_id) VALUES ('eVr1i','Fl63t0DyyCZbfj3','OdIR0nlMOK',88);
INSERT INTO purchases(product_id,username,password,cust_id) VALUES ('EzCDW','fmIuMYjhYpThhJD','fD5ZauE8jX',89);
INSERT INTO purchases(product_id,username,password,cust_id) VALUES ('FEhG1','FnwJ71swL7SlF9l','mccBz4rO6B',90);
INSERT INTO purchases(product_id,username,password,cust_id) VALUES ('Fhu5C','FPDfZeppc6kO5gE','sSzlvFJsFY',91);
INSERT INTO purchases(product_id,username,password,cust_id) VALUES ('fQREI','frleoxgCOTMEszF','RYJoQ6f9pF',92);
INSERT INTO purchases(product_id,username,password,cust_id) VALUES ('FR4hQ','FsCDPDNAIZxCRz6','S3mabbbXi5',93);
INSERT INTO purchases(product_id,username,password,cust_id) VALUES ('fwKUO','ftJgAnL7nvcySis','e2Gz3NsMHR',94);
INSERT INTO purchases(product_id,username,password,cust_id) VALUES ('G6RTb','fXRvnTR3Z8MM91V','8cNMAlrxp0',95);
INSERT INTO purchases(product_id,username,password,cust_id) VALUES ('gcSC1','g4lFGybPfF4J5oO','LtwXqjp1xQ',96);
INSERT INTO purchases(product_id,username,password,cust_id) VALUES ('GHAAi','G4ui85rLQXmDedG','22JgQkzyIR',97);
INSERT INTO purchases(product_id,username,password,cust_id) VALUES ('GOZQz','G6fkArgYDK8DVB0','CrZLyVstFZ',98);
INSERT INTO purchases(product_id,username,password,cust_id) VALUES ('gQLu3','g8WHCev9iqeJpZH','RkhMQdLusU',99);
INSERT INTO purchases(product_id,username,password,cust_id) VALUES ('gVyh4','g9bCmRf6FkyWm9f','pYOeEPNOnN',100);
INSERT INTO purchases(product_id,username,password,cust_id) VALUES ('gwVFG','GtyoLg0JgLAJdJz','1tMg9VlRzW',101);
INSERT INTO purchases(product_id,username,password,cust_id) VALUES ('gXDBk','GXcm8sDnDZCQjgV','YSxOFPRBk8',102);
INSERT INTO purchases(product_id,username,password,cust_id) VALUES ('h5Ny6','gyH7tyH654vrRDo','qSjcngH1AI',103);
INSERT INTO purchases(product_id,username,password,cust_id) VALUES ('hcTIo','gZR57N4Iq5qy845','CHQdGQc6Uw',104);
INSERT INTO purchases(product_id,username,password,cust_id) VALUES ('Hfn6b','H3P5TRfq4HJYgFM','c2Xa22SBIY',105);
INSERT INTO purchases(product_id,username,password,cust_id) VALUES ('HGpLK','H6uVG6Ic4EDA0P0','ExCYdMtjtn',106);
INSERT INTO purchases(product_id,username,password,cust_id) VALUES ('hHfeP','HazHzWZp5hWp8x0','ES2Zve5Nkx',107);
INSERT INTO purchases(product_id,username,password,cust_id) VALUES ('hMd1T','HlO8RaoiWP7xNpJ','9wbbKXkk6z',108);
INSERT INTO purchases(product_id,username,password,cust_id) VALUES ('hmZUk','hOAuD5g7G6ixZvX','SsbcU13y7f',109);
INSERT INTO purchases(product_id,username,password,cust_id) VALUES ('hoTWA','HOoUkXupgsbVnFh','JiM4MQEev0',110);
INSERT INTO purchases(product_id,username,password,cust_id) VALUES ('Hu0hI','hsSAEmqjBtSQsjj','QIIlw2mHlN',111);
INSERT INTO purchases(product_id,username,password,cust_id) VALUES ('HViwy','hWpFeazbwxApyXt','CgWJhTdIp6',112);
INSERT INTO purchases(product_id,username,password,cust_id) VALUES ('HYG7n','HYcJ5e9rDmHFsA2','QnI6mZ343E',113);
INSERT INTO purchases(product_id,username,password,cust_id) VALUES ('IFyJn','hYWRZjFfPCAdueW','WchAD2zmD9',114);
INSERT INTO purchases(product_id,username,password,cust_id) VALUES ('IhdVo','hzXI8AEOd5o3Ro0','crMnFKHpaS',115);
INSERT INTO purchases(product_id,username,password,cust_id) VALUES ('IlhbD','IbsSggNx9P8bEPC','4ZOReBgLtn',116);
INSERT INTO purchases(product_id,username,password,cust_id) VALUES ('IoQET','If3AyjIuxrN75Du','QsKhPJwFOE',117);
INSERT INTO purchases(product_id,username,password,cust_id) VALUES ('IqG9T','ifMRIVzNmR9j4eG','6fIx8t7X5h',118);
INSERT INTO purchases(product_id,username,password,cust_id) VALUES ('iqjEb','IhILCd2i3RpI4Km','MW3khn1nhj',119);
INSERT INTO purchases(product_id,username,password,cust_id) VALUES ('irFLk','isJVotjmR915ntf','a9ZAghOgk0',120);
INSERT INTO purchases(product_id,username,password,cust_id) VALUES ('Iwzxr','iWTCsfDtiLhhQw3','bg2GVwZ8a5',121);
INSERT INTO purchases(product_id,username,password,cust_id) VALUES ('iyIjn','ix0K7nGIZJwXPUe','lzctvZyPOm',122);
INSERT INTO purchases(product_id,username,password,cust_id) VALUES ('iZLID','j9QF4SKNr771JI4','VuAjmzYUjS',123);
INSERT INTO purchases(product_id,username,password,cust_id) VALUES ('j4GQ6','jbUHMXIPShCMLHE','nccYBmLd2H',124);
INSERT INTO purchases(product_id,username,password,cust_id) VALUES ('jcDsK','JejOiLvHVdgcGNP','StJNNtYT7O',125);
INSERT INTO purchases(product_id,username,password,cust_id) VALUES ('JD2vK','JILg8eE2O0mR2nh','HaGHrRcyTx',126);
INSERT INTO purchases(product_id,username,password,cust_id) VALUES ('jEK5h','jJonkAe0JWLBTyq','ZqbtsNVblo',127);
INSERT INTO purchases(product_id,username,password,cust_id) VALUES ('JfbyD','JnGW8RZKSRHvz8p','JijmRrvdFB',128);
INSERT INTO purchases(product_id,username,password,cust_id) VALUES ('jNFbh','JtyRtRrpWiwQdRk','8Jfa37vKR3',129);
INSERT INTO purchases(product_id,username,password,cust_id) VALUES ('JrERP','JZdc7CufXcYJszX','OBPJRaU3qZ',130);
INSERT INTO purchases(product_id,username,password,cust_id) VALUES ('jScm9','K0xPMmGLSdAgxiG','ncHCUF2IH2',131);
INSERT INTO purchases(product_id,username,password,cust_id) VALUES ('JsMYm','k5yzty1Hhn3QwgY','j8qThcpfyQ',132);
INSERT INTO purchases(product_id,username,password,cust_id) VALUES ('K1Tm6','KGrsuJA6zCRNOjk','Xpuugpolyl',133);
INSERT INTO purchases(product_id,username,password,cust_id) VALUES ('K86Er','kmEG68RgBD5twxY','lbGkOgh2jt',134);
INSERT INTO purchases(product_id,username,password,cust_id) VALUES ('KAFG0','KMTNWUJOY8id8Y5','xpmBhs9JKj',135);
INSERT INTO purchases(product_id,username,password,cust_id) VALUES ('klimt','kpr5N4f21KHZRZ1','RGlIEj7jfn',136);
INSERT INTO purchases(product_id,username,password,cust_id) VALUES ('KuyXp','kVoGfQ6yqX7EiOm','2s27HKnMLL',137);
INSERT INTO purchases(product_id,username,password,cust_id) VALUES ('kvoWC','L0IvY1keKMArGyR','1Om52H3b8d',138);
INSERT INTO purchases(product_id,username,password,cust_id) VALUES ('L1WIM','LBtLEgBRJMCig6v','rXWEP39nK5',139);
INSERT INTO purchases(product_id,username,password,cust_id) VALUES ('lIPxf','LG0qCDAzg8o14ZP','YhQMvnkbgM',140);
INSERT INTO purchases(product_id,username,password,cust_id) VALUES ('lpf0i','LjB3NmQ8o1KlZox','EOO9MPFVmC',141);
INSERT INTO purchases(product_id,username,password,cust_id) VALUES ('m19Ls','ll53k2bqBRurKgo','ptFd8Zw3dO',142);
INSERT INTO purchases(product_id,username,password,cust_id) VALUES ('m1P7O','LN5x2XMZLWbqTRP','WXiCK1sYJD',143);
INSERT INTO purchases(product_id,username,password,cust_id) VALUES ('maX6Z','LuZBOtPNJ2F3cOv','sGWjkkfDre',144);
INSERT INTO purchases(product_id,username,password,cust_id) VALUES ('mDYmz','Ly4jKAUVDCNMSJu','AwC4xDwSsS',145);
INSERT INTO purchases(product_id,username,password,cust_id) VALUES ('MGg7T','MBCnVvdb2uuUfRI','ptgk22R8ev',146);
INSERT INTO purchases(product_id,username,password,cust_id) VALUES ('MI2xC','Md4nL8caxywujH7','w2pOsW3Tr5',147);
INSERT INTO purchases(product_id,username,password,cust_id) VALUES ('mmblg','me3iazng9idxEfb','2OC9T38ke7',148);
INSERT INTO purchases(product_id,username,password,cust_id) VALUES ('MNJJu','me87sMW0Yp2HaMm','K0Wckq6aXC',149);
INSERT INTO purchases(product_id,username,password,cust_id) VALUES ('mpNO5','MYeAijopvGaHoDO','YyQF8HEQos',150);
INSERT INTO purchases(product_id,username,password,cust_id) VALUES ('mSuJT','n5CmJ943aJ5rlBs','pNMxQzEmgI',151);
INSERT INTO purchases(product_id,username,password,cust_id) VALUES ('Mx2WK','NAlRo4aAjhV7eVo','az9rmyZjVv',152);
INSERT INTO purchases(product_id,username,password,cust_id) VALUES ('N4Zaa','NH3RmCm5hTVkhy7','x0Lz3nUTB6',153);
INSERT INTO purchases(product_id,username,password,cust_id) VALUES ('ncWY0','NHE7CHzAYsv4G9U','Ae1OPsVAAX',154);
INSERT INTO purchases(product_id,username,password,cust_id) VALUES ('nfJlV','nO21F0pbu7Rg2Rh','wx9UKHiMbB',155);
INSERT INTO purchases(product_id,username,password,cust_id) VALUES ('nItOT','nVM9kfRiqDmLQuq','wvuyEqIpgg',156);
INSERT INTO purchases(product_id,username,password,cust_id) VALUES ('NlVvr','nz0rB3CWRINqr7u','aB48ApIinK',157);
INSERT INTO purchases(product_id,username,password,cust_id) VALUES ('NsHjm','oAn8eQiOJIuZx7a','32JkcNq7DI',158);
INSERT INTO purchases(product_id,username,password,cust_id) VALUES ('nW0UC','OdEfmFukXZmswRB','c3AqlNER6y',159);
INSERT INTO purchases(product_id,username,password,cust_id) VALUES ('NwvtD','oP0Fv5lqx8pK9AC','v1oZlMxHut',160);
INSERT INTO purchases(product_id,username,password,cust_id) VALUES ('nzxvn','oWlYVb3NzPzoT2o','bBg2QK5kTv',161);
INSERT INTO purchases(product_id,username,password,cust_id) VALUES ('o4XRG','ozjLdR6diLIa7pX','A1MA7HgA9W',162);
INSERT INTO purchases(product_id,username,password,cust_id) VALUES ('oCNpy','P4zjhwjWrfPr9Rm','UOWdzSqyTT',163);
INSERT INTO purchases(product_id,username,password,cust_id) VALUES ('OHfX1','p59SOYfVKkcKHco','K1eQKLvsrN',164);
INSERT INTO purchases(product_id,username,password,cust_id) VALUES ('OHZyw','pgXs92FsLJKdKmU','VQK7gxy62i',165);
INSERT INTO purchases(product_id,username,password,cust_id) VALUES ('oQCPL','pSBYj4jgWmGMAuT','c1ht0KIC3N',166);
INSERT INTO purchases(product_id,username,password,cust_id) VALUES ('OtHjx','pSoWt5Ci2XTr0K9','Mt7fflPcNj',167);
INSERT INTO purchases(product_id,username,password,cust_id) VALUES ('oxMFZ','Pwby8FXHBWM8YXz','GpQvpr1xjg',168);
INSERT INTO purchases(product_id,username,password,cust_id) VALUES ('OZonz','PweCzJLHrEtbhp3','j9OGe4mOxK',169);
INSERT INTO purchases(product_id,username,password,cust_id) VALUES ('P0yTe','pYP4YsjZ0woAM1l','mpzGfMr5yH',170);
INSERT INTO purchases(product_id,username,password,cust_id) VALUES ('P3xaA','q4kGqlhHiTFzECF','rBWzcMQ634',171);
INSERT INTO purchases(product_id,username,password,cust_id) VALUES ('P7CBR','q8y9ShKqPwv25up','QgT8Wx5fWH',172);
INSERT INTO purchases(product_id,username,password,cust_id) VALUES ('PoSxK','QMlEYRWlZLozfIO','m9zVpkyTYO',173);
INSERT INTO purchases(product_id,username,password,cust_id) VALUES ('Q1Bhp','qwMvJ7g89ts9iTA','OCPx83ZQf1',174);
INSERT INTO purchases(product_id,username,password,cust_id) VALUES ('qESIh','Qxop3VNnxdUGW8q','ATfD6QQsf0',175);
INSERT INTO purchases(product_id,username,password,cust_id) VALUES ('QhxZ5','qZvSflpUer3dZ99','lREGFr9JHB',176);
INSERT INTO purchases(product_id,username,password,cust_id) VALUES ('qmWgn','R2VyPDlU84NvNn3','0j9ZOWnrXL',177);
INSERT INTO purchases(product_id,username,password,cust_id) VALUES ('QoxQf','rbGPxqKZJ4ciWGK','ypNAzJWm2n',178);
INSERT INTO purchases(product_id,username,password,cust_id) VALUES ('qZ8pj','rCqqM3y2VUwHb38','IACXWHfg3o',179);
INSERT INTO purchases(product_id,username,password,cust_id) VALUES ('R56bk','rH6t1Du2dqXddzu','j7CgWRpfAL',180);
INSERT INTO purchases(product_id,username,password,cust_id) VALUES ('R5aPR','rLKlBIX3GctjqtB','VajsKA8NMw',181);
INSERT INTO purchases(product_id,username,password,cust_id) VALUES ('r8xyT','RllxrsGgN0mk8dc','yN1dXjR9zX',182);
INSERT INTO purchases(product_id,username,password,cust_id) VALUES ('rbUeL','RNdw91JoDn8ww77','bRRAKCHnqs',183);
INSERT INTO purchases(product_id,username,password,cust_id) VALUES ('rfHR6','RtUuqZgMRRvX1D1','hygMEQT06I',184);
INSERT INTO purchases(product_id,username,password,cust_id) VALUES ('rgjFX','ruvwVWE9h7E0puU','zJEFle9Jwc',185);
INSERT INTO purchases(product_id,username,password,cust_id) VALUES ('rGxlh','S3yQ1TEtptCp6Ro','4LIUGjxOv3',186);
INSERT INTO purchases(product_id,username,password,cust_id) VALUES ('ROsa0','sfAPr2HYrBEpapy','UVx4Uumua1',187);
INSERT INTO purchases(product_id,username,password,cust_id) VALUES ('RvLSw','sklY5edEJVdxaoo','suc9TGxAFB',188);
INSERT INTO purchases(product_id,username,password,cust_id) VALUES ('rzzZJ','SpPeqVP8cDSLKBl','1uNXgsISym',189);
INSERT INTO purchases(product_id,username,password,cust_id) VALUES ('SAyRY','SPYlZAmwZ9MGQg8','fMQbYIwLoD',190);
INSERT INTO purchases(product_id,username,password,cust_id) VALUES ('SD15F','SQeeoUMjeblpVp6','PAFaJ0ckDt',191);
INSERT INTO purchases(product_id,username,password,cust_id) VALUES ('SHbyU','sqEexeZstvyPBux','WxMtUfpFtf',192);
INSERT INTO purchases(product_id,username,password,cust_id) VALUES ('SLywy','szNYrnaDO9329Jw','SosmDA6ASH',193);
INSERT INTO purchases(product_id,username,password,cust_id) VALUES ('srZck','t83lr8ju618rP4Z','8dRKqeOlEC',194);
INSERT INTO purchases(product_id,username,password,cust_id) VALUES ('SVnOi','tK25gLDInTRAodJ','0CT8PoM7E6',195);
INSERT INTO purchases(product_id,username,password,cust_id) VALUES ('SZAe8','tON4OMMPT71Vl2W','w346ZuuoIM',196);
INSERT INTO purchases(product_id,username,password,cust_id) VALUES ('SZPfl','TUxcsaaMdXKSBHa','u0T9eE8D3Y',197);
INSERT INTO purchases(product_id,username,password,cust_id) VALUES ('T2H3J','tvRp7PzmJ17BVZC','IY7hwW4oVu',198);
INSERT INTO purchases(product_id,username,password,cust_id) VALUES ('T2y60','TXQDZBB625xilZF','GaByT2W1SD',199);
INSERT INTO purchases(product_id,username,password,cust_id) VALUES ('Tbc5V','tYhLAe0HOfAHo5E','1etunWu64s',200);
INSERT INTO purchases(product_id,username,password,cust_id) VALUES ('Tczeq','u38FSEd7JXhMNcB','L5Htxm01my',201);
INSERT INTO purchases(product_id,username,password,cust_id) VALUES ('TIRss','u4nOWrPoQbSMjTV','eRCJbU9sYl',202);
INSERT INTO purchases(product_id,username,password,cust_id) VALUES ('TkYuy','U5u5u3AdkZcv7AI','SnB4ZSxuEq',203);
INSERT INTO purchases(product_id,username,password,cust_id) VALUES ('tq9JJ','UbBvAa8rMgG72AI','TssjjO4IjK',204);
INSERT INTO purchases(product_id,username,password,cust_id) VALUES ('tr9lK','ucNUBY7bAoivGTg','88sLZuKyij',205);
INSERT INTO purchases(product_id,username,password,cust_id) VALUES ('U4xcm','UfLsgFCb0PactJv','vs0s20vt0E',206);
INSERT INTO purchases(product_id,username,password,cust_id) VALUES ('Ub1xu','UJgag8Cj0SJriGE','ujR9wB8uUD',207);
INSERT INTO purchases(product_id,username,password,cust_id) VALUES ('Uf1OQ','uM8mq9r5ZGRUvG7','X1GhFsdphU',208);
INSERT INTO purchases(product_id,username,password,cust_id) VALUES ('UFf1v','umfPQcbu2XT7wLj','Ak2s1PXNZo',209);
INSERT INTO purchases(product_id,username,password,cust_id) VALUES ('UWtO9','UrI6CvOnUO1VADh','Ef3hWlFtF2',210);
INSERT INTO purchases(product_id,username,password,cust_id) VALUES ('UyFfO','URMN0xkl4Poikxe','zq7zC5VHAX',211);
INSERT INTO purchases(product_id,username,password,cust_id) VALUES ('Vcy1n','UZnMIxyQX3MlLXy','CvPcZf38bs',212);
INSERT INTO purchases(product_id,username,password,cust_id) VALUES ('VNRfG','v1Szk7eu7rxGZPi','BDRLhuK3vT',213);
INSERT INTO purchases(product_id,username,password,cust_id) VALUES ('vU7Ve','VAuO2xqifpug7Br','c6IrZWNMrr',214);
INSERT INTO purchases(product_id,username,password,cust_id) VALUES ('vuyw2','vCfv2tjbjFUY451','XwRrycEccn',215);
INSERT INTO purchases(product_id,username,password,cust_id) VALUES ('W2rjo','vg628fWyiquKhdh','5ZB0AGoZ3v',216);
INSERT INTO purchases(product_id,username,password,cust_id) VALUES ('weZjQ','vjcDQXmdPtnLPtT','cBGY5ZqLUC',217);
INSERT INTO purchases(product_id,username,password,cust_id) VALUES ('WHnGz','vjIJuff3GxEkDQN','vZLvpU2HcI',218);
INSERT INTO purchases(product_id,username,password,cust_id) VALUES ('WiboC','VkHCeCPlqEt2qGm','qheZxoUuKC',219);
INSERT INTO purchases(product_id,username,password,cust_id) VALUES ('wiD7L','vLOKZ3z4FjYKvDI','RoVLv6Upve',220);
INSERT INTO purchases(product_id,username,password,cust_id) VALUES ('Wiow5','VlsxZdUEyealbYr','38aZQzyscQ',221);
INSERT INTO purchases(product_id,username,password,cust_id) VALUES ('wkkOY','vruXAAEwFpAzeAf','q9Yv2yWMYN',222);
INSERT INTO purchases(product_id,username,password,cust_id) VALUES ('wKSOn','VVvf3JXa1LLq9aN','XA1t60U05W',223);
INSERT INTO purchases(product_id,username,password,cust_id) VALUES ('WmtF2','vW9Ye2HDjFYwDGZ','9GRkKjfyvP',224);
INSERT INTO purchases(product_id,username,password,cust_id) VALUES ('wp4Wa','vZiDxEeaEQj5RSc','fIeQeLDV5A',225);
INSERT INTO purchases(product_id,username,password,cust_id) VALUES ('WzTb7','w1YmW1SPhqbNWs9','CrFHNXQBPF',226);
INSERT INTO purchases(product_id,username,password,cust_id) VALUES ('X60bU','WHsQmoe33g6vZUg','CXY7FNTH2u',227);
INSERT INTO purchases(product_id,username,password,cust_id) VALUES ('X65lY','wNVK04dOFNBVBUP','kx6dGihXsA',228);
INSERT INTO purchases(product_id,username,password,cust_id) VALUES ('xB2vu','x3tozwz4QtBrKLg','O614bP2sGJ',229);
INSERT INTO purchases(product_id,username,password,cust_id) VALUES ('xDzz5','XAqQ20ZQJsKiuxr','oC1Gsx1ktB',230);
INSERT INTO purchases(product_id,username,password,cust_id) VALUES ('XhYgb','XBN0i4KneDWQ0dp','gRG57Tojb6',231);
INSERT INTO purchases(product_id,username,password,cust_id) VALUES ('Xk5Mq','xBoioXKAUjkeLKw','pwg6wZvAsq',232);
INSERT INTO purchases(product_id,username,password,cust_id) VALUES ('XnpMn','XCtw9o3ZlctUoiS','ftAGKgJIkF',233);
INSERT INTO purchases(product_id,username,password,cust_id) VALUES ('XOh1l','XEw9CiA48T5V2yo','OEORZNf8Dy',234);
INSERT INTO purchases(product_id,username,password,cust_id) VALUES ('xs5EW','xfeaCmWYdPcgPwE','2ynlOqCJUy',235);
INSERT INTO purchases(product_id,username,password,cust_id) VALUES ('xsHp4','xL25Bnhr2H7Agp6','VibMKATfEJ',236);
INSERT INTO purchases(product_id,username,password,cust_id) VALUES ('xSZq3','XpsSleXfCCTDGFL','mupTofxmPQ',237);
INSERT INTO purchases(product_id,username,password,cust_id) VALUES ('XtZD4','xuB9GOsC8UNzLPB','7XgVVTTdCs',238);
INSERT INTO purchases(product_id,username,password,cust_id) VALUES ('XxdMy','xVQWtONNkLBvgcy','Sp4QeQ3ztX',239);
INSERT INTO purchases(product_id,username,password,cust_id) VALUES ('Xzl8i','y5PzWmChbMpDjY9','EYHdyVUEHl',240);
INSERT INTO purchases(product_id,username,password,cust_id) VALUES ('Y4hNO','yevD2K6BiNH2XOK','O8nBBd90OD',241);
INSERT INTO purchases(product_id,username,password,cust_id) VALUES ('YiRvE','ygGqCYowh7qWWCB','cAgah9SPh9',242);
INSERT INTO purchases(product_id,username,password,cust_id) VALUES ('ykSEN','Yr49Ifc9SC3uwi4','l9K1rF3N0z',243);
INSERT INTO purchases(product_id,username,password,cust_id) VALUES ('YmCaH','yUFLHRFmQfVCjtB','9amshxoYEn',244);
INSERT INTO purchases(product_id,username,password,cust_id) VALUES ('yNqT0','yzxMV9JMz9uGjjp','lEhgQoXwkS',245);
INSERT INTO purchases(product_id,username,password,cust_id) VALUES ('YUA6D','ZEN5kUQ4DxZKmAA','vMZLSFjICl',246);
INSERT INTO purchases(product_id,username,password,cust_id) VALUES ('z3fPO','ZF6cpLXiPQBh0Gk','qJCrSLHkAX',247);
INSERT INTO purchases(product_id,username,password,cust_id) VALUES ('ZbLpV','Zi3omAz79tUeOqD','pGlbm1De3H',248);
INSERT INTO purchases(product_id,username,password,cust_id) VALUES ('ZdpdT','zPEk2dzwtYU259f','Sl7rhrembr',249);
INSERT INTO purchases(product_id,username,password,cust_id) VALUES ('zJWUK','zZNrlMgxCjo6BQe','Gqq6rmHuzj',250);

--store

INSERT INTO store(store_id,s_phone,s_address) VALUES (38523,'5-611-381-4748','Dunton  Vale, 6652');
INSERT INTO store(store_id,s_phone,s_address) VALUES (38872,'8-382-614-8227','Coley  Grove, 8031');
INSERT INTO store(store_id,s_phone,s_address) VALUES (43427,'4-847-035-3331','Bermondsey    Way, 1925');
INSERT INTO store(store_id,s_phone,s_address) VALUES (42818,'1-156-031-4440','Spruce Crossroad, 8465');
INSERT INTO store(store_id,s_phone,s_address) VALUES (33133,'6-658-081-3533','Jackson Hill, 8724');
INSERT INTO store(store_id,s_phone,s_address) VALUES (31642,'3-874-154-6642','Bocking   Drive, 2348');
INSERT INTO store(store_id,s_phone,s_address) VALUES (46901,'5-647-531-5170','Bempton   Drive, 4125');
INSERT INTO store(store_id,s_phone,s_address) VALUES (37048,'2-558-118-3681','Dunsley  Crossroad, 4682');
INSERT INTO store(store_id,s_phone,s_address) VALUES (40876,'4-116-654-7212','Tilloch   Rue, 6383');
INSERT INTO store(store_id,s_phone,s_address) VALUES (15660,'7-520-157-0076','Meadow Crossroad, 8357');
INSERT INTO store(store_id,s_phone,s_address) VALUES (27664,'3-213-275-2607','Woodland Route, 8196');
INSERT INTO store(store_id,s_phone,s_address) VALUES (46491,'7-264-156-7216','Camley   Alley, 9521');
INSERT INTO store(store_id,s_phone,s_address) VALUES (10174,'2-587-681-2321','Cheltenham  Hill, 323');
INSERT INTO store(store_id,s_phone,s_address) VALUES (21835,'7-311-845-2675','Vintners  Crossroad, 2488');
INSERT INTO store(store_id,s_phone,s_address) VALUES (32333,'6-526-727-5086','Lincoln Route, 2466');
INSERT INTO store(store_id,s_phone,s_address) VALUES (48545,'2-160-228-8045','Kingly  Tunnel, 9615');
INSERT INTO store(store_id,s_phone,s_address) VALUES (14614,'4-207-550-8208','Woodland Vale, 2408');
INSERT INTO store(store_id,s_phone,s_address) VALUES (19524,'4-206-546-7826','Liverpool  Tunnel, 1539');
INSERT INTO store(store_id,s_phone,s_address) VALUES (17894,'8-558-348-5531','Badric  Hill, 9567');
INSERT INTO store(store_id,s_phone,s_address) VALUES (24989,'4-766-832-4367','Arbutus   Alley, 5313');
INSERT INTO store(store_id,s_phone,s_address) VALUES (44913,'8-760-121-1775','Blue Anchor  Grove, 3698');
INSERT INTO store(store_id,s_phone,s_address) VALUES (26321,'1-175-788-4175','Elystan  Tunnel, 2964');
INSERT INTO store(store_id,s_phone,s_address) VALUES (32942,'0-706-334-4702','Virginia Crossroad, 9790');
INSERT INTO store(store_id,s_phone,s_address) VALUES (23899,'5-718-454-4688','Linden Way, 1775');
INSERT INTO store(store_id,s_phone,s_address) VALUES (30669,'1-872-675-6805','Beatty  Alley, 4779');
INSERT INTO store(store_id,s_phone,s_address) VALUES (31774,'2-147-170-2784','Blenkarne  Boulevard, 8118');
INSERT INTO store(store_id,s_phone,s_address) VALUES (29108,'0-822-827-5240','Elizabeth  Street, 9278');
INSERT INTO store(store_id,s_phone,s_address) VALUES (43919,'8-401-676-6860','Bendall   Alley, 3453');
INSERT INTO store(store_id,s_phone,s_address) VALUES (19340,'5-274-863-7424','Castle Boulevard, 3296');
INSERT INTO store(store_id,s_phone,s_address) VALUES (16316,'5-738-801-1152','Wakley   Boulevard, 5590');
INSERT INTO store(store_id,s_phone,s_address) VALUES (44772,'5-610-762-6815','Blendon    Hill, 9534');
INSERT INTO store(store_id,s_phone,s_address) VALUES (17526,'2-447-122-1313','Garfield Pass, 8025');
INSERT INTO store(store_id,s_phone,s_address) VALUES (37499,'4-025-563-2432','Antrobus   Route, 8169');
INSERT INTO store(store_id,s_phone,s_address) VALUES (22953,'3-518-376-4352','Geary   Crossroad, 8320');
INSERT INTO store(store_id,s_phone,s_address) VALUES (27575,'4-582-553-8338','Garfield Drive, 3925');
INSERT INTO store(store_id,s_phone,s_address) VALUES (43171,'1-820-678-6377','Blake  Walk, 375');
INSERT INTO store(store_id,s_phone,s_address) VALUES (20174,'1-440-861-1260','Arline    Walk, 5202');
INSERT INTO store(store_id,s_phone,s_address) VALUES (29667,'5-615-332-6055','Amwell    Hill, 4002');
INSERT INTO store(store_id,s_phone,s_address) VALUES (39781,'1-571-236-8410','Sheraton   Alley, 3682');
INSERT INTO store(store_id,s_phone,s_address) VALUES (40171,'0-128-103-1577','Bermondsey    Route, 3679');
INSERT INTO store(store_id,s_phone,s_address) VALUES (22738,'7-564-537-6218','Tiptree   Way, 4631');
INSERT INTO store(store_id,s_phone,s_address) VALUES (25208,'5-232-535-5156','Elgood   Tunnel, 2732');
INSERT INTO store(store_id,s_phone,s_address) VALUES (28906,'5-251-230-5731','Vintners  Road, 7917');
INSERT INTO store(store_id,s_phone,s_address) VALUES (19255,'3-762-153-0682','Calvin   Hill, 8515');
INSERT INTO store(store_id,s_phone,s_address) VALUES (43530,'8-536-451-3185','Chesterfield  Way, 9533');
INSERT INTO store(store_id,s_phone,s_address) VALUES (27581,'8-578-286-0081','Virginia Crossroad, 2746');
INSERT INTO store(store_id,s_phone,s_address) VALUES (13591,'3-468-340-2251','Belgrave  Hill, 2914');
INSERT INTO store(store_id,s_phone,s_address) VALUES (33062,'7-712-851-5472','Dunton  Route, 8432');
INSERT INTO store(store_id,s_phone,s_address) VALUES (23923,'3-310-418-5478','Buttonwood Hill, 3875');
INSERT INTO store(store_id,s_phone,s_address) VALUES (16017,'5-164-031-4242','Ensign   Vale, 727');
INSERT INTO store(store_id,s_phone,s_address) VALUES (16987,'8-638-171-4738','Elystan  Hill, 4288');
INSERT INTO store(store_id,s_phone,s_address) VALUES (12795,'2-513-207-7782','Waldram Park  Crossroad, 6019');
INSERT INTO store(store_id,s_phone,s_address) VALUES (19358,'2-753-818-6133','Clere  Lane, 704');
INSERT INTO store(store_id,s_phone,s_address) VALUES (15387,'2-502-156-6700','Waldram Park  Way, 9562');
INSERT INTO store(store_id,s_phone,s_address) VALUES (48271,'8-385-105-1473','Thoresby   Drive, 549');
INSERT INTO store(store_id,s_phone,s_address) VALUES (45659,'4-876-666-5454','Heritage Walk, 2894');
INSERT INTO store(store_id,s_phone,s_address) VALUES (44565,'3-262-306-3805','Belgrave  Way, 3739');
INSERT INTO store(store_id,s_phone,s_address) VALUES (40627,'6-668-510-8222','Commercial  Grove, 9849');
INSERT INTO store(store_id,s_phone,s_address) VALUES (36946,'0-785-401-6676','Parkgate  Lane, 6416');
INSERT INTO store(store_id,s_phone,s_address) VALUES (10888,'2-126-762-7663','Apothecary   Grove, 9520');
INSERT INTO store(store_id,s_phone,s_address) VALUES (14813,'2-231-873-8764','Wake  Road, 370');
INSERT INTO store(store_id,s_phone,s_address) VALUES (43100,'5-122-804-7187','Beaconsfield  Street, 8977');
INSERT INTO store(store_id,s_phone,s_address) VALUES (15855,'6-675-541-6618','Linden Boulevard, 9989');
INSERT INTO store(store_id,s_phone,s_address) VALUES (22881,'6-277-110-1006','Norland  Tunnel, 3016');
INSERT INTO store(store_id,s_phone,s_address) VALUES (16609,'8-106-861-4423','Angela   Way, 806');
INSERT INTO store(store_id,s_phone,s_address) VALUES (12077,'8-177-140-3685','Viscount   Walk, 5538');
INSERT INTO store(store_id,s_phone,s_address) VALUES (43137,'0-834-260-5055','Bacton   Route, 5644');
INSERT INTO store(store_id,s_phone,s_address) VALUES (39746,'6-418-056-3157','Woodland Boulevard, 7974');
INSERT INTO store(store_id,s_phone,s_address) VALUES (22859,'1-385-240-0737','Clifton  Pass, 2573');
INSERT INTO store(store_id,s_phone,s_address) VALUES (31523,'6-670-113-7423','Bolton  Street, 8693');
INSERT INTO store(store_id,s_phone,s_address) VALUES (25379,'7-676-328-6226','East Tunnel, 5903');
INSERT INTO store(store_id,s_phone,s_address) VALUES (19599,'8-815-810-2516','Cavendish Grove, 3719');
INSERT INTO store(store_id,s_phone,s_address) VALUES (44004,'8-714-406-0826','Beaconsfield  Grove, 7484');
INSERT INTO store(store_id,s_phone,s_address) VALUES (30994,'7-122-242-5727','Elgood   Street, 5713');
INSERT INTO store(store_id,s_phone,s_address) VALUES (33894,'6-434-271-7012','Chantry   Tunnel, 3238');
INSERT INTO store(store_id,s_phone,s_address) VALUES (18936,'2-550-352-1136','Balfe   Boulevard, 2372');
INSERT INTO store(store_id,s_phone,s_address) VALUES (38614,'5-542-524-8465','Collins  Street, 732');
INSERT INTO store(store_id,s_phone,s_address) VALUES (11272,'5-025-827-1284','Vincent  Tunnel, 864');
INSERT INTO store(store_id,s_phone,s_address) VALUES (33004,'5-753-453-8686','Hammersmith  Alley, 3675');
INSERT INTO store(store_id,s_phone,s_address) VALUES (39444,'2-010-758-5247','Monroe Tunnel, 3089');
INSERT INTO store(store_id,s_phone,s_address) VALUES (13580,'8-288-166-7531','Rivervalley Avenue, 7061');
INSERT INTO store(store_id,s_phone,s_address) VALUES (21668,'5-664-631-1285','Epworth  Boulevard, 8713');
INSERT INTO store(store_id,s_phone,s_address) VALUES (38423,'2-165-836-1104','Epworth  Hill, 7106');
INSERT INTO store(store_id,s_phone,s_address) VALUES (36035,'5-488-706-6567','Rivervalley Way, 9804');
INSERT INTO store(store_id,s_phone,s_address) VALUES (32748,'4-387-103-7678','Victorian  Hill, 4876');
INSERT INTO store(store_id,s_phone,s_address) VALUES (18307,'1-545-312-3064','Jackson Alley, 9942');
INSERT INTO store(store_id,s_phone,s_address) VALUES (17189,'3-015-402-6551','Bacon  Street, 1045');
INSERT INTO store(store_id,s_phone,s_address) VALUES (44757,'3-123-415-0541','Blore  Lane, 1717');
INSERT INTO store(store_id,s_phone,s_address) VALUES (34088,'5-274-483-8818','Kimberley  Lane, 9705');
INSERT INTO store(store_id,s_phone,s_address) VALUES (17084,'4-021-231-6487','Heritage Hill, 2015');
INSERT INTO store(store_id,s_phone,s_address) VALUES (21388,'0-348-076-6580','Capeners  Tunnel, 2575');
INSERT INTO store(store_id,s_phone,s_address) VALUES (32347,'2-503-817-6813','Norfolk  Boulevard, 5626');
INSERT INTO store(store_id,s_phone,s_address) VALUES (36728,'8-766-053-8826','Charnwood   Way, 2216');
INSERT INTO store(store_id,s_phone,s_address) VALUES (20291,'1-738-618-1212','Clifton  Way, 7686');
INSERT INTO store(store_id,s_phone,s_address) VALUES (34452,'2-318-014-5188','Tilson  Vale, 1399');
INSERT INTO store(store_id,s_phone,s_address) VALUES (16656,'7-145-051-3748','Betton  Grove, 5721');
INSERT INTO store(store_id,s_phone,s_address) VALUES (43814,'0-612-032-6105','Vincent  Tunnel, 9793');
INSERT INTO store(store_id,s_phone,s_address) VALUES (39554,'4-780-310-8600','Besson  Street, 4463');
INSERT INTO store(store_id,s_phone,s_address) VALUES (14651,'3-102-814-7074','Abbotswell  Route, 5500');
INSERT INTO store(store_id,s_phone,s_address) VALUES (26449,'2-831-006-2268','Tiptree   Grove, 2660');
INSERT INTO store(store_id,s_phone,s_address) VALUES (47945,'3-020-642-8048','Jackson Lane, 3031');
INSERT INTO store(store_id,s_phone,s_address) VALUES (43027,'5-632-615-0306','Bendmore  Walk, 5819');
INSERT INTO store(store_id,s_phone,s_address) VALUES (49693,'3-051-342-2788','Cliff  Route, 6011');
INSERT INTO store(store_id,s_phone,s_address) VALUES (13980,'0-703-023-1466','Lincoln Crossroad, 284');
INSERT INTO store(store_id,s_phone,s_address) VALUES (48889,'6-430-184-6723','Adelaide  Hill, 4047');
INSERT INTO store(store_id,s_phone,s_address) VALUES (40556,'2-142-877-3460','Thoresby   Road, 3978');
INSERT INTO store(store_id,s_phone,s_address) VALUES (36515,'5-328-244-3415','Chestnut  Vale, 707');
INSERT INTO store(store_id,s_phone,s_address) VALUES (37094,'8-766-454-4017','Chestnut  Lane, 3288');
INSERT INTO store(store_id,s_phone,s_address) VALUES (12809,'8-331-600-5126','Rail Road, 1002');
INSERT INTO store(store_id,s_phone,s_address) VALUES (24661,'6-527-621-2800','Howard Street, 7831');
INSERT INTO store(store_id,s_phone,s_address) VALUES (24623,'3-603-117-8257','Waite  Hill, 4718');
INSERT INTO store(store_id,s_phone,s_address) VALUES (41644,'6-446-327-0576','Sheringham   Grove, 1232');
INSERT INTO store(store_id,s_phone,s_address) VALUES (37046,'1-877-806-5818','Sundown Road, 1548');
INSERT INTO store(store_id,s_phone,s_address) VALUES (48068,'0-570-253-4315','Dunton  Avenue, 5769');
INSERT INTO store(store_id,s_phone,s_address) VALUES (27562,'0-375-482-6560','Woodland Hill, 5247');
INSERT INTO store(store_id,s_phone,s_address) VALUES (28106,'4-785-602-2707','Fairview Grove, 6698');
INSERT INTO store(store_id,s_phone,s_address) VALUES (23031,'3-204-057-3506','Gatonby   Tunnel, 3563');
INSERT INTO store(store_id,s_phone,s_address) VALUES (22360,'7-788-576-7727','Adams  Road, 5939');
INSERT INTO store(store_id,s_phone,s_address) VALUES (37913,'4-702-267-0476','Western   Tunnel, 5798');
INSERT INTO store(store_id,s_phone,s_address) VALUES (10810,'2-884-183-4046','West Street, 1253');
INSERT INTO store(store_id,s_phone,s_address) VALUES (18171,'5-778-477-0050','Champion  Hill, 732');
INSERT INTO store(store_id,s_phone,s_address) VALUES (45096,'3-327-070-4361','Virgil   Drive, 7054');
INSERT INTO store(store_id,s_phone,s_address) VALUES (32720,'3-582-275-2013','York Lane, 9239');
INSERT INTO store(store_id,s_phone,s_address) VALUES (17943,'2-742-120-3034','Virgil   Grove, 2358');
INSERT INTO store(store_id,s_phone,s_address) VALUES (21769,'4-724-236-2607','Yorkshire  Street, 6446');
INSERT INTO store(store_id,s_phone,s_address) VALUES (36636,'7-151-438-6422','Garfield Drive, 9196');
INSERT INTO store(store_id,s_phone,s_address) VALUES (41938,'4-107-556-4664','Castle Rue, 1791');
INSERT INTO store(store_id,s_phone,s_address) VALUES (24952,'1-863-436-2685','Maple Pass, 2105');
INSERT INTO store(store_id,s_phone,s_address) VALUES (49080,'2-738-551-3001','Bingham   Lane, 4167');
INSERT INTO store(store_id,s_phone,s_address) VALUES (49951,'6-151-133-5436','Aberavon  Boulevard, 8563');
INSERT INTO store(store_id,s_phone,s_address) VALUES (10382,'5-826-462-6560','Parkfield  Pass, 3426');
INSERT INTO store(store_id,s_phone,s_address) VALUES (19983,'6-776-133-5057','Elizabeth  Lane, 5420');
INSERT INTO store(store_id,s_phone,s_address) VALUES (03814,'5-748-323-1824','Rosewood Drive, 4040');
INSERT INTO store(store_id,s_phone,s_address) VALUES (13933,'7-521-671-4651','Emily  Vale, 1019');
INSERT INTO store(store_id,s_phone,s_address) VALUES (35281,'4-316-018-6882','Erindale Lane, 4517');
INSERT INTO store(store_id,s_phone,s_address) VALUES (35827,'8-418-628-6784','Badric  Crossroad, 4064');
INSERT INTO store(store_id,s_phone,s_address) VALUES (16792,'8-202-613-1287','Blandford  Boulevard, 2630');
INSERT INTO store(store_id,s_phone,s_address) VALUES (30056,'1-100-661-1335','Virginia Route, 7859');
INSERT INTO store(store_id,s_phone,s_address) VALUES (32239,'8-137-885-5635','Capeners  Lane, 905');
INSERT INTO store(store_id,s_phone,s_address) VALUES (44670,'3-532-731-7637','Berriman  Pass, 8806');
INSERT INTO store(store_id,s_phone,s_address) VALUES (15982,'4-836-864-4245','Elba  Grove, 5826');
INSERT INTO store(store_id,s_phone,s_address) VALUES (14331,'4-204-082-0026','Ashley Way, 3741');
INSERT INTO store(store_id,s_phone,s_address) VALUES (14307,'7-764-857-1007','Berriman  Alley, 7558');
INSERT INTO store(store_id,s_phone,s_address) VALUES (17280,'6-625-850-2712','Monroe Grove, 5218');
INSERT INTO store(store_id,s_phone,s_address) VALUES (19148,'4-711-667-7646','Ernest  Drive, 3898');
INSERT INTO store(store_id,s_phone,s_address) VALUES (18833,'7-127-480-0347','Canning  Lane, 3867');
INSERT INTO store(store_id,s_phone,s_address) VALUES (33237,'6-357-580-8037','Durweston   Hill, 1053');
INSERT INTO store(store_id,s_phone,s_address) VALUES (19916,'4-075-215-5024','Durweston   Rue, 6912');
INSERT INTO store(store_id,s_phone,s_address) VALUES (46035,'1-840-724-0727','Parkfields Tunnel, 3780');
INSERT INTO store(store_id,s_phone,s_address) VALUES (34782,'1-481-066-2131','Bicknell  Hill, 6486');
INSERT INTO store(store_id,s_phone,s_address) VALUES (14465,'0-221-283-4280','Jackson Alley, 3326');
INSERT INTO store(store_id,s_phone,s_address) VALUES (26066,'8-223-108-4613','Abourne   Route, 7177');
INSERT INTO store(store_id,s_phone,s_address) VALUES (38069,'4-836-148-0066','Maple Way, 2401');
INSERT INTO store(store_id,s_phone,s_address) VALUES (10123,'6-686-375-1400','College  Hill, 9570');
INSERT INTO store(store_id,s_phone,s_address) VALUES (47572,'2-065-405-3170','Clerkenwell Vale, 7081');
INSERT INTO store(store_id,s_phone,s_address) VALUES (25153,'0-326-466-6288','Collent   Lane, 5982');
INSERT INTO store(store_id,s_phone,s_address) VALUES (14130,'6-311-362-0780','Bloomsbury  Crossroad, 8517');
INSERT INTO store(store_id,s_phone,s_address) VALUES (25664,'5-341-065-7325','Collins  Grove, 6838');
INSERT INTO store(store_id,s_phone,s_address) VALUES (30344,'3-660-150-0256','Bletchley   Grove, 7779');
INSERT INTO store(store_id,s_phone,s_address) VALUES (27927,'3-778-242-6430','Parkgate  Pass, 8727');
INSERT INTO store(store_id,s_phone,s_address) VALUES (43849,'3-732-434-7674','Belgrave  Street, 5056');
INSERT INTO store(store_id,s_phone,s_address) VALUES (22415,'3-108-764-4380','Boleyn  Tunnel, 6648');
INSERT INTO store(store_id,s_phone,s_address) VALUES (13649,'0-313-288-1207','Heritage Vale, 1146');
INSERT INTO store(store_id,s_phone,s_address) VALUES (42881,'1-021-884-6007','Longmoore   Drive, 3158');
INSERT INTO store(store_id,s_phone,s_address) VALUES (27244,'3-215-711-6234','Chambers  Crossroad, 9156');
INSERT INTO store(store_id,s_phone,s_address) VALUES (11044,'6-334-606-0614','Bedford  Vale, 3368');
INSERT INTO store(store_id,s_phone,s_address) VALUES (26016,'5-877-557-4268','East Drive, 8261');
INSERT INTO store(store_id,s_phone,s_address) VALUES (29983,'8-578-348-3436','Belmore  Grove, 4155');
INSERT INTO store(store_id,s_phone,s_address) VALUES (19384,'4-037-741-0247','College  Road, 8421');
INSERT INTO store(store_id,s_phone,s_address) VALUES (41098,'6-611-287-1885','Magnolia Boulevard, 4101');
INSERT INTO store(store_id,s_phone,s_address) VALUES (47425,'2-410-287-1007','Victorian  Hill, 5065');
INSERT INTO store(store_id,s_phone,s_address) VALUES (29571,'5-856-680-1125','Edwin   Grove, 9118');
INSERT INTO store(store_id,s_phone,s_address) VALUES (17732,'8-753-136-8577','Caroline  Street, 1848');
INSERT INTO store(store_id,s_phone,s_address) VALUES (28820,'2-264-268-4682','Belmont Park Drive, 7804');
INSERT INTO store(store_id,s_phone,s_address) VALUES (32674,'1-327-088-1208','Cliff  Drive, 9621');
INSERT INTO store(store_id,s_phone,s_address) VALUES (43043,'3-706-831-8548','Apostle  Lane, 3671');
INSERT INTO store(store_id,s_phone,s_address) VALUES (47778,'1-610-533-3042','Sheringham   Boulevard, 4198');
INSERT INTO store(store_id,s_phone,s_address) VALUES (26698,'7-858-531-2710','St. Pauls  Way, 3512');
INSERT INTO store(store_id,s_phone,s_address) VALUES (14820,'6-073-816-8238','Gautrey  Drive, 1793');
INSERT INTO store(store_id,s_phone,s_address) VALUES (36688,'2-741-606-8658','Bayberry Route, 8588');
INSERT INTO store(store_id,s_phone,s_address) VALUES (36062,'8-608-722-8420','Dunsley  Tunnel, 5110');
INSERT INTO store(store_id,s_phone,s_address) VALUES (34796,'7-201-818-4600','Arlington  Alley, 8009');
INSERT INTO store(store_id,s_phone,s_address) VALUES (47557,'5-305-324-8330','Waldram Park  Road, 8973');
INSERT INTO store(store_id,s_phone,s_address) VALUES (34948,'8-341-663-2840','Burton  Boulevard, 8601');
INSERT INTO store(store_id,s_phone,s_address) VALUES (42721,'1-115-568-5033','Badric  Pass, 6816');
INSERT INTO store(store_id,s_phone,s_address) VALUES (45761,'3-840-155-8022','Bolingbroke  Vale, 2130');
INSERT INTO store(store_id,s_phone,s_address) VALUES (26557,'8-114-275-3280','Bermondsey    Route, 7799');
INSERT INTO store(store_id,s_phone,s_address) VALUES (23299,'3-550-006-2614','Blenkarne  Alley, 3433');
INSERT INTO store(store_id,s_phone,s_address) VALUES (26055,'5-736-321-1306','Victoria Rise Boulevard, 1269');
INSERT INTO store(store_id,s_phone,s_address) VALUES (13404,'7-216-754-0122','Aspen Route, 3264');
INSERT INTO store(store_id,s_phone,s_address) VALUES (42900,'5-507-213-6302','Archery  Street, 9827');
INSERT INTO store(store_id,s_phone,s_address) VALUES (24148,'5-315-320-3471','West Tunnel, 3365');
INSERT INTO store(store_id,s_phone,s_address) VALUES (13326,'3-674-413-4784','Cleveland  Pass, 6726');
INSERT INTO store(store_id,s_phone,s_address) VALUES (30339,'1-207-676-6854','Canon Hill, 342');
INSERT INTO store(store_id,s_phone,s_address) VALUES (16330,'3-033-545-6411','Thomas  Boulevard, 7648');
INSERT INTO store(store_id,s_phone,s_address) VALUES (46562,'6-360-686-4526','Catherine  Lane, 9736');
INSERT INTO store(store_id,s_phone,s_address) VALUES (10236,'8-735-431-3084','Collingwood  Way, 5762');
INSERT INTO store(store_id,s_phone,s_address) VALUES (32180,'7-380-715-4326','Cockspur  Walk, 1058');
INSERT INTO store(store_id,s_phone,s_address) VALUES (47865,'4-564-235-6245','Aberavon  Rue, 514');
INSERT INTO store(store_id,s_phone,s_address) VALUES (15646,'3-080-330-8173','Longmoore   Alley, 4146');
INSERT INTO store(store_id,s_phone,s_address) VALUES (40822,'6-220-487-1212','Erindale Rue, 4805');
INSERT INTO store(store_id,s_phone,s_address) VALUES (19205,'1-841-756-6653','Balfour    Hill, 6267');
INSERT INTO store(store_id,s_phone,s_address) VALUES (48793,'8-424-725-5424','Elia   Way, 8220');
INSERT INTO store(store_id,s_phone,s_address) VALUES (12431,'6-338-537-7418','Walnut Hill, 4775');
INSERT INTO store(store_id,s_phone,s_address) VALUES (15599,'1-242-173-1585','Bloomsbury  Lane, 9582');
INSERT INTO store(store_id,s_phone,s_address) VALUES (24735,'5-086-883-6841','Fawn Pass, 3569');
INSERT INTO store(store_id,s_phone,s_address) VALUES (43109,'6-013-024-3522','Boldero   Pass, 9560');
INSERT INTO store(store_id,s_phone,s_address) VALUES (12806,'1-881-485-7517','Elba  Avenue, 7603');
INSERT INTO store(store_id,s_phone,s_address) VALUES (13955,'1-677-241-4711','Camden  Boulevard, 4318');
INSERT INTO store(store_id,s_phone,s_address) VALUES (34702,'6-568-316-5780','Bede  Hill, 2056');
INSERT INTO store(store_id,s_phone,s_address) VALUES (22774,'5-854-054-8658','Union  Road, 386');
INSERT INTO store(store_id,s_phone,s_address) VALUES (23523,'1-248-417-5384','Railroad Drive, 8944');
INSERT INTO store(store_id,s_phone,s_address) VALUES (16181,'2-524-411-7302','Shepherds  Drive, 3200');
INSERT INTO store(store_id,s_phone,s_address) VALUES (29370,'6-544-766-5616','Walnut Street, 5692');
INSERT INTO store(store_id,s_phone,s_address) VALUES (33266,'4-405-321-4518','Lake Alley, 9534');
INSERT INTO store(store_id,s_phone,s_address) VALUES (20796,'4-727-175-3034','Pine Way, 4101');
INSERT INTO store(store_id,s_phone,s_address) VALUES (38734,'7-827-465-3815','Arctic   Drive, 3675');
INSERT INTO store(store_id,s_phone,s_address) VALUES (45240,'2-653-571-3368','Blore  Drive, 1897');
INSERT INTO store(store_id,s_phone,s_address) VALUES (44983,'1-417-381-2448','Norland  Tunnel, 6535');
INSERT INTO store(store_id,s_phone,s_address) VALUES (33341,'6-501-064-1775','Bacon  Lane, 266');
INSERT INTO store(store_id,s_phone,s_address) VALUES (32258,'6-620-010-1080','Elgood   Vale, 9004');
INSERT INTO store(store_id,s_phone,s_address) VALUES (36954,'3-767-038-6106','Beaumont  Tunnel, 9947');
INSERT INTO store(store_id,s_phone,s_address) VALUES (37273,'3-228-722-1546','Archery  Road, 2820');
INSERT INTO store(store_id,s_phone,s_address) VALUES (49841,'3-221-378-0816','Caxton  Vale, 9920');
INSERT INTO store(store_id,s_phone,s_address) VALUES (20548,'7-613-561-2041','Bedford  Alley, 3249');
INSERT INTO store(store_id,s_phone,s_address) VALUES (26918,'8-841-640-1574','Bede  Boulevard, 6912');
INSERT INTO store(store_id,s_phone,s_address) VALUES (15273,'2-013-582-6621','Canon Street, 7077');
INSERT INTO store(store_id,s_phone,s_address) VALUES (20036,'1-774-274-0277','Carlton  Hill, 4831');
INSERT INTO store(store_id,s_phone,s_address) VALUES (14371,'4-758-103-6645','Parkfields Pass, 8752');
INSERT INTO store(store_id,s_phone,s_address) VALUES (34222,'4-732-553-7337','Elf  Drive, 5786');
INSERT INTO store(store_id,s_phone,s_address) VALUES (43452,'3-625-623-2416','Yoakley Alley, 349');
INSERT INTO store(store_id,s_phone,s_address) VALUES (39649,'5-615-301-2740','Antrobus   Street, 5843');
INSERT INTO store(store_id,s_phone,s_address) VALUES (23505,'8-407-178-1120','Andsell    Crossroad, 1387');
INSERT INTO store(store_id,s_phone,s_address) VALUES (46296,'4-365-608-3271','Vintners  Grove, 1264');
INSERT INTO store(store_id,s_phone,s_address) VALUES (33820,'1-261-120-2885','Hickory   Drive, 2967');
INSERT INTO store(store_id,s_phone,s_address) VALUES (23542,'4-218-862-5720','Enderby   Crossroad, 268');
INSERT INTO store(store_id,s_phone,s_address) VALUES (46879,'3-405-176-5854','Cavaye  Crossroad, 7305');
INSERT INTO store(store_id,s_phone,s_address) VALUES (15368,'4-007-283-4177','Shepherds  Lane, 9694');
INSERT INTO store(store_id,s_phone,s_address) VALUES (16521,'1-118-405-3156','Clere  Street, 3067');
INSERT INTO store(store_id,s_phone,s_address) VALUES (31163,'6-476-600-8600','Caedmon  Crossroad, 7530');
INSERT INTO store(store_id,s_phone,s_address) VALUES (20886,'1-767-327-7108','Carolina  Lane, 3314');
INSERT INTO store(store_id,s_phone,s_address) VALUES (31481,'2-115-137-1211','Oxford Avenue, 9866');
INSERT INTO store(store_id,s_phone,s_address) VALUES (29920,'0-657-378-3817','Clere  Way, 6314');
INSERT INTO store(store_id,s_phone,s_address) VALUES (41507,'3-151-677-2572','Blue Anchor  Grove, 6476');
INSERT INTO store(store_id,s_phone,s_address) VALUES (20315,'1-376-028-0853','Camden  Boulevard, 3891');
INSERT INTO store(store_id,s_phone,s_address) VALUES (23374,'6-154-684-2251','Marischal  Road, 22');
INSERT INTO store(store_id,s_phone,s_address) VALUES (15584,'1-465-036-8543','Camley   Walk, 5384');
INSERT INTO store(store_id,s_phone,s_address) VALUES (23748,'0-472-111-0825','Antrobus   Way, 797');
INSERT INTO store(store_id,s_phone,s_address) VALUES (44055,'7-806-480-5280','Chartham  Drive, 9220');
INSERT INTO store(store_id,s_phone,s_address) VALUES (23294,'7-668-454-6700','Abbotswell  Crossroad, 3744');


--invoice

INSERT INTO invoice(invoice_id,cust_id,store_id,total_amount) VALUES(67444178,1,38523,954.34);
INSERT INTO invoice(invoice_id,cust_id,store_id,total_amount) VALUES(48971489,2,38872,2748.91);
INSERT INTO invoice(invoice_id,cust_id,store_id,total_amount) VALUES(42674183,3,43427,2520.85);
INSERT INTO invoice(invoice_id,cust_id,store_id,total_amount) VALUES(70916728,4,42818,2981.10);
INSERT INTO invoice(invoice_id,cust_id,store_id,total_amount) VALUES(86412899,5,33133,2207.22);
INSERT INTO invoice(invoice_id,cust_id,store_id,total_amount) VALUES(11772806,6,31642,2941.97);
INSERT INTO invoice(invoice_id,cust_id,store_id,total_amount) VALUES(66001536,7,46901,2250.15);
INSERT INTO invoice(invoice_id,cust_id,store_id,total_amount) VALUES(90594853,8,37048,223.13);
INSERT INTO invoice(invoice_id,cust_id,store_id,total_amount) VALUES(68809580,9,40876,1709.40);
INSERT INTO invoice(invoice_id,cust_id,store_id,total_amount) VALUES(20302620,10,15660,422.28);
INSERT INTO invoice(invoice_id,cust_id,store_id,total_amount) VALUES(56790166,11,27664,2415.32);
INSERT INTO invoice(invoice_id,cust_id,store_id,total_amount) VALUES(96832603,12,46491,538.31);
INSERT INTO invoice(invoice_id,cust_id,store_id,total_amount) VALUES(16785725,13,10174,2679.69);
INSERT INTO invoice(invoice_id,cust_id,store_id,total_amount) VALUES(73965335,14,21835,2827.65);
INSERT INTO invoice(invoice_id,cust_id,store_id,total_amount) VALUES(94551285,15,32333,2093.33);
INSERT INTO invoice(invoice_id,cust_id,store_id,total_amount) VALUES(79351641,16,48545,2631.83);
INSERT INTO invoice(invoice_id,cust_id,store_id,total_amount) VALUES(67823645,17,14614,693.93);
INSERT INTO invoice(invoice_id,cust_id,store_id,total_amount) VALUES(75515933,18,19524,486.89);
INSERT INTO invoice(invoice_id,cust_id,store_id,total_amount) VALUES(74372276,19,17894,2254.25);
INSERT INTO invoice(invoice_id,cust_id,store_id,total_amount) VALUES(29078640,20,24989,2360.36);
INSERT INTO invoice(invoice_id,cust_id,store_id,total_amount) VALUES(56270180,21,44913,820.72);
INSERT INTO invoice(invoice_id,cust_id,store_id,total_amount) VALUES(61162124,22,26321,555.20);
INSERT INTO invoice(invoice_id,cust_id,store_id,total_amount) VALUES(80526099,23,32942,2664.58);
INSERT INTO invoice(invoice_id,cust_id,store_id,total_amount) VALUES(91727351,24,23899,2838.09);
INSERT INTO invoice(invoice_id,cust_id,store_id,total_amount) VALUES(35332083,25,30669,2743.80);
INSERT INTO invoice(invoice_id,cust_id,store_id,total_amount) VALUES(55105301,26,31774,2872.36);
INSERT INTO invoice(invoice_id,cust_id,store_id,total_amount) VALUES(82458319,27,29108,2660.68);
INSERT INTO invoice(invoice_id,cust_id,store_id,total_amount) VALUES(60645262,28,43919,1468.91);
INSERT INTO invoice(invoice_id,cust_id,store_id,total_amount) VALUES(41523250,29,19340,2396.67);
INSERT INTO invoice(invoice_id,cust_id,store_id,total_amount) VALUES(48971596,30,16316,823.41);
INSERT INTO invoice(invoice_id,cust_id,store_id,total_amount) VALUES(15485760,31,44772,2603.11);
INSERT INTO invoice(invoice_id,cust_id,store_id,total_amount) VALUES(39451422,32,17526,670.69);
INSERT INTO invoice(invoice_id,cust_id,store_id,total_amount) VALUES(93280098,33,37499,1175.53);
INSERT INTO invoice(invoice_id,cust_id,store_id,total_amount) VALUES(21788071,34,22953,2962.99);
INSERT INTO invoice(invoice_id,cust_id,store_id,total_amount) VALUES(33244401,35,27575,2229.26);
INSERT INTO invoice(invoice_id,cust_id,store_id,total_amount) VALUES(85766561,36,43171,1394.22);
INSERT INTO invoice(invoice_id,cust_id,store_id,total_amount) VALUES(17849289,37,20174,720.79);
INSERT INTO invoice(invoice_id,cust_id,store_id,total_amount) VALUES(90749031,38,29667,1279.90);
INSERT INTO invoice(invoice_id,cust_id,store_id,total_amount) VALUES(70881202,39,39781,2859.78);
INSERT INTO invoice(invoice_id,cust_id,store_id,total_amount) VALUES(83498098,40,40171,732.37);
INSERT INTO invoice(invoice_id,cust_id,store_id,total_amount) VALUES(57733578,41,22738,1116.63);
INSERT INTO invoice(invoice_id,cust_id,store_id,total_amount) VALUES(25020236,42,25208,2556.08);
INSERT INTO invoice(invoice_id,cust_id,store_id,total_amount) VALUES(98244752,43,28906,2867.71);
INSERT INTO invoice(invoice_id,cust_id,store_id,total_amount) VALUES(19808407,44,19255,1769.59);
INSERT INTO invoice(invoice_id,cust_id,store_id,total_amount) VALUES(84207600,45,43530,2054.90);
INSERT INTO invoice(invoice_id,cust_id,store_id,total_amount) VALUES(72371180,46,27581,982.74);
INSERT INTO invoice(invoice_id,cust_id,store_id,total_amount) VALUES(68171925,47,13591,1574.35);
INSERT INTO invoice(invoice_id,cust_id,store_id,total_amount) VALUES(49900868,48,33062,1102.04);
INSERT INTO invoice(invoice_id,cust_id,store_id,total_amount) VALUES(65962040,49,23923,574.46);
INSERT INTO invoice(invoice_id,cust_id,store_id,total_amount) VALUES(29182175,50,16017,1987.25);
INSERT INTO invoice(invoice_id,cust_id,store_id,total_amount) VALUES(92385535,51,16987,415.15);
INSERT INTO invoice(invoice_id,cust_id,store_id,total_amount) VALUES(24893784,52,12795,1841.64);
INSERT INTO invoice(invoice_id,cust_id,store_id,total_amount) VALUES(41873442,53,19358,365.89);
INSERT INTO invoice(invoice_id,cust_id,store_id,total_amount) VALUES(26149277,54,15387,2597.49);
INSERT INTO invoice(invoice_id,cust_id,store_id,total_amount) VALUES(55613229,55,48271,2936.64);
INSERT INTO invoice(invoice_id,cust_id,store_id,total_amount) VALUES(28151351,56,45659,310.73);
INSERT INTO invoice(invoice_id,cust_id,store_id,total_amount) VALUES(10071572,57,44565,2951.65);
INSERT INTO invoice(invoice_id,cust_id,store_id,total_amount) VALUES(13509910,58,40627,593.71);
INSERT INTO invoice(invoice_id,cust_id,store_id,total_amount) VALUES(11761949,59,36946,352.00);
INSERT INTO invoice(invoice_id,cust_id,store_id,total_amount) VALUES(63926619,60,10888,1680.68);
INSERT INTO invoice(invoice_id,cust_id,store_id,total_amount) VALUES(66193232,61,14813,2325.30);
INSERT INTO invoice(invoice_id,cust_id,store_id,total_amount) VALUES(52270806,62,43100,661.47);
INSERT INTO invoice(invoice_id,cust_id,store_id,total_amount) VALUES(48904117,63,15855,2011.07);
INSERT INTO invoice(invoice_id,cust_id,store_id,total_amount) VALUES(33361357,64,22881,1082.21);
INSERT INTO invoice(invoice_id,cust_id,store_id,total_amount) VALUES(86527975,65,16609,1454.65);
INSERT INTO invoice(invoice_id,cust_id,store_id,total_amount) VALUES(86787190,66,12077,2815.37);
INSERT INTO invoice(invoice_id,cust_id,store_id,total_amount) VALUES(45751576,67,43137,1318.09);
INSERT INTO invoice(invoice_id,cust_id,store_id,total_amount) VALUES(75136692,68,39746,715.67);
INSERT INTO invoice(invoice_id,cust_id,store_id,total_amount) VALUES(63846181,69,22859,2641.94);
INSERT INTO invoice(invoice_id,cust_id,store_id,total_amount) VALUES(49868102,70,31523,523.51);
INSERT INTO invoice(invoice_id,cust_id,store_id,total_amount) VALUES(66838841,71,25379,2289.55);
INSERT INTO invoice(invoice_id,cust_id,store_id,total_amount) VALUES(28349839,72,19599,1709.09);
INSERT INTO invoice(invoice_id,cust_id,store_id,total_amount) VALUES(26992747,73,44004,207.78);
INSERT INTO invoice(invoice_id,cust_id,store_id,total_amount) VALUES(25398570,74,30994,2331.41);
INSERT INTO invoice(invoice_id,cust_id,store_id,total_amount) VALUES(69334313,75,33894,2249.64);
INSERT INTO invoice(invoice_id,cust_id,store_id,total_amount) VALUES(49047357,76,18936,647.70);
INSERT INTO invoice(invoice_id,cust_id,store_id,total_amount) VALUES(15647305,77,38614,582.15);
INSERT INTO invoice(invoice_id,cust_id,store_id,total_amount) VALUES(67350771,78,11272,685.12);
INSERT INTO invoice(invoice_id,cust_id,store_id,total_amount) VALUES(63309566,79,33004,2711.56);
INSERT INTO invoice(invoice_id,cust_id,store_id,total_amount) VALUES(67250245,80,39444,2627.32);
INSERT INTO invoice(invoice_id,cust_id,store_id,total_amount) VALUES(57587375,81,13580,2968.51);
INSERT INTO invoice(invoice_id,cust_id,store_id,total_amount) VALUES(60393974,82,21668,1921.58);
INSERT INTO invoice(invoice_id,cust_id,store_id,total_amount) VALUES(70010727,83,38423,1974.91);
INSERT INTO invoice(invoice_id,cust_id,store_id,total_amount) VALUES(59775646,84,36035,2026.90);
INSERT INTO invoice(invoice_id,cust_id,store_id,total_amount) VALUES(62463412,85,32748,755.65);
INSERT INTO invoice(invoice_id,cust_id,store_id,total_amount) VALUES(70967681,86,18307,286.47);
INSERT INTO invoice(invoice_id,cust_id,store_id,total_amount) VALUES(12047912,87,17189,576.69);
INSERT INTO invoice(invoice_id,cust_id,store_id,total_amount) VALUES(31152301,88,44757,1202.98);
INSERT INTO invoice(invoice_id,cust_id,store_id,total_amount) VALUES(42676709,89,34088,2983.55);
INSERT INTO invoice(invoice_id,cust_id,store_id,total_amount) VALUES(47918462,90,17084,1873.65);
INSERT INTO invoice(invoice_id,cust_id,store_id,total_amount) VALUES(58507257,91,21388,1702.17);
INSERT INTO invoice(invoice_id,cust_id,store_id,total_amount) VALUES(52070766,92,32347,1962.78);
INSERT INTO invoice(invoice_id,cust_id,store_id,total_amount) VALUES(91045631,93,36728,388.11);
INSERT INTO invoice(invoice_id,cust_id,store_id,total_amount) VALUES(15461368,94,20291,2324.54);
INSERT INTO invoice(invoice_id,cust_id,store_id,total_amount) VALUES(81236920,95,34452,1578.50);
INSERT INTO invoice(invoice_id,cust_id,store_id,total_amount) VALUES(32599857,96,16656,257.98);
INSERT INTO invoice(invoice_id,cust_id,store_id,total_amount) VALUES(52684049,97,43814,2753.84);
INSERT INTO invoice(invoice_id,cust_id,store_id,total_amount) VALUES(17551584,98,39554,1878.71);
INSERT INTO invoice(invoice_id,cust_id,store_id,total_amount) VALUES(66653551,99,14651,951.61);
INSERT INTO invoice(invoice_id,cust_id,store_id,total_amount) VALUES(58024904,100,26449,670.63);
INSERT INTO invoice(invoice_id,cust_id,store_id,total_amount) VALUES(12779134,101,47945,811.03);
INSERT INTO invoice(invoice_id,cust_id,store_id,total_amount) VALUES(33167097,102,43027,140.11);
INSERT INTO invoice(invoice_id,cust_id,store_id,total_amount) VALUES(76027415,103,49693,434.58);
INSERT INTO invoice(invoice_id,cust_id,store_id,total_amount) VALUES(88352236,104,13980,2353.97);
INSERT INTO invoice(invoice_id,cust_id,store_id,total_amount) VALUES(42212689,105,48889,2890.40);
INSERT INTO invoice(invoice_id,cust_id,store_id,total_amount) VALUES(23089893,106,40556,1386.87);
INSERT INTO invoice(invoice_id,cust_id,store_id,total_amount) VALUES(52976761,107,36515,424.94);
INSERT INTO invoice(invoice_id,cust_id,store_id,total_amount) VALUES(61949744,108,37094,2846.70);
INSERT INTO invoice(invoice_id,cust_id,store_id,total_amount) VALUES(83645345,109,12809,1419.94);
INSERT INTO invoice(invoice_id,cust_id,store_id,total_amount) VALUES(51291996,110,24661,2530.35);
INSERT INTO invoice(invoice_id,cust_id,store_id,total_amount) VALUES(25395999,111,24623,1164.90);
INSERT INTO invoice(invoice_id,cust_id,store_id,total_amount) VALUES(53153253,112,41644,186.52);
INSERT INTO invoice(invoice_id,cust_id,store_id,total_amount) VALUES(55665935,113,37046,1648.50);
INSERT INTO invoice(invoice_id,cust_id,store_id,total_amount) VALUES(45128373,114,48068,1600.94);
INSERT INTO invoice(invoice_id,cust_id,store_id,total_amount) VALUES(45280224,115,27562,1850.14);
INSERT INTO invoice(invoice_id,cust_id,store_id,total_amount) VALUES(88392118,116,28106,2205.65);
INSERT INTO invoice(invoice_id,cust_id,store_id,total_amount) VALUES(37863606,117,23031,1503.85);
INSERT INTO invoice(invoice_id,cust_id,store_id,total_amount) VALUES(76466079,118,22360,262.08);
INSERT INTO invoice(invoice_id,cust_id,store_id,total_amount) VALUES(72433733,119,37913,1415.30);
INSERT INTO invoice(invoice_id,cust_id,store_id,total_amount) VALUES(40439472,120,10810,1373.56);
INSERT INTO invoice(invoice_id,cust_id,store_id,total_amount) VALUES(25511771,121,18171,897.28);
INSERT INTO invoice(invoice_id,cust_id,store_id,total_amount) VALUES(31165690,122,45096,2128.41);
INSERT INTO invoice(invoice_id,cust_id,store_id,total_amount) VALUES(15638965,123,32720,2647.93);
INSERT INTO invoice(invoice_id,cust_id,store_id,total_amount) VALUES(88817829,124,17943,1950.91);
INSERT INTO invoice(invoice_id,cust_id,store_id,total_amount) VALUES(43745868,125,21769,352.59);
INSERT INTO invoice(invoice_id,cust_id,store_id,total_amount) VALUES(10105998,126,36636,637.34);
INSERT INTO invoice(invoice_id,cust_id,store_id,total_amount) VALUES(60278555,127,41938,2847.73);
INSERT INTO invoice(invoice_id,cust_id,store_id,total_amount) VALUES(35924380,128,24952,532.35);
INSERT INTO invoice(invoice_id,cust_id,store_id,total_amount) VALUES(54856424,129,49080,1354.31);
INSERT INTO invoice(invoice_id,cust_id,store_id,total_amount) VALUES(83582662,130,49951,2378.58);
INSERT INTO invoice(invoice_id,cust_id,store_id,total_amount) VALUES(30086510,131,10382,590.09);
INSERT INTO invoice(invoice_id,cust_id,store_id,total_amount) VALUES(94290552,132,19983,732.24);
INSERT INTO invoice(invoice_id,cust_id,store_id,total_amount) VALUES(69519280,133,43814,554.90);
INSERT INTO invoice(invoice_id,cust_id,store_id,total_amount) VALUES(75518508,134,13933,2444.85);
INSERT INTO invoice(invoice_id,cust_id,store_id,total_amount) VALUES(74711478,135,35281,1358.85);
INSERT INTO invoice(invoice_id,cust_id,store_id,total_amount) VALUES(94674138,136,35827,1154.97);
INSERT INTO invoice(invoice_id,cust_id,store_id,total_amount) VALUES(54135999,137,16792,2108.27);
INSERT INTO invoice(invoice_id,cust_id,store_id,total_amount) VALUES(95955252,138,30056,2360.49);
INSERT INTO invoice(invoice_id,cust_id,store_id,total_amount) VALUES(84695936,139,32239,2664.13);
INSERT INTO invoice(invoice_id,cust_id,store_id,total_amount) VALUES(93121874,140,44670,2236.27);
INSERT INTO invoice(invoice_id,cust_id,store_id,total_amount) VALUES(18928740,141,15982,810.09);
INSERT INTO invoice(invoice_id,cust_id,store_id,total_amount) VALUES(42051463,142,14331,1992.47);
INSERT INTO invoice(invoice_id,cust_id,store_id,total_amount) VALUES(83297481,143,14307,1371.87);
INSERT INTO invoice(invoice_id,cust_id,store_id,total_amount) VALUES(41667388,144,17280,1085.03);
INSERT INTO invoice(invoice_id,cust_id,store_id,total_amount) VALUES(49527025,145,19148,2508.14);
INSERT INTO invoice(invoice_id,cust_id,store_id,total_amount) VALUES(89337317,146,18833,1750.72);
INSERT INTO invoice(invoice_id,cust_id,store_id,total_amount) VALUES(55713854,147,33237,1716.07);
INSERT INTO invoice(invoice_id,cust_id,store_id,total_amount) VALUES(40772826,148,19916,1048.09);
INSERT INTO invoice(invoice_id,cust_id,store_id,total_amount) VALUES(37692975,149,46035,877.39);
INSERT INTO invoice(invoice_id,cust_id,store_id,total_amount) VALUES(64279548,150,34782,409.33);
INSERT INTO invoice(invoice_id,cust_id,store_id,total_amount) VALUES(20529994,151,14465,2239.42);
INSERT INTO invoice(invoice_id,cust_id,store_id,total_amount) VALUES(67349254,152,26066,1923.56);
INSERT INTO invoice(invoice_id,cust_id,store_id,total_amount) VALUES(77939543,153,38069,1152.78);
INSERT INTO invoice(invoice_id,cust_id,store_id,total_amount) VALUES(43942205,154,10123,466.93);
INSERT INTO invoice(invoice_id,cust_id,store_id,total_amount) VALUES(18967971,155,47572,501.35);
INSERT INTO invoice(invoice_id,cust_id,store_id,total_amount) VALUES(31604882,156,25153,1596.95);
INSERT INTO invoice(invoice_id,cust_id,store_id,total_amount) VALUES(41768448,157,14130,2850.32);
INSERT INTO invoice(invoice_id,cust_id,store_id,total_amount) VALUES(46924413,158,25664,1305.18);
INSERT INTO invoice(invoice_id,cust_id,store_id,total_amount) VALUES(27816611,159,30344,2296.92);
INSERT INTO invoice(invoice_id,cust_id,store_id,total_amount) VALUES(99948129,160,27927,240.38);
INSERT INTO invoice(invoice_id,cust_id,store_id,total_amount) VALUES(17131949,161,43849,712.33);
INSERT INTO invoice(invoice_id,cust_id,store_id,total_amount) VALUES(58202572,162,22415,781.60);
INSERT INTO invoice(invoice_id,cust_id,store_id,total_amount) VALUES(64749718,163,13649,2425.20);
INSERT INTO invoice(invoice_id,cust_id,store_id,total_amount) VALUES(61803223,164,42881,467.21);
INSERT INTO invoice(invoice_id,cust_id,store_id,total_amount) VALUES(94068155,165,27244,479.43);
INSERT INTO invoice(invoice_id,cust_id,store_id,total_amount) VALUES(22944811,166,11044,802.19);
INSERT INTO invoice(invoice_id,cust_id,store_id,total_amount) VALUES(76650764,167,26016,296.75);
INSERT INTO invoice(invoice_id,cust_id,store_id,total_amount) VALUES(49664673,168,29983,825.16);
INSERT INTO invoice(invoice_id,cust_id,store_id,total_amount) VALUES(11654722,169,19384,2149.32);
INSERT INTO invoice(invoice_id,cust_id,store_id,total_amount) VALUES(31678287,170,41098,1373.87);
INSERT INTO invoice(invoice_id,cust_id,store_id,total_amount) VALUES(68087209,171,47425,2290.31);
INSERT INTO invoice(invoice_id,cust_id,store_id,total_amount) VALUES(45714394,172,29571,963.92);
INSERT INTO invoice(invoice_id,cust_id,store_id,total_amount) VALUES(63404196,173,17732,1735.90);
INSERT INTO invoice(invoice_id,cust_id,store_id,total_amount) VALUES(77551708,174,28820,1931.71);
INSERT INTO invoice(invoice_id,cust_id,store_id,total_amount) VALUES(77230592,175,32674,2354.82);
INSERT INTO invoice(invoice_id,cust_id,store_id,total_amount) VALUES(19821603,176,43043,1480.28);
INSERT INTO invoice(invoice_id,cust_id,store_id,total_amount) VALUES(77321349,177,47778,256.52);
INSERT INTO invoice(invoice_id,cust_id,store_id,total_amount) VALUES(75631588,178,26698,850.98);
INSERT INTO invoice(invoice_id,cust_id,store_id,total_amount) VALUES(66897031,179,14820,1951.96);
INSERT INTO invoice(invoice_id,cust_id,store_id,total_amount) VALUES(25624701,180,36688,1599.53);
INSERT INTO invoice(invoice_id,cust_id,store_id,total_amount) VALUES(35199924,181,36062,1165.36);
INSERT INTO invoice(invoice_id,cust_id,store_id,total_amount) VALUES(39736422,182,34796,2797.37);
INSERT INTO invoice(invoice_id,cust_id,store_id,total_amount) VALUES(90251357,183,47557,1658.83);
INSERT INTO invoice(invoice_id,cust_id,store_id,total_amount) VALUES(56446904,184,34948,1696.68);
INSERT INTO invoice(invoice_id,cust_id,store_id,total_amount) VALUES(35646833,185,42721,2970.44);
INSERT INTO invoice(invoice_id,cust_id,store_id,total_amount) VALUES(13452572,186,45761,2111.47);
INSERT INTO invoice(invoice_id,cust_id,store_id,total_amount) VALUES(40275153,187,26557,2736.23);
INSERT INTO invoice(invoice_id,cust_id,store_id,total_amount) VALUES(13353014,188,23299,1529.39);
INSERT INTO invoice(invoice_id,cust_id,store_id,total_amount) VALUES(42082795,189,26055,2756.50);
INSERT INTO invoice(invoice_id,cust_id,store_id,total_amount) VALUES(40031132,190,13404,2317.66);
INSERT INTO invoice(invoice_id,cust_id,store_id,total_amount) VALUES(95851890,191,42900,1317.05);
INSERT INTO invoice(invoice_id,cust_id,store_id,total_amount) VALUES(43799402,192,24148,1464.26);
INSERT INTO invoice(invoice_id,cust_id,store_id,total_amount) VALUES(41605329,193,13326,1308.85);
INSERT INTO invoice(invoice_id,cust_id,store_id,total_amount) VALUES(50554482,194,30339,730.94);
INSERT INTO invoice(invoice_id,cust_id,store_id,total_amount) VALUES(50674978,195,16330,772.50);
INSERT INTO invoice(invoice_id,cust_id,store_id,total_amount) VALUES(85311600,196,46562,1388.27);
INSERT INTO invoice(invoice_id,cust_id,store_id,total_amount) VALUES(59037464,197,10236,1822.94);
INSERT INTO invoice(invoice_id,cust_id,store_id,total_amount) VALUES(53960957,198,32180,2527.61);
INSERT INTO invoice(invoice_id,cust_id,store_id,total_amount) VALUES(36782491,199,47865,803.87);
INSERT INTO invoice(invoice_id,cust_id,store_id,total_amount) VALUES(97984284,200,15646,2924.01);
INSERT INTO invoice(invoice_id,cust_id,store_id,total_amount) VALUES(88712313,201,40822,1718.77);
INSERT INTO invoice(invoice_id,cust_id,store_id,total_amount) VALUES(25618410,202,19205,1730.13);
INSERT INTO invoice(invoice_id,cust_id,store_id,total_amount) VALUES(66821907,203,48793,2737.52);
INSERT INTO invoice(invoice_id,cust_id,store_id,total_amount) VALUES(25449196,204,12431,2092.28);
INSERT INTO invoice(invoice_id,cust_id,store_id,total_amount) VALUES(66296662,205,15599,2668.69);
INSERT INTO invoice(invoice_id,cust_id,store_id,total_amount) VALUES(36246826,206,24735,1797.26);
INSERT INTO invoice(invoice_id,cust_id,store_id,total_amount) VALUES(89329655,207,43109,1607.47);
INSERT INTO invoice(invoice_id,cust_id,store_id,total_amount) VALUES(30495736,208,12806,2387.17);
INSERT INTO invoice(invoice_id,cust_id,store_id,total_amount) VALUES(74309787,209,13955,1449.58);
INSERT INTO invoice(invoice_id,cust_id,store_id,total_amount) VALUES(49502817,210,34702,326.23);
INSERT INTO invoice(invoice_id,cust_id,store_id,total_amount) VALUES(45069239,211,22774,1183.44);
INSERT INTO invoice(invoice_id,cust_id,store_id,total_amount) VALUES(84988819,212,23523,1770.66);
INSERT INTO invoice(invoice_id,cust_id,store_id,total_amount) VALUES(24966097,213,16181,907.67);
INSERT INTO invoice(invoice_id,cust_id,store_id,total_amount) VALUES(43570066,214,29370,695.53);
INSERT INTO invoice(invoice_id,cust_id,store_id,total_amount) VALUES(77451038,215,33266,1182.91);
INSERT INTO invoice(invoice_id,cust_id,store_id,total_amount) VALUES(70093282,216,20796,2602.95);
INSERT INTO invoice(invoice_id,cust_id,store_id,total_amount) VALUES(92451855,217,38734,117.66);
INSERT INTO invoice(invoice_id,cust_id,store_id,total_amount) VALUES(65231999,218,45240,378.45);
INSERT INTO invoice(invoice_id,cust_id,store_id,total_amount) VALUES(58789524,219,44983,1975.77);
INSERT INTO invoice(invoice_id,cust_id,store_id,total_amount) VALUES(64163494,220,33341,1431.10);
INSERT INTO invoice(invoice_id,cust_id,store_id,total_amount) VALUES(59331171,221,32258,658.83);
INSERT INTO invoice(invoice_id,cust_id,store_id,total_amount) VALUES(36242395,222,36954,2367.31);
INSERT INTO invoice(invoice_id,cust_id,store_id,total_amount) VALUES(85099367,223,37273,2397.31);
INSERT INTO invoice(invoice_id,cust_id,store_id,total_amount) VALUES(12912855,224,49841,463.31);
INSERT INTO invoice(invoice_id,cust_id,store_id,total_amount) VALUES(63203061,225,20548,1574.31);
INSERT INTO invoice(invoice_id,cust_id,store_id,total_amount) VALUES(94333541,226,26918,1486.42);
INSERT INTO invoice(invoice_id,cust_id,store_id,total_amount) VALUES(33775687,227,15273,235.60);
INSERT INTO invoice(invoice_id,cust_id,store_id,total_amount) VALUES(66801070,228,20036,1616.07);
INSERT INTO invoice(invoice_id,cust_id,store_id,total_amount) VALUES(61336000,229,14371,2350.28);
INSERT INTO invoice(invoice_id,cust_id,store_id,total_amount) VALUES(98958109,230,34222,944.93);
INSERT INTO invoice(invoice_id,cust_id,store_id,total_amount) VALUES(90123460,231,43452,1736.82);
INSERT INTO invoice(invoice_id,cust_id,store_id,total_amount) VALUES(61575349,232,39649,2492.01);
INSERT INTO invoice(invoice_id,cust_id,store_id,total_amount) VALUES(73306803,233,23505,1427.59);
INSERT INTO invoice(invoice_id,cust_id,store_id,total_amount) VALUES(63371016,234,46296,2516.07);
INSERT INTO invoice(invoice_id,cust_id,store_id,total_amount) VALUES(67750372,235,33820,2662.88);
INSERT INTO invoice(invoice_id,cust_id,store_id,total_amount) VALUES(41547406,236,23542,165.59);
INSERT INTO invoice(invoice_id,cust_id,store_id,total_amount) VALUES(22600929,237,46879,1854.17);
INSERT INTO invoice(invoice_id,cust_id,store_id,total_amount) VALUES(41821158,238,15368,1079.41);
INSERT INTO invoice(invoice_id,cust_id,store_id,total_amount) VALUES(54477441,239,16521,2759.67);
INSERT INTO invoice(invoice_id,cust_id,store_id,total_amount) VALUES(78349274,240,31163,2191.01);
INSERT INTO invoice(invoice_id,cust_id,store_id,total_amount) VALUES(13259783,241,20886,2553.50);
INSERT INTO invoice(invoice_id,cust_id,store_id,total_amount) VALUES(44252911,242,31481,512.56);
INSERT INTO invoice(invoice_id,cust_id,store_id,total_amount) VALUES(53873520,243,29920,152.68);
INSERT INTO invoice(invoice_id,cust_id,store_id,total_amount) VALUES(37110900,244,41507,777.02);
INSERT INTO invoice(invoice_id,cust_id,store_id,total_amount) VALUES(84197085,245,20315,2046.21);
INSERT INTO invoice(invoice_id,cust_id,store_id,total_amount) VALUES(57870185,246,23374,2969.64);
INSERT INTO invoice(invoice_id,cust_id,store_id,total_amount) VALUES(27226308,247,15584,737.75);
INSERT INTO invoice(invoice_id,cust_id,store_id,total_amount) VALUES(72071376,248,23748,2560.69);
INSERT INTO invoice(invoice_id,cust_id,store_id,total_amount) VALUES(78453709,249,44055,1656.23);
INSERT INTO invoice(invoice_id,cust_id,store_id,total_amount) VALUES(46655828,250,23294,328.91);

--cust_invoice

INSERT INTO cust_invoice(cust_id,invoice_id) VALUES (1,10071572);
INSERT INTO cust_invoice(cust_id,invoice_id) VALUES (2,10105998);
INSERT INTO cust_invoice(cust_id,invoice_id) VALUES (3,11654722);
INSERT INTO cust_invoice(cust_id,invoice_id) VALUES (4,11761949);
INSERT INTO cust_invoice(cust_id,invoice_id) VALUES (5,11772806);
INSERT INTO cust_invoice(cust_id,invoice_id) VALUES (6,12047912);
INSERT INTO cust_invoice(cust_id,invoice_id) VALUES (7,12779134);
INSERT INTO cust_invoice(cust_id,invoice_id) VALUES (8,12912855);
INSERT INTO cust_invoice(cust_id,invoice_id) VALUES (9,13259783);
INSERT INTO cust_invoice(cust_id,invoice_id) VALUES (10,13353014);
INSERT INTO cust_invoice(cust_id,invoice_id) VALUES (11,13452572);
INSERT INTO cust_invoice(cust_id,invoice_id) VALUES (12,13509910);
INSERT INTO cust_invoice(cust_id,invoice_id) VALUES (13,15461368);
INSERT INTO cust_invoice(cust_id,invoice_id) VALUES (14,15485760);
INSERT INTO cust_invoice(cust_id,invoice_id) VALUES (15,15638965);
INSERT INTO cust_invoice(cust_id,invoice_id) VALUES (16,15647305);
INSERT INTO cust_invoice(cust_id,invoice_id) VALUES (17,16785725);
INSERT INTO cust_invoice(cust_id,invoice_id) VALUES (18,17131949);
INSERT INTO cust_invoice(cust_id,invoice_id) VALUES (19,17551584);
INSERT INTO cust_invoice(cust_id,invoice_id) VALUES (20,17849289);
INSERT INTO cust_invoice(cust_id,invoice_id) VALUES (21,18928740);
INSERT INTO cust_invoice(cust_id,invoice_id) VALUES (22,18967971);
INSERT INTO cust_invoice(cust_id,invoice_id) VALUES (23,19808407);
INSERT INTO cust_invoice(cust_id,invoice_id) VALUES (24,19821603);
INSERT INTO cust_invoice(cust_id,invoice_id) VALUES (25,20302620);
INSERT INTO cust_invoice(cust_id,invoice_id) VALUES (26,20529994);
INSERT INTO cust_invoice(cust_id,invoice_id) VALUES (27,21788071);
INSERT INTO cust_invoice(cust_id,invoice_id) VALUES (28,22600929);
INSERT INTO cust_invoice(cust_id,invoice_id) VALUES (29,22944811);
INSERT INTO cust_invoice(cust_id,invoice_id) VALUES (30,23089893);
INSERT INTO cust_invoice(cust_id,invoice_id) VALUES (31,24893784);
INSERT INTO cust_invoice(cust_id,invoice_id) VALUES (32,24966097);
INSERT INTO cust_invoice(cust_id,invoice_id) VALUES (33,25020236);
INSERT INTO cust_invoice(cust_id,invoice_id) VALUES (34,25395999);
INSERT INTO cust_invoice(cust_id,invoice_id) VALUES (35,25398570);
INSERT INTO cust_invoice(cust_id,invoice_id) VALUES (36,25449196);
INSERT INTO cust_invoice(cust_id,invoice_id) VALUES (37,25511771);
INSERT INTO cust_invoice(cust_id,invoice_id) VALUES (38,25618410);
INSERT INTO cust_invoice(cust_id,invoice_id) VALUES (39,25624701);
INSERT INTO cust_invoice(cust_id,invoice_id) VALUES (40,26149277);
INSERT INTO cust_invoice(cust_id,invoice_id) VALUES (41,26992747);
INSERT INTO cust_invoice(cust_id,invoice_id) VALUES (42,27226308);
INSERT INTO cust_invoice(cust_id,invoice_id) VALUES (43,27816611);
INSERT INTO cust_invoice(cust_id,invoice_id) VALUES (44,28151351);
INSERT INTO cust_invoice(cust_id,invoice_id) VALUES (45,28349839);
INSERT INTO cust_invoice(cust_id,invoice_id) VALUES (46,29078640);
INSERT INTO cust_invoice(cust_id,invoice_id) VALUES (47,29182175);
INSERT INTO cust_invoice(cust_id,invoice_id) VALUES (48,30086510);
INSERT INTO cust_invoice(cust_id,invoice_id) VALUES (49,30495736);
INSERT INTO cust_invoice(cust_id,invoice_id) VALUES (50,31152301);
INSERT INTO cust_invoice(cust_id,invoice_id) VALUES (51,31165690);
INSERT INTO cust_invoice(cust_id,invoice_id) VALUES (52,31604882);
INSERT INTO cust_invoice(cust_id,invoice_id) VALUES (53,31678287);
INSERT INTO cust_invoice(cust_id,invoice_id) VALUES (54,32599857);
INSERT INTO cust_invoice(cust_id,invoice_id) VALUES (55,33167097);
INSERT INTO cust_invoice(cust_id,invoice_id) VALUES (56,33244401);
INSERT INTO cust_invoice(cust_id,invoice_id) VALUES (57,33361357);
INSERT INTO cust_invoice(cust_id,invoice_id) VALUES (58,33775687);
INSERT INTO cust_invoice(cust_id,invoice_id) VALUES (59,35199924);
INSERT INTO cust_invoice(cust_id,invoice_id) VALUES (60,35332083);
INSERT INTO cust_invoice(cust_id,invoice_id) VALUES (61,35646833);
INSERT INTO cust_invoice(cust_id,invoice_id) VALUES (62,35924380);
INSERT INTO cust_invoice(cust_id,invoice_id) VALUES (63,36242395);
INSERT INTO cust_invoice(cust_id,invoice_id) VALUES (64,36246826);
INSERT INTO cust_invoice(cust_id,invoice_id) VALUES (65,36782491);
INSERT INTO cust_invoice(cust_id,invoice_id) VALUES (66,37110900);
INSERT INTO cust_invoice(cust_id,invoice_id) VALUES (67,37692975);
INSERT INTO cust_invoice(cust_id,invoice_id) VALUES (68,37863606);
INSERT INTO cust_invoice(cust_id,invoice_id) VALUES (69,39451422);
INSERT INTO cust_invoice(cust_id,invoice_id) VALUES (70,39736422);
INSERT INTO cust_invoice(cust_id,invoice_id) VALUES (71,40031132);
INSERT INTO cust_invoice(cust_id,invoice_id) VALUES (72,40275153);
INSERT INTO cust_invoice(cust_id,invoice_id) VALUES (73,40439472);
INSERT INTO cust_invoice(cust_id,invoice_id) VALUES (74,40772826);
INSERT INTO cust_invoice(cust_id,invoice_id) VALUES (75,41523250);
INSERT INTO cust_invoice(cust_id,invoice_id) VALUES (76,41547406);
INSERT INTO cust_invoice(cust_id,invoice_id) VALUES (77,41605329);
INSERT INTO cust_invoice(cust_id,invoice_id) VALUES (78,41667388);
INSERT INTO cust_invoice(cust_id,invoice_id) VALUES (79,41768448);
INSERT INTO cust_invoice(cust_id,invoice_id) VALUES (80,41821158);
INSERT INTO cust_invoice(cust_id,invoice_id) VALUES (81,41873442);
INSERT INTO cust_invoice(cust_id,invoice_id) VALUES (82,42051463);
INSERT INTO cust_invoice(cust_id,invoice_id) VALUES (83,42082795);
INSERT INTO cust_invoice(cust_id,invoice_id) VALUES (84,42212689);
INSERT INTO cust_invoice(cust_id,invoice_id) VALUES (85,42674183);
INSERT INTO cust_invoice(cust_id,invoice_id) VALUES (86,42676709);
INSERT INTO cust_invoice(cust_id,invoice_id) VALUES (87,43570066);
INSERT INTO cust_invoice(cust_id,invoice_id) VALUES (88,43745868);
INSERT INTO cust_invoice(cust_id,invoice_id) VALUES (89,43799402);
INSERT INTO cust_invoice(cust_id,invoice_id) VALUES (90,43942205);
INSERT INTO cust_invoice(cust_id,invoice_id) VALUES (91,44252911);
INSERT INTO cust_invoice(cust_id,invoice_id) VALUES (92,45069239);
INSERT INTO cust_invoice(cust_id,invoice_id) VALUES (93,45128373);
INSERT INTO cust_invoice(cust_id,invoice_id) VALUES (94,45280224);
INSERT INTO cust_invoice(cust_id,invoice_id) VALUES (95,45714394);
INSERT INTO cust_invoice(cust_id,invoice_id) VALUES (96,45751576);
INSERT INTO cust_invoice(cust_id,invoice_id) VALUES (97,46655828);
INSERT INTO cust_invoice(cust_id,invoice_id) VALUES (98,46924413);
INSERT INTO cust_invoice(cust_id,invoice_id) VALUES (99,47918462);
INSERT INTO cust_invoice(cust_id,invoice_id) VALUES (100,48904117);
INSERT INTO cust_invoice(cust_id,invoice_id) VALUES (101,48971489);
INSERT INTO cust_invoice(cust_id,invoice_id) VALUES (102,48971596);
INSERT INTO cust_invoice(cust_id,invoice_id) VALUES (103,49047357);
INSERT INTO cust_invoice(cust_id,invoice_id) VALUES (104,49502817);
INSERT INTO cust_invoice(cust_id,invoice_id) VALUES (105,49527025);
INSERT INTO cust_invoice(cust_id,invoice_id) VALUES (106,49664673);
INSERT INTO cust_invoice(cust_id,invoice_id) VALUES (107,49868102);
INSERT INTO cust_invoice(cust_id,invoice_id) VALUES (108,49900868);
INSERT INTO cust_invoice(cust_id,invoice_id) VALUES (109,50554482);
INSERT INTO cust_invoice(cust_id,invoice_id) VALUES (110,50674978);
INSERT INTO cust_invoice(cust_id,invoice_id) VALUES (111,51291996);
INSERT INTO cust_invoice(cust_id,invoice_id) VALUES (112,52070766);
INSERT INTO cust_invoice(cust_id,invoice_id) VALUES (113,52270806);
INSERT INTO cust_invoice(cust_id,invoice_id) VALUES (114,52684049);
INSERT INTO cust_invoice(cust_id,invoice_id) VALUES (115,52976761);
INSERT INTO cust_invoice(cust_id,invoice_id) VALUES (116,53153253);
INSERT INTO cust_invoice(cust_id,invoice_id) VALUES (117,53873520);
INSERT INTO cust_invoice(cust_id,invoice_id) VALUES (118,53960957);
INSERT INTO cust_invoice(cust_id,invoice_id) VALUES (119,54135999);
INSERT INTO cust_invoice(cust_id,invoice_id) VALUES (120,54477441);
INSERT INTO cust_invoice(cust_id,invoice_id) VALUES (121,54856424);
INSERT INTO cust_invoice(cust_id,invoice_id) VALUES (122,55105301);
INSERT INTO cust_invoice(cust_id,invoice_id) VALUES (123,55613229);
INSERT INTO cust_invoice(cust_id,invoice_id) VALUES (124,55665935);
INSERT INTO cust_invoice(cust_id,invoice_id) VALUES (125,55713854);
INSERT INTO cust_invoice(cust_id,invoice_id) VALUES (126,56270180);
INSERT INTO cust_invoice(cust_id,invoice_id) VALUES (127,56446904);
INSERT INTO cust_invoice(cust_id,invoice_id) VALUES (128,56790166);
INSERT INTO cust_invoice(cust_id,invoice_id) VALUES (129,57587375);
INSERT INTO cust_invoice(cust_id,invoice_id) VALUES (130,57733578);
INSERT INTO cust_invoice(cust_id,invoice_id) VALUES (131,57870185);
INSERT INTO cust_invoice(cust_id,invoice_id) VALUES (132,58024904);
INSERT INTO cust_invoice(cust_id,invoice_id) VALUES (133,58202572);
INSERT INTO cust_invoice(cust_id,invoice_id) VALUES (134,58507257);
INSERT INTO cust_invoice(cust_id,invoice_id) VALUES (135,58789524);
INSERT INTO cust_invoice(cust_id,invoice_id) VALUES (136,59037464);
INSERT INTO cust_invoice(cust_id,invoice_id) VALUES (137,59331171);
INSERT INTO cust_invoice(cust_id,invoice_id) VALUES (138,59775646);
INSERT INTO cust_invoice(cust_id,invoice_id) VALUES (139,60278555);
INSERT INTO cust_invoice(cust_id,invoice_id) VALUES (140,60393974);
INSERT INTO cust_invoice(cust_id,invoice_id) VALUES (141,60645262);
INSERT INTO cust_invoice(cust_id,invoice_id) VALUES (142,61162124);
INSERT INTO cust_invoice(cust_id,invoice_id) VALUES (143,61336000);
INSERT INTO cust_invoice(cust_id,invoice_id) VALUES (144,61575349);
INSERT INTO cust_invoice(cust_id,invoice_id) VALUES (145,61803223);
INSERT INTO cust_invoice(cust_id,invoice_id) VALUES (146,61949744);
INSERT INTO cust_invoice(cust_id,invoice_id) VALUES (147,62463412);
INSERT INTO cust_invoice(cust_id,invoice_id) VALUES (148,63203061);
INSERT INTO cust_invoice(cust_id,invoice_id) VALUES (149,63309566);
INSERT INTO cust_invoice(cust_id,invoice_id) VALUES (150,63371016);
INSERT INTO cust_invoice(cust_id,invoice_id) VALUES (151,63404196);
INSERT INTO cust_invoice(cust_id,invoice_id) VALUES (152,63846181);
INSERT INTO cust_invoice(cust_id,invoice_id) VALUES (153,63926619);
INSERT INTO cust_invoice(cust_id,invoice_id) VALUES (154,64163494);
INSERT INTO cust_invoice(cust_id,invoice_id) VALUES (155,64279548);
INSERT INTO cust_invoice(cust_id,invoice_id) VALUES (156,64749718);
INSERT INTO cust_invoice(cust_id,invoice_id) VALUES (157,65231999);
INSERT INTO cust_invoice(cust_id,invoice_id) VALUES (158,65962040);
INSERT INTO cust_invoice(cust_id,invoice_id) VALUES (159,66001536);
INSERT INTO cust_invoice(cust_id,invoice_id) VALUES (160,66193232);
INSERT INTO cust_invoice(cust_id,invoice_id) VALUES (161,66296662);
INSERT INTO cust_invoice(cust_id,invoice_id) VALUES (162,66653551);
INSERT INTO cust_invoice(cust_id,invoice_id) VALUES (163,66801070);
INSERT INTO cust_invoice(cust_id,invoice_id) VALUES (164,66821907);
INSERT INTO cust_invoice(cust_id,invoice_id) VALUES (165,66838841);
INSERT INTO cust_invoice(cust_id,invoice_id) VALUES (166,66897031);
INSERT INTO cust_invoice(cust_id,invoice_id) VALUES (167,67250245);
INSERT INTO cust_invoice(cust_id,invoice_id) VALUES (168,67349254);
INSERT INTO cust_invoice(cust_id,invoice_id) VALUES (169,67350771);
INSERT INTO cust_invoice(cust_id,invoice_id) VALUES (170,67444178);
INSERT INTO cust_invoice(cust_id,invoice_id) VALUES (171,67750372);
INSERT INTO cust_invoice(cust_id,invoice_id) VALUES (172,67823645);
INSERT INTO cust_invoice(cust_id,invoice_id) VALUES (173,68087209);
INSERT INTO cust_invoice(cust_id,invoice_id) VALUES (174,68171925);
INSERT INTO cust_invoice(cust_id,invoice_id) VALUES (175,68809580);
INSERT INTO cust_invoice(cust_id,invoice_id) VALUES (176,69334313);
INSERT INTO cust_invoice(cust_id,invoice_id) VALUES (177,69519280);
INSERT INTO cust_invoice(cust_id,invoice_id) VALUES (178,70010727);
INSERT INTO cust_invoice(cust_id,invoice_id) VALUES (179,70093282);
INSERT INTO cust_invoice(cust_id,invoice_id) VALUES (180,70881202);
INSERT INTO cust_invoice(cust_id,invoice_id) VALUES (181,70916728);
INSERT INTO cust_invoice(cust_id,invoice_id) VALUES (182,70967681);
INSERT INTO cust_invoice(cust_id,invoice_id) VALUES (183,72071376);
INSERT INTO cust_invoice(cust_id,invoice_id) VALUES (184,72371180);
INSERT INTO cust_invoice(cust_id,invoice_id) VALUES (185,72433733);
INSERT INTO cust_invoice(cust_id,invoice_id) VALUES (186,73306803);
INSERT INTO cust_invoice(cust_id,invoice_id) VALUES (187,73965335);
INSERT INTO cust_invoice(cust_id,invoice_id) VALUES (188,74309787);
INSERT INTO cust_invoice(cust_id,invoice_id) VALUES (189,74372276);
INSERT INTO cust_invoice(cust_id,invoice_id) VALUES (190,74711478);
INSERT INTO cust_invoice(cust_id,invoice_id) VALUES (191,75136692);
INSERT INTO cust_invoice(cust_id,invoice_id) VALUES (192,75515933);
INSERT INTO cust_invoice(cust_id,invoice_id) VALUES (193,75518508);
INSERT INTO cust_invoice(cust_id,invoice_id) VALUES (194,75631588);
INSERT INTO cust_invoice(cust_id,invoice_id) VALUES (195,76027415);
INSERT INTO cust_invoice(cust_id,invoice_id) VALUES (196,76466079);
INSERT INTO cust_invoice(cust_id,invoice_id) VALUES (197,76650764);
INSERT INTO cust_invoice(cust_id,invoice_id) VALUES (198,77230592);
INSERT INTO cust_invoice(cust_id,invoice_id) VALUES (199,77321349);
INSERT INTO cust_invoice(cust_id,invoice_id) VALUES (200,77451038);
INSERT INTO cust_invoice(cust_id,invoice_id) VALUES (201,77551708);
INSERT INTO cust_invoice(cust_id,invoice_id) VALUES (202,77939543);
INSERT INTO cust_invoice(cust_id,invoice_id) VALUES (203,78349274);
INSERT INTO cust_invoice(cust_id,invoice_id) VALUES (204,78453709);
INSERT INTO cust_invoice(cust_id,invoice_id) VALUES (205,79351641);
INSERT INTO cust_invoice(cust_id,invoice_id) VALUES (206,80526099);
INSERT INTO cust_invoice(cust_id,invoice_id) VALUES (207,81236920);
INSERT INTO cust_invoice(cust_id,invoice_id) VALUES (208,82458319);
INSERT INTO cust_invoice(cust_id,invoice_id) VALUES (209,83297481);
INSERT INTO cust_invoice(cust_id,invoice_id) VALUES (210,83498098);
INSERT INTO cust_invoice(cust_id,invoice_id) VALUES (211,83582662);
INSERT INTO cust_invoice(cust_id,invoice_id) VALUES (212,83645345);
INSERT INTO cust_invoice(cust_id,invoice_id) VALUES (213,84197085);
INSERT INTO cust_invoice(cust_id,invoice_id) VALUES (214,84207600);
INSERT INTO cust_invoice(cust_id,invoice_id) VALUES (215,84695936);
INSERT INTO cust_invoice(cust_id,invoice_id) VALUES (216,84988819);
INSERT INTO cust_invoice(cust_id,invoice_id) VALUES (217,85099367);
INSERT INTO cust_invoice(cust_id,invoice_id) VALUES (218,85311600);
INSERT INTO cust_invoice(cust_id,invoice_id) VALUES (219,85766561);
INSERT INTO cust_invoice(cust_id,invoice_id) VALUES (220,86412899);
INSERT INTO cust_invoice(cust_id,invoice_id) VALUES (221,86527975);
INSERT INTO cust_invoice(cust_id,invoice_id) VALUES (222,86787190);
INSERT INTO cust_invoice(cust_id,invoice_id) VALUES (223,88352236);
INSERT INTO cust_invoice(cust_id,invoice_id) VALUES (224,88392118);
INSERT INTO cust_invoice(cust_id,invoice_id) VALUES (225,88712313);
INSERT INTO cust_invoice(cust_id,invoice_id) VALUES (226,88817829);
INSERT INTO cust_invoice(cust_id,invoice_id) VALUES (227,89329655);
INSERT INTO cust_invoice(cust_id,invoice_id) VALUES (228,89337317);
INSERT INTO cust_invoice(cust_id,invoice_id) VALUES (229,90123460);
INSERT INTO cust_invoice(cust_id,invoice_id) VALUES (230,90251357);
INSERT INTO cust_invoice(cust_id,invoice_id) VALUES (231,90594853);
INSERT INTO cust_invoice(cust_id,invoice_id) VALUES (232,90749031);
INSERT INTO cust_invoice(cust_id,invoice_id) VALUES (233,91045631);
INSERT INTO cust_invoice(cust_id,invoice_id) VALUES (234,91727351);
INSERT INTO cust_invoice(cust_id,invoice_id) VALUES (235,92385535);
INSERT INTO cust_invoice(cust_id,invoice_id) VALUES (236,92451855);
INSERT INTO cust_invoice(cust_id,invoice_id) VALUES (237,93121874);
INSERT INTO cust_invoice(cust_id,invoice_id) VALUES (238,93280098);
INSERT INTO cust_invoice(cust_id,invoice_id) VALUES (239,94068155);
INSERT INTO cust_invoice(cust_id,invoice_id) VALUES (240,94290552);
INSERT INTO cust_invoice(cust_id,invoice_id) VALUES (241,94333541);
INSERT INTO cust_invoice(cust_id,invoice_id) VALUES (242,94551285);
INSERT INTO cust_invoice(cust_id,invoice_id) VALUES (243,94674138);
INSERT INTO cust_invoice(cust_id,invoice_id) VALUES (244,95851890);
INSERT INTO cust_invoice(cust_id,invoice_id) VALUES (245,95955252);
INSERT INTO cust_invoice(cust_id,invoice_id) VALUES (246,96832603);
INSERT INTO cust_invoice(cust_id,invoice_id) VALUES (247,97984284);
INSERT INTO cust_invoice(cust_id,invoice_id) VALUES (248,98244752);
INSERT INTO cust_invoice(cust_id,invoice_id) VALUES (249,98958109);
INSERT INTO cust_invoice(cust_id,invoice_id) VALUES (250,99948129);

--generates

INSERT INTO generates(store_id,invoice_id) VALUES(10123,10071572);
INSERT INTO generates(store_id,invoice_id) VALUES(10174,10105998);
INSERT INTO generates(store_id,invoice_id) VALUES(10236,11654722);
INSERT INTO generates(store_id,invoice_id) VALUES(10382,11761949);
INSERT INTO generates(store_id,invoice_id) VALUES(10810,11772806);
INSERT INTO generates(store_id,invoice_id) VALUES(10888,12047912);
INSERT INTO generates(store_id,invoice_id) VALUES(11044,12779134);
INSERT INTO generates(store_id,invoice_id) VALUES(11272,12912855);
INSERT INTO generates(store_id,invoice_id) VALUES(12077,13259783);
INSERT INTO generates(store_id,invoice_id) VALUES(12431,13353014);
INSERT INTO generates(store_id,invoice_id) VALUES(12795,13452572);
INSERT INTO generates(store_id,invoice_id) VALUES(12806,13509910);
INSERT INTO generates(store_id,invoice_id) VALUES(12809,15461368);
INSERT INTO generates(store_id,invoice_id) VALUES(13326,15485760);
INSERT INTO generates(store_id,invoice_id) VALUES(13404,15638965);
INSERT INTO generates(store_id,invoice_id) VALUES(13580,15647305);
INSERT INTO generates(store_id,invoice_id) VALUES(13591,16785725);
INSERT INTO generates(store_id,invoice_id) VALUES(13649,17131949);
INSERT INTO generates(store_id,invoice_id) VALUES(13933,17551584);
INSERT INTO generates(store_id,invoice_id) VALUES(13955,17849289);
INSERT INTO generates(store_id,invoice_id) VALUES(13980,18928740);
INSERT INTO generates(store_id,invoice_id) VALUES(14130,18967971);
INSERT INTO generates(store_id,invoice_id) VALUES(14307,19808407);
INSERT INTO generates(store_id,invoice_id) VALUES(14331,19821603);
INSERT INTO generates(store_id,invoice_id) VALUES(14371,20302620);
INSERT INTO generates(store_id,invoice_id) VALUES(14465,20529994);
INSERT INTO generates(store_id,invoice_id) VALUES(14614,21788071);
INSERT INTO generates(store_id,invoice_id) VALUES(14651,22600929);
INSERT INTO generates(store_id,invoice_id) VALUES(14813,22944811);
INSERT INTO generates(store_id,invoice_id) VALUES(14820,23089893);
INSERT INTO generates(store_id,invoice_id) VALUES(15273,24893784);
INSERT INTO generates(store_id,invoice_id) VALUES(15368,24966097);
INSERT INTO generates(store_id,invoice_id) VALUES(15387,25020236);
INSERT INTO generates(store_id,invoice_id) VALUES(15584,25395999);
INSERT INTO generates(store_id,invoice_id) VALUES(15599,25398570);
INSERT INTO generates(store_id,invoice_id) VALUES(15646,25449196);
INSERT INTO generates(store_id,invoice_id) VALUES(15660,25511771);
INSERT INTO generates(store_id,invoice_id) VALUES(15855,25618410);
INSERT INTO generates(store_id,invoice_id) VALUES(15982,25624701);
INSERT INTO generates(store_id,invoice_id) VALUES(16017,26149277);
INSERT INTO generates(store_id,invoice_id) VALUES(16181,26992747);
INSERT INTO generates(store_id,invoice_id) VALUES(16316,27226308);
INSERT INTO generates(store_id,invoice_id) VALUES(16330,27816611);
INSERT INTO generates(store_id,invoice_id) VALUES(16521,28151351);
INSERT INTO generates(store_id,invoice_id) VALUES(16609,28349839);
INSERT INTO generates(store_id,invoice_id) VALUES(16656,29078640);
INSERT INTO generates(store_id,invoice_id) VALUES(16792,29182175);
INSERT INTO generates(store_id,invoice_id) VALUES(16987,30086510);
INSERT INTO generates(store_id,invoice_id) VALUES(17084,30495736);
INSERT INTO generates(store_id,invoice_id) VALUES(17189,31152301);
INSERT INTO generates(store_id,invoice_id) VALUES(17280,31165690);
INSERT INTO generates(store_id,invoice_id) VALUES(17526,31604882);
INSERT INTO generates(store_id,invoice_id) VALUES(17732,31678287);
INSERT INTO generates(store_id,invoice_id) VALUES(17894,32599857);
INSERT INTO generates(store_id,invoice_id) VALUES(17943,33167097);
INSERT INTO generates(store_id,invoice_id) VALUES(18171,33244401);
INSERT INTO generates(store_id,invoice_id) VALUES(18307,33361357);
INSERT INTO generates(store_id,invoice_id) VALUES(18833,33775687);
INSERT INTO generates(store_id,invoice_id) VALUES(18936,35199924);
INSERT INTO generates(store_id,invoice_id) VALUES(19148,35332083);
INSERT INTO generates(store_id,invoice_id) VALUES(19205,35646833);
INSERT INTO generates(store_id,invoice_id) VALUES(19255,35924380);
INSERT INTO generates(store_id,invoice_id) VALUES(19340,36242395);
INSERT INTO generates(store_id,invoice_id) VALUES(19358,36246826);
INSERT INTO generates(store_id,invoice_id) VALUES(19384,36782491);
INSERT INTO generates(store_id,invoice_id) VALUES(19524,37110900);
INSERT INTO generates(store_id,invoice_id) VALUES(19599,37692975);
INSERT INTO generates(store_id,invoice_id) VALUES(19916,37863606);
INSERT INTO generates(store_id,invoice_id) VALUES(19983,39451422);
INSERT INTO generates(store_id,invoice_id) VALUES(20036,39736422);
INSERT INTO generates(store_id,invoice_id) VALUES(20174,40031132);
INSERT INTO generates(store_id,invoice_id) VALUES(20291,40275153);
INSERT INTO generates(store_id,invoice_id) VALUES(20315,40439472);
INSERT INTO generates(store_id,invoice_id) VALUES(20548,40772826);
INSERT INTO generates(store_id,invoice_id) VALUES(20796,41523250);
INSERT INTO generates(store_id,invoice_id) VALUES(20886,41547406);
INSERT INTO generates(store_id,invoice_id) VALUES(21388,41605329);
INSERT INTO generates(store_id,invoice_id) VALUES(21668,41667388);
INSERT INTO generates(store_id,invoice_id) VALUES(21769,41768448);
INSERT INTO generates(store_id,invoice_id) VALUES(21835,41821158);
INSERT INTO generates(store_id,invoice_id) VALUES(22360,41873442);
INSERT INTO generates(store_id,invoice_id) VALUES(22415,42051463);
INSERT INTO generates(store_id,invoice_id) VALUES(22738,42082795);
INSERT INTO generates(store_id,invoice_id) VALUES(22774,42212689);
INSERT INTO generates(store_id,invoice_id) VALUES(22859,42674183);
INSERT INTO generates(store_id,invoice_id) VALUES(22881,42676709);
INSERT INTO generates(store_id,invoice_id) VALUES(22953,43570066);
INSERT INTO generates(store_id,invoice_id) VALUES(23031,43745868);
INSERT INTO generates(store_id,invoice_id) VALUES(23294,43799402);
INSERT INTO generates(store_id,invoice_id) VALUES(23299,43942205);
INSERT INTO generates(store_id,invoice_id) VALUES(23374,44252911);
INSERT INTO generates(store_id,invoice_id) VALUES(23505,45069239);
INSERT INTO generates(store_id,invoice_id) VALUES(23523,45128373);
INSERT INTO generates(store_id,invoice_id) VALUES(23542,45280224);
INSERT INTO generates(store_id,invoice_id) VALUES(23748,45714394);
INSERT INTO generates(store_id,invoice_id) VALUES(23899,45751576);
INSERT INTO generates(store_id,invoice_id) VALUES(23923,46655828);
INSERT INTO generates(store_id,invoice_id) VALUES(24148,46924413);
INSERT INTO generates(store_id,invoice_id) VALUES(24623,47918462);
INSERT INTO generates(store_id,invoice_id) VALUES(24661,48904117);
INSERT INTO generates(store_id,invoice_id) VALUES(24735,48971489);
INSERT INTO generates(store_id,invoice_id) VALUES(24952,48971596);
INSERT INTO generates(store_id,invoice_id) VALUES(24989,49047357);
INSERT INTO generates(store_id,invoice_id) VALUES(25153,49502817);
INSERT INTO generates(store_id,invoice_id) VALUES(25208,49527025);
INSERT INTO generates(store_id,invoice_id) VALUES(25379,49664673);
INSERT INTO generates(store_id,invoice_id) VALUES(25664,49868102);
INSERT INTO generates(store_id,invoice_id) VALUES(26016,49900868);
INSERT INTO generates(store_id,invoice_id) VALUES(26055,50554482);
INSERT INTO generates(store_id,invoice_id) VALUES(26066,50674978);
INSERT INTO generates(store_id,invoice_id) VALUES(26321,51291996);
INSERT INTO generates(store_id,invoice_id) VALUES(26449,52070766);
INSERT INTO generates(store_id,invoice_id) VALUES(26557,52270806);
INSERT INTO generates(store_id,invoice_id) VALUES(26698,52684049);
INSERT INTO generates(store_id,invoice_id) VALUES(26918,52976761);
INSERT INTO generates(store_id,invoice_id) VALUES(27244,53153253);
INSERT INTO generates(store_id,invoice_id) VALUES(27562,53873520);
INSERT INTO generates(store_id,invoice_id) VALUES(27575,53960957);
INSERT INTO generates(store_id,invoice_id) VALUES(27581,54135999);
INSERT INTO generates(store_id,invoice_id) VALUES(27664,54477441);
INSERT INTO generates(store_id,invoice_id) VALUES(27927,54856424);
INSERT INTO generates(store_id,invoice_id) VALUES(28106,55105301);
INSERT INTO generates(store_id,invoice_id) VALUES(28820,55613229);
INSERT INTO generates(store_id,invoice_id) VALUES(28906,55665935);
INSERT INTO generates(store_id,invoice_id) VALUES(29108,55713854);
INSERT INTO generates(store_id,invoice_id) VALUES(29370,56270180);
INSERT INTO generates(store_id,invoice_id) VALUES(29571,56446904);
INSERT INTO generates(store_id,invoice_id) VALUES(29667,56790166);
INSERT INTO generates(store_id,invoice_id) VALUES(29920,57587375);
INSERT INTO generates(store_id,invoice_id) VALUES(29983,57733578);
INSERT INTO generates(store_id,invoice_id) VALUES(30056,57870185);
INSERT INTO generates(store_id,invoice_id) VALUES(30339,58024904);
INSERT INTO generates(store_id,invoice_id) VALUES(30344,58202572);
INSERT INTO generates(store_id,invoice_id) VALUES(30669,58507257);
INSERT INTO generates(store_id,invoice_id) VALUES(30994,58789524);
INSERT INTO generates(store_id,invoice_id) VALUES(31163,59037464);
INSERT INTO generates(store_id,invoice_id) VALUES(31481,59331171);
INSERT INTO generates(store_id,invoice_id) VALUES(31523,59775646);
INSERT INTO generates(store_id,invoice_id) VALUES(31642,60278555);
INSERT INTO generates(store_id,invoice_id) VALUES(31774,60393974);
INSERT INTO generates(store_id,invoice_id) VALUES(32180,60645262);
INSERT INTO generates(store_id,invoice_id) VALUES(32239,61162124);
INSERT INTO generates(store_id,invoice_id) VALUES(32258,61336000);
INSERT INTO generates(store_id,invoice_id) VALUES(32333,61575349);
INSERT INTO generates(store_id,invoice_id) VALUES(32347,61803223);
INSERT INTO generates(store_id,invoice_id) VALUES(32674,61949744);
INSERT INTO generates(store_id,invoice_id) VALUES(32720,62463412);
INSERT INTO generates(store_id,invoice_id) VALUES(32748,63203061);
INSERT INTO generates(store_id,invoice_id) VALUES(32942,63309566);
INSERT INTO generates(store_id,invoice_id) VALUES(33004,63371016);
INSERT INTO generates(store_id,invoice_id) VALUES(33062,63404196);
INSERT INTO generates(store_id,invoice_id) VALUES(33133,63846181);
INSERT INTO generates(store_id,invoice_id) VALUES(33237,63926619);
INSERT INTO generates(store_id,invoice_id) VALUES(33266,64163494);
INSERT INTO generates(store_id,invoice_id) VALUES(33341,64279548);
INSERT INTO generates(store_id,invoice_id) VALUES(33820,64749718);
INSERT INTO generates(store_id,invoice_id) VALUES(33894,65231999);
INSERT INTO generates(store_id,invoice_id) VALUES(34088,65962040);
INSERT INTO generates(store_id,invoice_id) VALUES(34222,66001536);
INSERT INTO generates(store_id,invoice_id) VALUES(34452,66193232);
INSERT INTO generates(store_id,invoice_id) VALUES(34702,66296662);
INSERT INTO generates(store_id,invoice_id) VALUES(34782,66653551);
INSERT INTO generates(store_id,invoice_id) VALUES(34796,66801070);
INSERT INTO generates(store_id,invoice_id) VALUES(34948,66821907);
INSERT INTO generates(store_id,invoice_id) VALUES(35281,66838841);
INSERT INTO generates(store_id,invoice_id) VALUES(35827,66897031);
INSERT INTO generates(store_id,invoice_id) VALUES(36035,67250245);
INSERT INTO generates(store_id,invoice_id) VALUES(36062,67349254);
INSERT INTO generates(store_id,invoice_id) VALUES(36515,67350771);
INSERT INTO generates(store_id,invoice_id) VALUES(36636,67444178);
INSERT INTO generates(store_id,invoice_id) VALUES(36688,67750372);
INSERT INTO generates(store_id,invoice_id) VALUES(36728,67823645);
INSERT INTO generates(store_id,invoice_id) VALUES(36946,68087209);
INSERT INTO generates(store_id,invoice_id) VALUES(36954,68171925);
INSERT INTO generates(store_id,invoice_id) VALUES(37046,68809580);
INSERT INTO generates(store_id,invoice_id) VALUES(37048,69334313);
INSERT INTO generates(store_id,invoice_id) VALUES(37094,69519280);
INSERT INTO generates(store_id,invoice_id) VALUES(37273,70010727);
INSERT INTO generates(store_id,invoice_id) VALUES(37499,70093282);
INSERT INTO generates(store_id,invoice_id) VALUES(37913,70881202);
INSERT INTO generates(store_id,invoice_id) VALUES(38069,70916728);
INSERT INTO generates(store_id,invoice_id) VALUES(38423,70967681);
INSERT INTO generates(store_id,invoice_id) VALUES(38523,72071376);
INSERT INTO generates(store_id,invoice_id) VALUES(38614,72371180);
INSERT INTO generates(store_id,invoice_id) VALUES(38734,72433733);
INSERT INTO generates(store_id,invoice_id) VALUES(38872,73306803);
INSERT INTO generates(store_id,invoice_id) VALUES(39444,73965335);
INSERT INTO generates(store_id,invoice_id) VALUES(39554,74309787);
INSERT INTO generates(store_id,invoice_id) VALUES(39649,74372276);
INSERT INTO generates(store_id,invoice_id) VALUES(39746,74711478);
INSERT INTO generates(store_id,invoice_id) VALUES(39781,75136692);
INSERT INTO generates(store_id,invoice_id) VALUES(40171,75515933);
INSERT INTO generates(store_id,invoice_id) VALUES(40556,75518508);
INSERT INTO generates(store_id,invoice_id) VALUES(40627,75631588);
INSERT INTO generates(store_id,invoice_id) VALUES(40822,76027415);
INSERT INTO generates(store_id,invoice_id) VALUES(40876,76466079);
INSERT INTO generates(store_id,invoice_id) VALUES(41098,76650764);
INSERT INTO generates(store_id,invoice_id) VALUES(41507,77230592);
INSERT INTO generates(store_id,invoice_id) VALUES(41644,77321349);
INSERT INTO generates(store_id,invoice_id) VALUES(41938,77451038);
INSERT INTO generates(store_id,invoice_id) VALUES(42721,77551708);
INSERT INTO generates(store_id,invoice_id) VALUES(42818,77939543);
INSERT INTO generates(store_id,invoice_id) VALUES(42881,78349274);
INSERT INTO generates(store_id,invoice_id) VALUES(42900,78453709);
INSERT INTO generates(store_id,invoice_id) VALUES(43027,79351641);
INSERT INTO generates(store_id,invoice_id) VALUES(43043,80526099);
INSERT INTO generates(store_id,invoice_id) VALUES(43100,81236920);
INSERT INTO generates(store_id,invoice_id) VALUES(43109,82458319);
INSERT INTO generates(store_id,invoice_id) VALUES(43137,83297481);
INSERT INTO generates(store_id,invoice_id) VALUES(43171,83498098);
INSERT INTO generates(store_id,invoice_id) VALUES(43427,83582662);
INSERT INTO generates(store_id,invoice_id) VALUES(43452,83645345);
INSERT INTO generates(store_id,invoice_id) VALUES(43530,84197085);
INSERT INTO generates(store_id,invoice_id) VALUES(43814,84207600);
INSERT INTO generates(store_id,invoice_id) VALUES(43849,84695936);
INSERT INTO generates(store_id,invoice_id) VALUES(43919,84988819);
INSERT INTO generates(store_id,invoice_id) VALUES(44004,85099367);
INSERT INTO generates(store_id,invoice_id) VALUES(44055,85311600);
INSERT INTO generates(store_id,invoice_id) VALUES(44565,85766561);
INSERT INTO generates(store_id,invoice_id) VALUES(44670,86412899);
INSERT INTO generates(store_id,invoice_id) VALUES(44757,86527975);
INSERT INTO generates(store_id,invoice_id) VALUES(44772,86787190);
INSERT INTO generates(store_id,invoice_id) VALUES(44913,88352236);
INSERT INTO generates(store_id,invoice_id) VALUES(44983,88392118);
INSERT INTO generates(store_id,invoice_id) VALUES(45096,88712313);
INSERT INTO generates(store_id,invoice_id) VALUES(45240,88817829);
INSERT INTO generates(store_id,invoice_id) VALUES(45659,89329655);
INSERT INTO generates(store_id,invoice_id) VALUES(45761,89337317);
INSERT INTO generates(store_id,invoice_id) VALUES(46035,90123460);
INSERT INTO generates(store_id,invoice_id) VALUES(46296,90251357);
INSERT INTO generates(store_id,invoice_id) VALUES(46491,90594853);
INSERT INTO generates(store_id,invoice_id) VALUES(46562,90749031);
INSERT INTO generates(store_id,invoice_id) VALUES(46879,91045631);
INSERT INTO generates(store_id,invoice_id) VALUES(46901,91727351);
INSERT INTO generates(store_id,invoice_id) VALUES(47425,92385535);
INSERT INTO generates(store_id,invoice_id) VALUES(47557,92451855);
INSERT INTO generates(store_id,invoice_id) VALUES(47572,93121874);
INSERT INTO generates(store_id,invoice_id) VALUES(47778,93280098);
INSERT INTO generates(store_id,invoice_id) VALUES(47865,94068155);
INSERT INTO generates(store_id,invoice_id) VALUES(47945,94290552);
INSERT INTO generates(store_id,invoice_id) VALUES(48068,94333541);
INSERT INTO generates(store_id,invoice_id) VALUES(48271,94551285);
INSERT INTO generates(store_id,invoice_id) VALUES(48545,94674138);
INSERT INTO generates(store_id,invoice_id) VALUES(48793,95851890);
INSERT INTO generates(store_id,invoice_id) VALUES(48889,95955252);
INSERT INTO generates(store_id,invoice_id) VALUES(49080,96832603);
INSERT INTO generates(store_id,invoice_id) VALUES(49693,97984284);
INSERT INTO generates(store_id,invoice_id) VALUES(49841,98244752);
INSERT INTO generates(store_id,invoice_id) VALUES(49951,98958109);

--contains

INSERT INTO [contains](store_id,product_id) VALUES (10123,'00Sez');
INSERT INTO [contains](store_id,product_id) VALUES (10174,'0App1');
INSERT INTO [contains](store_id,product_id) VALUES (10236,'0bg6t');
INSERT INTO [contains](store_id,product_id) VALUES (10382,'0F3Kq');
INSERT INTO [contains](store_id,product_id) VALUES (10810,'0Jl4l');
INSERT INTO [contains](store_id,product_id) VALUES (10888,'0tBCl');
INSERT INTO [contains](store_id,product_id) VALUES (11044,'0ulkb');
INSERT INTO [contains](store_id,product_id) VALUES (11272,'0Y2VS');
INSERT INTO [contains](store_id,product_id) VALUES (12077,'0yrCX');
INSERT INTO [contains](store_id,product_id) VALUES (12431,'1aRmD');
INSERT INTO [contains](store_id,product_id) VALUES (12795,'1bZcE');
INSERT INTO [contains](store_id,product_id) VALUES (12806,'1D2Qm');
INSERT INTO [contains](store_id,product_id) VALUES (12809,'1J7yW');
INSERT INTO [contains](store_id,product_id) VALUES (13326,'1mJlh');
INSERT INTO [contains](store_id,product_id) VALUES (13404,'1ud5V');
INSERT INTO [contains](store_id,product_id) VALUES (13580,'2fZfz');
INSERT INTO [contains](store_id,product_id) VALUES (13591,'32pzm');
INSERT INTO [contains](store_id,product_id) VALUES (13649,'39IAO');
INSERT INTO [contains](store_id,product_id) VALUES (13933,'3Ikj9');
INSERT INTO [contains](store_id,product_id) VALUES (13955,'3P6UR');
INSERT INTO [contains](store_id,product_id) VALUES (13980,'4Or5G');
INSERT INTO [contains](store_id,product_id) VALUES (14130,'4rvOU');
INSERT INTO [contains](store_id,product_id) VALUES (14307,'5pQkb');
INSERT INTO [contains](store_id,product_id) VALUES (14331,'5rHoj');
INSERT INTO [contains](store_id,product_id) VALUES (14371,'5ufx6');
INSERT INTO [contains](store_id,product_id) VALUES (14465,'5XkBD');
INSERT INTO [contains](store_id,product_id) VALUES (14614,'646py');
INSERT INTO [contains](store_id,product_id) VALUES (14651,'68XLu');
INSERT INTO [contains](store_id,product_id) VALUES (14813,'6gB4p');
INSERT INTO [contains](store_id,product_id) VALUES (14820,'6iV8H');
INSERT INTO [contains](store_id,product_id) VALUES (15273,'6os16');
INSERT INTO [contains](store_id,product_id) VALUES (15368,'6qH8X');
INSERT INTO [contains](store_id,product_id) VALUES (15387,'6rA7X');
INSERT INTO [contains](store_id,product_id) VALUES (15584,'6uJr5');
INSERT INTO [contains](store_id,product_id) VALUES (15599,'7FzCI');
INSERT INTO [contains](store_id,product_id) VALUES (15646,'7O3RO');
INSERT INTO [contains](store_id,product_id) VALUES (15660,'7qoEF');
INSERT INTO [contains](store_id,product_id) VALUES (15855,'7vrqZ');
INSERT INTO [contains](store_id,product_id) VALUES (15982,'8Es5i');
INSERT INTO [contains](store_id,product_id) VALUES (16017,'8g4e6');
INSERT INTO [contains](store_id,product_id) VALUES (16181,'8hWky');
INSERT INTO [contains](store_id,product_id) VALUES (16316,'8QsBY');
INSERT INTO [contains](store_id,product_id) VALUES (16330,'8RiBi');
INSERT INTO [contains](store_id,product_id) VALUES (16521,'8WDS2');
INSERT INTO [contains](store_id,product_id) VALUES (16609,'8yj8i');
INSERT INTO [contains](store_id,product_id) VALUES (16656,'9anuC');
INSERT INTO [contains](store_id,product_id) VALUES (16792,'9gYU6');
INSERT INTO [contains](store_id,product_id) VALUES (16987,'9tDw2');
INSERT INTO [contains](store_id,product_id) VALUES (17084,'ahqdR');
INSERT INTO [contains](store_id,product_id) VALUES (17189,'amzzJ');
INSERT INTO [contains](store_id,product_id) VALUES (17280,'AtcIr');
INSERT INTO [contains](store_id,product_id) VALUES (17526,'atUDN');
INSERT INTO [contains](store_id,product_id) VALUES (17732,'B2UYX');
INSERT INTO [contains](store_id,product_id) VALUES (17894,'BduwR');
INSERT INTO [contains](store_id,product_id) VALUES (17943,'bfS7g');
INSERT INTO [contains](store_id,product_id) VALUES (18171,'bikHz');
INSERT INTO [contains](store_id,product_id) VALUES (18307,'bsDZM');
INSERT INTO [contains](store_id,product_id) VALUES (18833,'BtPbz');
INSERT INTO [contains](store_id,product_id) VALUES (18936,'Bukpo');
INSERT INTO [contains](store_id,product_id) VALUES (19148,'BV3tk');
INSERT INTO [contains](store_id,product_id) VALUES (19205,'bWiCS');
INSERT INTO [contains](store_id,product_id) VALUES (19255,'c9idy');
INSERT INTO [contains](store_id,product_id) VALUES (19340,'cAlO6');
INSERT INTO [contains](store_id,product_id) VALUES (19358,'Cjllp');
INSERT INTO [contains](store_id,product_id) VALUES (19384,'CLBVt');
INSERT INTO [contains](store_id,product_id) VALUES (19524,'cqCKk');
INSERT INTO [contains](store_id,product_id) VALUES (19599,'cSn2O');
INSERT INTO [contains](store_id,product_id) VALUES (19916,'CzGh1');
INSERT INTO [contains](store_id,product_id) VALUES (19983,'daZ11');
INSERT INTO [contains](store_id,product_id) VALUES (20036,'deGT9');
INSERT INTO [contains](store_id,product_id) VALUES (20174,'DHnoO');
INSERT INTO [contains](store_id,product_id) VALUES (20291,'DqtXm');
INSERT INTO [contains](store_id,product_id) VALUES (20315,'Du6Kw');
INSERT INTO [contains](store_id,product_id) VALUES (20548,'dwVuN');
INSERT INTO [contains](store_id,product_id) VALUES (20796,'E8v9k');
INSERT INTO [contains](store_id,product_id) VALUES (20886,'ebLv8');
INSERT INTO [contains](store_id,product_id) VALUES (21388,'eE6lb');
INSERT INTO [contains](store_id,product_id) VALUES (21668,'EeHPo');
INSERT INTO [contains](store_id,product_id) VALUES (21769,'Eg80K');
INSERT INTO [contains](store_id,product_id) VALUES (21835,'EGvUK');
INSERT INTO [contains](store_id,product_id) VALUES (22360,'EhZOf');
INSERT INTO [contains](store_id,product_id) VALUES (22415,'ejzWi');
INSERT INTO [contains](store_id,product_id) VALUES (22738,'EL4dn');
INSERT INTO [contains](store_id,product_id) VALUES (22774,'EnMub');
INSERT INTO [contains](store_id,product_id) VALUES (22859,'Esaa0');
INSERT INTO [contains](store_id,product_id) VALUES (22881,'eScrY');
INSERT INTO [contains](store_id,product_id) VALUES (22953,'ESO4Y');
INSERT INTO [contains](store_id,product_id) VALUES (23031,'eVr1i');
INSERT INTO [contains](store_id,product_id) VALUES (23294,'EzCDW');
INSERT INTO [contains](store_id,product_id) VALUES (23299,'FEhG1');
INSERT INTO [contains](store_id,product_id) VALUES (23374,'Fhu5C');
INSERT INTO [contains](store_id,product_id) VALUES (23505,'fQREI');
INSERT INTO [contains](store_id,product_id) VALUES (23523,'FR4hQ');
INSERT INTO [contains](store_id,product_id) VALUES (23542,'fwKUO');
INSERT INTO [contains](store_id,product_id) VALUES (23748,'G6RTb');
INSERT INTO [contains](store_id,product_id) VALUES (23899,'gcSC1');
INSERT INTO [contains](store_id,product_id) VALUES (23923,'GHAAi');
INSERT INTO [contains](store_id,product_id) VALUES (24148,'GOZQz');
INSERT INTO [contains](store_id,product_id) VALUES (24623,'gQLu3');
INSERT INTO [contains](store_id,product_id) VALUES (24661,'gVyh4');
INSERT INTO [contains](store_id,product_id) VALUES (24735,'gwVFG');
INSERT INTO [contains](store_id,product_id) VALUES (24952,'gXDBk');
INSERT INTO [contains](store_id,product_id) VALUES (24989,'h5Ny6');
INSERT INTO [contains](store_id,product_id) VALUES (25153,'hcTIo');
INSERT INTO [contains](store_id,product_id) VALUES (25208,'Hfn6b');
INSERT INTO [contains](store_id,product_id) VALUES (25379,'HGpLK');
INSERT INTO [contains](store_id,product_id) VALUES (25664,'hHfeP');
INSERT INTO [contains](store_id,product_id) VALUES (26016,'hMd1T');
INSERT INTO [contains](store_id,product_id) VALUES (26055,'hmZUk');
INSERT INTO [contains](store_id,product_id) VALUES (26066,'hoTWA');
INSERT INTO [contains](store_id,product_id) VALUES (26321,'Hu0hI');
INSERT INTO [contains](store_id,product_id) VALUES (26449,'HViwy');
INSERT INTO [contains](store_id,product_id) VALUES (26557,'HYG7n');
INSERT INTO [contains](store_id,product_id) VALUES (26698,'IFyJn');
INSERT INTO [contains](store_id,product_id) VALUES (26918,'IhdVo');
INSERT INTO [contains](store_id,product_id) VALUES (27244,'IlhbD');
INSERT INTO [contains](store_id,product_id) VALUES (27562,'IoQET');
INSERT INTO [contains](store_id,product_id) VALUES (27575,'IqG9T');
INSERT INTO [contains](store_id,product_id) VALUES (27581,'iqjEb');
INSERT INTO [contains](store_id,product_id) VALUES (27664,'irFLk');
INSERT INTO [contains](store_id,product_id) VALUES (27927,'Iwzxr');
INSERT INTO [contains](store_id,product_id) VALUES (28106,'iyIjn');
INSERT INTO [contains](store_id,product_id) VALUES (28820,'iZLID');
INSERT INTO [contains](store_id,product_id) VALUES (28906,'j4GQ6');
INSERT INTO [contains](store_id,product_id) VALUES (29108,'jcDsK');
INSERT INTO [contains](store_id,product_id) VALUES (29370,'JD2vK');
INSERT INTO [contains](store_id,product_id) VALUES (29571,'jEK5h');
INSERT INTO [contains](store_id,product_id) VALUES (29667,'JfbyD');
INSERT INTO [contains](store_id,product_id) VALUES (29920,'jNFbh');
INSERT INTO [contains](store_id,product_id) VALUES (29983,'JrERP');
INSERT INTO [contains](store_id,product_id) VALUES (30056,'jScm9');
INSERT INTO [contains](store_id,product_id) VALUES (30339,'JsMYm');
INSERT INTO [contains](store_id,product_id) VALUES (30344,'K1Tm6');
INSERT INTO [contains](store_id,product_id) VALUES (30669,'K86Er');
INSERT INTO [contains](store_id,product_id) VALUES (30994,'KAFG0');
INSERT INTO [contains](store_id,product_id) VALUES (31163,'klimt');
INSERT INTO [contains](store_id,product_id) VALUES (31481,'KuyXp');
INSERT INTO [contains](store_id,product_id) VALUES (31523,'kvoWC');
INSERT INTO [contains](store_id,product_id) VALUES (31642,'L1WIM');
INSERT INTO [contains](store_id,product_id) VALUES (31774,'lIPxf');
INSERT INTO [contains](store_id,product_id) VALUES (32180,'lpf0i');
INSERT INTO [contains](store_id,product_id) VALUES (32239,'m19Ls');
INSERT INTO [contains](store_id,product_id) VALUES (32258,'m1P7O');
INSERT INTO [contains](store_id,product_id) VALUES (32333,'maX6Z');
INSERT INTO [contains](store_id,product_id) VALUES (32347,'mDYmz');
INSERT INTO [contains](store_id,product_id) VALUES (32674,'MGg7T');
INSERT INTO [contains](store_id,product_id) VALUES (32720,'MI2xC');
INSERT INTO [contains](store_id,product_id) VALUES (32748,'mmblg');
INSERT INTO [contains](store_id,product_id) VALUES (32942,'MNJJu');
INSERT INTO [contains](store_id,product_id) VALUES (33004,'mpNO5');
INSERT INTO [contains](store_id,product_id) VALUES (33062,'mSuJT');
INSERT INTO [contains](store_id,product_id) VALUES (33133,'Mx2WK');
INSERT INTO [contains](store_id,product_id) VALUES (33237,'N4Zaa');
INSERT INTO [contains](store_id,product_id) VALUES (33266,'ncWY0');
INSERT INTO [contains](store_id,product_id) VALUES (33341,'nfJlV');
INSERT INTO [contains](store_id,product_id) VALUES (33820,'nItOT');
INSERT INTO [contains](store_id,product_id) VALUES (33894,'NlVvr');
INSERT INTO [contains](store_id,product_id) VALUES (34088,'NsHjm');
INSERT INTO [contains](store_id,product_id) VALUES (34222,'nW0UC');
INSERT INTO [contains](store_id,product_id) VALUES (34452,'NwvtD');
INSERT INTO [contains](store_id,product_id) VALUES (34702,'nzxvn');
INSERT INTO [contains](store_id,product_id) VALUES (34782,'o4XRG');
INSERT INTO [contains](store_id,product_id) VALUES (34796,'oCNpy');
INSERT INTO [contains](store_id,product_id) VALUES (34948,'OHfX1');
INSERT INTO [contains](store_id,product_id) VALUES (35281,'OHZyw');
INSERT INTO [contains](store_id,product_id) VALUES (35827,'oQCPL');
INSERT INTO [contains](store_id,product_id) VALUES (36035,'OtHjx');
INSERT INTO [contains](store_id,product_id) VALUES (36062,'oxMFZ');
INSERT INTO [contains](store_id,product_id) VALUES (36515,'OZonz');
INSERT INTO [contains](store_id,product_id) VALUES (36636,'P0yTe');
INSERT INTO [contains](store_id,product_id) VALUES (36688,'P3xaA');
INSERT INTO [contains](store_id,product_id) VALUES (36728,'P7CBR');
INSERT INTO [contains](store_id,product_id) VALUES (36946,'PoSxK');
INSERT INTO [contains](store_id,product_id) VALUES (36954,'Q1Bhp');
INSERT INTO [contains](store_id,product_id) VALUES (37046,'qESIh');
INSERT INTO [contains](store_id,product_id) VALUES (37048,'QhxZ5');
INSERT INTO [contains](store_id,product_id) VALUES (37094,'qmWgn');
INSERT INTO [contains](store_id,product_id) VALUES (37273,'QoxQf');
INSERT INTO [contains](store_id,product_id) VALUES (37499,'qZ8pj');
INSERT INTO [contains](store_id,product_id) VALUES (37913,'R56bk');
INSERT INTO [contains](store_id,product_id) VALUES (38069,'R5aPR');
INSERT INTO [contains](store_id,product_id) VALUES (38423,'r8xyT');
INSERT INTO [contains](store_id,product_id) VALUES (38523,'rbUeL');
INSERT INTO [contains](store_id,product_id) VALUES (38614,'rfHR6');
INSERT INTO [contains](store_id,product_id) VALUES (38734,'rgjFX');
INSERT INTO [contains](store_id,product_id) VALUES (38872,'rGxlh');
INSERT INTO [contains](store_id,product_id) VALUES (39444,'ROsa0');
INSERT INTO [contains](store_id,product_id) VALUES (39554,'RvLSw');
INSERT INTO [contains](store_id,product_id) VALUES (39649,'rzzZJ');
INSERT INTO [contains](store_id,product_id) VALUES (39746,'SAyRY');
INSERT INTO [contains](store_id,product_id) VALUES (39781,'SD15F');
INSERT INTO [contains](store_id,product_id) VALUES (40171,'SHbyU');
INSERT INTO [contains](store_id,product_id) VALUES (40556,'SLywy');
INSERT INTO [contains](store_id,product_id) VALUES (40627,'srZck');
INSERT INTO [contains](store_id,product_id) VALUES (40822,'SVnOi');
INSERT INTO [contains](store_id,product_id) VALUES (40876,'SZAe8');
INSERT INTO [contains](store_id,product_id) VALUES (41098,'SZPfl');
INSERT INTO [contains](store_id,product_id) VALUES (41507,'T2H3J');
INSERT INTO [contains](store_id,product_id) VALUES (41644,'T2y60');
INSERT INTO [contains](store_id,product_id) VALUES (41938,'Tbc5V');
INSERT INTO [contains](store_id,product_id) VALUES (42721,'Tczeq');
INSERT INTO [contains](store_id,product_id) VALUES (42818,'TIRss');
INSERT INTO [contains](store_id,product_id) VALUES (42881,'TkYuy');
INSERT INTO [contains](store_id,product_id) VALUES (42900,'tq9JJ');
INSERT INTO [contains](store_id,product_id) VALUES (43027,'tr9lK');
INSERT INTO [contains](store_id,product_id) VALUES (43043,'U4xcm');
INSERT INTO [contains](store_id,product_id) VALUES (43100,'Ub1xu');
INSERT INTO [contains](store_id,product_id) VALUES (43109,'Uf1OQ');
INSERT INTO [contains](store_id,product_id) VALUES (43137,'UFf1v');
INSERT INTO [contains](store_id,product_id) VALUES (43171,'UWtO9');
INSERT INTO [contains](store_id,product_id) VALUES (43427,'UyFfO');
INSERT INTO [contains](store_id,product_id) VALUES (43452,'Vcy1n');
INSERT INTO [contains](store_id,product_id) VALUES (43530,'VNRfG');
INSERT INTO [contains](store_id,product_id) VALUES (43814,'vU7Ve');
INSERT INTO [contains](store_id,product_id) VALUES (43849,'vuyw2');
INSERT INTO [contains](store_id,product_id) VALUES (43919,'W2rjo');
INSERT INTO [contains](store_id,product_id) VALUES (44004,'weZjQ');
INSERT INTO [contains](store_id,product_id) VALUES (44055,'WHnGz');
INSERT INTO [contains](store_id,product_id) VALUES (44565,'WiboC');
INSERT INTO [contains](store_id,product_id) VALUES (44670,'wiD7L');
INSERT INTO [contains](store_id,product_id) VALUES (44757,'Wiow5');
INSERT INTO [contains](store_id,product_id) VALUES (44772,'wkkOY');
INSERT INTO [contains](store_id,product_id) VALUES (44913,'wKSOn');
INSERT INTO [contains](store_id,product_id) VALUES (44983,'WmtF2');
INSERT INTO [contains](store_id,product_id) VALUES (45096,'wp4Wa');
INSERT INTO [contains](store_id,product_id) VALUES (45240,'WzTb7');
INSERT INTO [contains](store_id,product_id) VALUES (45659,'X60bU');
INSERT INTO [contains](store_id,product_id) VALUES (45761,'X65lY');
INSERT INTO [contains](store_id,product_id) VALUES (46035,'xB2vu');
INSERT INTO [contains](store_id,product_id) VALUES (46296,'xDzz5');
INSERT INTO [contains](store_id,product_id) VALUES (46491,'XhYgb');
INSERT INTO [contains](store_id,product_id) VALUES (46562,'Xk5Mq');
INSERT INTO [contains](store_id,product_id) VALUES (46879,'XnpMn');
INSERT INTO [contains](store_id,product_id) VALUES (46901,'XOh1l');
INSERT INTO [contains](store_id,product_id) VALUES (47425,'xs5EW');
INSERT INTO [contains](store_id,product_id) VALUES (47557,'xsHp4');
INSERT INTO [contains](store_id,product_id) VALUES (47572,'xSZq3');
INSERT INTO [contains](store_id,product_id) VALUES (47778,'XtZD4');
INSERT INTO [contains](store_id,product_id) VALUES (47865,'XxdMy');
INSERT INTO [contains](store_id,product_id) VALUES (47945,'Xzl8i');
INSERT INTO [contains](store_id,product_id) VALUES (48068,'Y4hNO');
INSERT INTO [contains](store_id,product_id) VALUES (48271,'YiRvE');
INSERT INTO [contains](store_id,product_id) VALUES (48545,'ykSEN');
INSERT INTO [contains](store_id,product_id) VALUES (48793,'YmCaH');
INSERT INTO [contains](store_id,product_id) VALUES (48889,'yNqT0');
INSERT INTO [contains](store_id,product_id) VALUES (49080,'YUA6D');
INSERT INTO [contains](store_id,product_id) VALUES (49693,'z3fPO');
INSERT INTO [contains](store_id,product_id) VALUES (49841,'ZbLpV');
INSERT INTO [contains](store_id,product_id) VALUES (49951,'ZdpdT');

--employee

INSERT INTO employee(e_id,e_ssn,e_name,e_title,e_start_date,e_end_date) VALUES (464,37984327,'Cara Brown','International Operations','6/20/2009','11/30/2012');
INSERT INTO employee(e_id,e_ssn,e_name,e_title,e_start_date,e_end_date) VALUES (692,57957996,'Carmen Hunt','Inventory','2/13/1992','9/2/2012');
INSERT INTO employee(e_id,e_ssn,e_name,e_title,e_start_date,e_end_date) VALUES (163,70519642,'Tony Brooks','Domestic operations','12/25/2000','2/24/2017');
INSERT INTO employee(e_id,e_ssn,e_name,e_title,e_start_date,e_end_date) VALUES (211,21734842,'Clint Graham','Non-Store Operations','3/20/1999','5/8/2018');
INSERT INTO employee(e_id,e_ssn,e_name,e_title,e_start_date,e_end_date) VALUES (307,94609253,'Alba Gosling','Property department','5/5/2005','2/18/2018');
INSERT INTO employee(e_id,e_ssn,e_name,e_title,e_start_date,e_end_date) VALUES (878,69452634,'Ellen Quinnell','International Operations','10/13/1995','12/18/2015');
INSERT INTO employee(e_id,e_ssn,e_name,e_title,e_start_date,e_end_date) VALUES (672,44374111,'Rihanna Healy','Advertisement department','6/16/2003','4/16/2017');
INSERT INTO employee(e_id,e_ssn,e_name,e_title,e_start_date,e_end_date) VALUES (916,76237845,'Rosemary Spencer','Inventory','7/16/2006','10/17/2019');
INSERT INTO employee(e_id,e_ssn,e_name,e_title,e_start_date,e_end_date) VALUES (297,59625000,'Ivy Everett','Advertisement department','3/26/1995','8/17/2017');
INSERT INTO employee(e_id,e_ssn,e_name,e_title,e_start_date,e_end_date) VALUES (987,40718284,'Leroy Oatway','Inventory','2/14/2002','2/24/2013');
INSERT INTO employee(e_id,e_ssn,e_name,e_title,e_start_date,e_end_date) VALUES (505,37578683,'Amy Rust','International Operations','10/18/2007','10/9/2015');
INSERT INTO employee(e_id,e_ssn,e_name,e_title,e_start_date,e_end_date) VALUES (190,60936531,'Mona Connor','International Operations','6/22/2001','8/16/2011');
INSERT INTO employee(e_id,e_ssn,e_name,e_title,e_start_date,e_end_date) VALUES (266,51806241,'Bryon Becker','Personnel Department','8/11/2004','7/22/2012');
INSERT INTO employee(e_id,e_ssn,e_name,e_title,e_start_date,e_end_date) VALUES (292,76306953,'Johnny Curtis','Non-Store Operations','10/8/2009','4/1/2012');
INSERT INTO employee(e_id,e_ssn,e_name,e_title,e_start_date,e_end_date) VALUES (544,72839543,'Naomi Dwyer','Inventory','2/5/1995','7/14/2012');
INSERT INTO employee(e_id,e_ssn,e_name,e_title,e_start_date,e_end_date) VALUES (577,37451927,'Harmony Isaac','Property department','1/21/2001','8/16/2011');
INSERT INTO employee(e_id,e_ssn,e_name,e_title,e_start_date,e_end_date) VALUES (596,32427481,'Barry Addley','Property department','4/20/2000','9/13/2013');
INSERT INTO employee(e_id,e_ssn,e_name,e_title,e_start_date,e_end_date) VALUES (534,29231395,'Caleb Snow','Legal and public relation department','12/16/1993','1/27/2018');
INSERT INTO employee(e_id,e_ssn,e_name,e_title,e_start_date,e_end_date) VALUES (885,58490600,'Adelaide Bradshaw','Logistics','7/22/2001','5/10/2014');
INSERT INTO employee(e_id,e_ssn,e_name,e_title,e_start_date,e_end_date) VALUES (639,93983033,'Mya Stewart','International Operations','8/23/2006','5/17/2012');
INSERT INTO employee(e_id,e_ssn,e_name,e_title,e_start_date,e_end_date) VALUES (311,53349463,'Roger Donnelly','Non-Store Operations','7/12/1998','3/1/2012');
INSERT INTO employee(e_id,e_ssn,e_name,e_title,e_start_date,e_end_date) VALUES (003,29357293,'Daria Mitchell','Domestic operations','3/6/1991','8/2/2019');
INSERT INTO employee(e_id,e_ssn,e_name,e_title,e_start_date,e_end_date) VALUES (901,60268108,'Russel Broomfield','Personnel Department','6/24/1993','11/9/2014');
INSERT INTO employee(e_id,e_ssn,e_name,e_title,e_start_date,e_end_date) VALUES (357,64450793,'Rocco Plumb','Domestic operations','6/27/1992','8/4/2010');
INSERT INTO employee(e_id,e_ssn,e_name,e_title,e_start_date,e_end_date) VALUES (406,29784792,'Melanie Judd','Personnel Department','1/10/1995','12/15/2016');
INSERT INTO employee(e_id,e_ssn,e_name,e_title,e_start_date,e_end_date) VALUES (818,83491081,'Kurt Wilkinson','Legal and public relation department','7/21/2001','1/26/2014');
INSERT INTO employee(e_id,e_ssn,e_name,e_title,e_start_date,e_end_date) VALUES (605,56105509,'Aeris Brown','Legal and public relation department','1/25/2002','5/15/2018');
INSERT INTO employee(e_id,e_ssn,e_name,e_title,e_start_date,e_end_date) VALUES (854,31350082,'Havana Farmer','Personnel Department','5/22/2010','11/23/2017');
INSERT INTO employee(e_id,e_ssn,e_name,e_title,e_start_date,e_end_date) VALUES (985,57050942,'Tyler Trent','International Operations','12/27/2006','3/31/2015');
INSERT INTO employee(e_id,e_ssn,e_name,e_title,e_start_date,e_end_date) VALUES (255,96754110,'William Evans','Domestic operations','5/25/2001','2/22/2013');
INSERT INTO employee(e_id,e_ssn,e_name,e_title,e_start_date,e_end_date) VALUES (317,46092435,'Chloe Dobson','Non-Store Operations','6/6/1998','12/10/2012');
INSERT INTO employee(e_id,e_ssn,e_name,e_title,e_start_date,e_end_date) VALUES (611,94072528,'Colleen Andersson','Inventory','7/11/1991','10/31/2019');
INSERT INTO employee(e_id,e_ssn,e_name,e_title,e_start_date,e_end_date) VALUES (563,82375857,'Domenic Wilson','Non-Store Operations','3/29/1993','5/23/2011');
INSERT INTO employee(e_id,e_ssn,e_name,e_title,e_start_date,e_end_date) VALUES (262,82190317,'Juliet Morrison','Logistics','3/20/1992','6/26/2017');
INSERT INTO employee(e_id,e_ssn,e_name,e_title,e_start_date,e_end_date) VALUES (616,70471708,'Davina Spencer','Legal and public relation department','8/20/1994','10/27/2019');
INSERT INTO employee(e_id,e_ssn,e_name,e_title,e_start_date,e_end_date) VALUES (142,94125943,'Oliver Evans','Inventory','8/11/2009','9/16/2010');
INSERT INTO employee(e_id,e_ssn,e_name,e_title,e_start_date,e_end_date) VALUES (566,72670118,'Cassandra Bright','Inventory','8/25/1990','7/12/2018');
INSERT INTO employee(e_id,e_ssn,e_name,e_title,e_start_date,e_end_date) VALUES (929,89169623,'Ron Pearson','International Operations','3/13/1992','6/3/2012');
INSERT INTO employee(e_id,e_ssn,e_name,e_title,e_start_date,e_end_date) VALUES (044,95651809,'Maddison Rees','Inventory','1/30/1993','9/4/2018');
INSERT INTO employee(e_id,e_ssn,e_name,e_title,e_start_date,e_end_date) VALUES (819,80150357,'Leah Thomson','International Operations','2/11/2008','8/21/2014');
INSERT INTO employee(e_id,e_ssn,e_name,e_title,e_start_date,e_end_date) VALUES (569,81207570,'Chad Nayler','Non-Store Operations','7/6/1991','3/18/2014');
INSERT INTO employee(e_id,e_ssn,e_name,e_title,e_start_date,e_end_date) VALUES (855,84774599,'Manuel Farmer','Personnel Department','8/11/1993','10/29/2014');
INSERT INTO employee(e_id,e_ssn,e_name,e_title,e_start_date,e_end_date) VALUES (645,72715417,'Enoch Ianson','International Operations','1/18/1996','11/23/2014');
INSERT INTO employee(e_id,e_ssn,e_name,e_title,e_start_date,e_end_date) VALUES (995,80646501,'Sabrina Fields','Advertisement department','10/1/1996','8/9/2014');
INSERT INTO employee(e_id,e_ssn,e_name,e_title,e_start_date,e_end_date) VALUES (742,99457460,'Erin Duvall','Personnel Department','11/10/2000','2/21/2013');
INSERT INTO employee(e_id,e_ssn,e_name,e_title,e_start_date,e_end_date) VALUES (452,51786877,'Adina Needham','Advertisement department','9/27/2008','6/29/2015');
INSERT INTO employee(e_id,e_ssn,e_name,e_title,e_start_date,e_end_date) VALUES (175,47192274,'Vanessa Smith','International Operations','12/31/2000','9/24/2013');
INSERT INTO employee(e_id,e_ssn,e_name,e_title,e_start_date,e_end_date) VALUES (226,80633602,'Courtney Evans','Legal and public relation department','6/17/2007','7/23/2011');
INSERT INTO employee(e_id,e_ssn,e_name,e_title,e_start_date,e_end_date) VALUES (613,85737864,'Barry Hunt','Inventory','3/2/2000','4/24/2013');
INSERT INTO employee(e_id,e_ssn,e_name,e_title,e_start_date,e_end_date) VALUES (354,43595752,'Denis Gosling','Property department','1/24/2000','4/11/2011');
INSERT INTO employee(e_id,e_ssn,e_name,e_title,e_start_date,e_end_date) VALUES (587,29831745,'Roger Daniells','Property department','7/19/1992','6/7/2017');
INSERT INTO employee(e_id,e_ssn,e_name,e_title,e_start_date,e_end_date) VALUES (740,58988045,'Matt Larkin','Property department','7/1/1993','2/5/2016');
INSERT INTO employee(e_id,e_ssn,e_name,e_title,e_start_date,e_end_date) VALUES (168,31567885,'Nathan Clarke','International Operations','3/18/1992','6/24/2018');
INSERT INTO employee(e_id,e_ssn,e_name,e_title,e_start_date,e_end_date) VALUES (259,28595325,'Ema Middleton','International Operations','12/5/1995','1/22/2012');
INSERT INTO employee(e_id,e_ssn,e_name,e_title,e_start_date,e_end_date) VALUES (872,59703293,'Makenzie Butler','Property department','5/7/2009','8/6/2019');
INSERT INTO employee(e_id,e_ssn,e_name,e_title,e_start_date,e_end_date) VALUES (353,33900828,'Tyler Tutton','Non-Store Operations','6/25/2008','7/13/2015');
INSERT INTO employee(e_id,e_ssn,e_name,e_title,e_start_date,e_end_date) VALUES (179,37751417,'Adelaide Irwin','Non-Store Operations','4/11/2004','4/17/2012');
INSERT INTO employee(e_id,e_ssn,e_name,e_title,e_start_date,e_end_date) VALUES (779,90643479,'Nate Whatson','Advertisement department','5/12/1993','6/7/2012');
INSERT INTO employee(e_id,e_ssn,e_name,e_title,e_start_date,e_end_date) VALUES (777,62209401,'Josh Rose','Logistics','2/25/1998','6/5/2012');
INSERT INTO employee(e_id,e_ssn,e_name,e_title,e_start_date,e_end_date) VALUES (447,89738506,'Kimberly Hood','Advertisement department','7/1/1992','2/28/2018');
INSERT INTO employee(e_id,e_ssn,e_name,e_title,e_start_date,e_end_date) VALUES (206,59682404,'Henry Windsor','Logistics','6/12/1997','3/21/2012');
INSERT INTO employee(e_id,e_ssn,e_name,e_title,e_start_date,e_end_date) VALUES (652,31433023,'Chester Collingwood','Domestic operations','4/15/1998','3/24/2018');
INSERT INTO employee(e_id,e_ssn,e_name,e_title,e_start_date,e_end_date) VALUES (405,26305781,'Gina Watson','International Operations','11/24/2003','1/2/2017');
INSERT INTO employee(e_id,e_ssn,e_name,e_title,e_start_date,e_end_date) VALUES (619,74907579,'Fred Stone','Property department','11/19/2005','4/21/2011');
INSERT INTO employee(e_id,e_ssn,e_name,e_title,e_start_date,e_end_date) VALUES (243,40948995,'Matt Gibson','Non-Store Operations','4/19/1991','8/29/2019');
INSERT INTO employee(e_id,e_ssn,e_name,e_title,e_start_date,e_end_date) VALUES (122,57647295,'Mark Gregory','Property department','7/22/1997','8/17/2012');
INSERT INTO employee(e_id,e_ssn,e_name,e_title,e_start_date,e_end_date) VALUES (483,98724672,'Juliet Rodwell','Logistics','7/18/1992','12/19/2010');
INSERT INTO employee(e_id,e_ssn,e_name,e_title,e_start_date,e_end_date) VALUES (615,79871374,'Tom Yard','Advertisement department','4/17/1998','1/21/2013');
INSERT INTO employee(e_id,e_ssn,e_name,e_title,e_start_date,e_end_date) VALUES (246,83664864,'Rick Amstead','Domestic operations','10/28/2002','1/21/2017');
INSERT INTO employee(e_id,e_ssn,e_name,e_title,e_start_date,e_end_date) VALUES (820,40474695,'Kurt Nayler','Advertisement department','12/19/1995','5/23/2016');
INSERT INTO employee(e_id,e_ssn,e_name,e_title,e_start_date,e_end_date) VALUES (283,67146427,'Peter Olivier','Logistics','2/17/1992','7/29/2017');
INSERT INTO employee(e_id,e_ssn,e_name,e_title,e_start_date,e_end_date) VALUES (668,39809581,'Aiden Flynn','Advertisement department','6/8/2007','5/14/2014');
INSERT INTO employee(e_id,e_ssn,e_name,e_title,e_start_date,e_end_date) VALUES (565,99242243,'Laila Furnell','Domestic operations','2/26/2001','11/25/2010');
INSERT INTO employee(e_id,e_ssn,e_name,e_title,e_start_date,e_end_date) VALUES (843,23397203,'David Walker','Inventory','12/27/2002','12/12/2016');
INSERT INTO employee(e_id,e_ssn,e_name,e_title,e_start_date,e_end_date) VALUES (203,25929816,'Julianna Shea','Inventory','12/28/2007','7/20/2019');
INSERT INTO employee(e_id,e_ssn,e_name,e_title,e_start_date,e_end_date) VALUES (130,56967888,'Henry Cox','Domestic operations','6/6/1999','2/5/2016');
INSERT INTO employee(e_id,e_ssn,e_name,e_title,e_start_date,e_end_date) VALUES (879,60552144,'Percy Wilson','Inventory','1/13/1995','8/18/2016');
INSERT INTO employee(e_id,e_ssn,e_name,e_title,e_start_date,e_end_date) VALUES (533,31661934,'Chadwick Knight','Advertisement department','7/9/2002','8/17/2010');
INSERT INTO employee(e_id,e_ssn,e_name,e_title,e_start_date,e_end_date) VALUES (796,89408989,'Julian Rose','Property department','11/8/2007','4/3/2013');
INSERT INTO employee(e_id,e_ssn,e_name,e_title,e_start_date,e_end_date) VALUES (896,54569294,'Blake Healy','Logistics','5/1/1996','7/13/2015');
INSERT INTO employee(e_id,e_ssn,e_name,e_title,e_start_date,e_end_date) VALUES (914,28693089,'Cedrick Stevenson','Legal and public relation department','11/26/2004','12/12/2015');
INSERT INTO employee(e_id,e_ssn,e_name,e_title,e_start_date,e_end_date) VALUES (370,26072388,'Denny Hunt','Logistics','2/3/1992','12/21/2012');
INSERT INTO employee(e_id,e_ssn,e_name,e_title,e_start_date,e_end_date) VALUES (676,35901826,'Valerie Swan','Domestic operations','7/23/1997','1/25/2011');
INSERT INTO employee(e_id,e_ssn,e_name,e_title,e_start_date,e_end_date) VALUES (561,22606227,'Ellen Craig','Personnel Department','8/26/2000','4/26/2018');
INSERT INTO employee(e_id,e_ssn,e_name,e_title,e_start_date,e_end_date) VALUES (738,71218503,'Bryce Russell','Logistics','4/4/2005','4/21/2015');
INSERT INTO employee(e_id,e_ssn,e_name,e_title,e_start_date,e_end_date) VALUES (717,44002405,'Denis Wilkinson','International Operations','4/27/2002','4/20/2013');
INSERT INTO employee(e_id,e_ssn,e_name,e_title,e_start_date,e_end_date) VALUES (119,49790006,'Matthew Robe','Logistics','6/10/1998','6/11/2014');
INSERT INTO employee(e_id,e_ssn,e_name,e_title,e_start_date,e_end_date) VALUES (423,59740852,'Luke Fox','Logistics','11/17/2001','6/6/2013');
INSERT INTO employee(e_id,e_ssn,e_name,e_title,e_start_date,e_end_date) VALUES (131,54454082,'Thea Neville','Personnel Department','8/21/2007','10/5/2011');
INSERT INTO employee(e_id,e_ssn,e_name,e_title,e_start_date,e_end_date) VALUES (450,30717499,'Hank Alldridge','Domestic operations','12/18/2003','4/10/2012');
INSERT INTO employee(e_id,e_ssn,e_name,e_title,e_start_date,e_end_date) VALUES (735,67991848,'Jazmin Gavin','Inventory','10/28/2000','10/13/2010');
INSERT INTO employee(e_id,e_ssn,e_name,e_title,e_start_date,e_end_date) VALUES (199,43101632,'Harvey Mccormick','International Operations','4/21/2001','2/10/2014');
INSERT INTO employee(e_id,e_ssn,e_name,e_title,e_start_date,e_end_date) VALUES (489,84554820,'Ramon Asher','Inventory','1/20/1991','2/27/2016');
INSERT INTO employee(e_id,e_ssn,e_name,e_title,e_start_date,e_end_date) VALUES (564,33121022,'Eve Harrington','Non-Store Operations','3/7/2007','5/7/2013');
INSERT INTO employee(e_id,e_ssn,e_name,e_title,e_start_date,e_end_date) VALUES (002,33787811,'Judith Douglas','Logistics','9/20/2001','11/11/2013');
INSERT INTO employee(e_id,e_ssn,e_name,e_title,e_start_date,e_end_date) VALUES (496,75483569,'Ronald Brooks','Non-Store Operations','8/5/1990','5/7/2018');
INSERT INTO employee(e_id,e_ssn,e_name,e_title,e_start_date,e_end_date) VALUES (218,55683216,'Ron Ellison','Domestic operations','10/22/1996','12/27/2018');
INSERT INTO employee(e_id,e_ssn,e_name,e_title,e_start_date,e_end_date) VALUES (632,54011649,'Roger Morrow','Logistics','2/9/1998','8/26/2012');
INSERT INTO employee(e_id,e_ssn,e_name,e_title,e_start_date,e_end_date) VALUES (516,95900131,'George Donnelly','Non-Store Operations','5/22/1998','10/13/2013');
INSERT INTO employee(e_id,e_ssn,e_name,e_title,e_start_date,e_end_date) VALUES (258,28768744,'Helen Kennedy','Non-Store Operations','11/29/2005','9/23/2012');
INSERT INTO employee(e_id,e_ssn,e_name,e_title,e_start_date,e_end_date) VALUES (192,55843967,'Leslie Jobson','Legal and public relation department','1/22/2004','10/22/2017');
INSERT INTO employee(e_id,e_ssn,e_name,e_title,e_start_date,e_end_date) VALUES (711,79666996,'Eileen Phillips','Inventory','8/6/1991','5/29/2018');
INSERT INTO employee(e_id,e_ssn,e_name,e_title,e_start_date,e_end_date) VALUES (286,46176843,'Sydney Kennedy','Non-Store Operations','8/19/1990','8/28/2013');
INSERT INTO employee(e_id,e_ssn,e_name,e_title,e_start_date,e_end_date) VALUES (791,32869419,'Bob Sinclair','Non-Store Operations','4/3/1997','5/4/2011');
INSERT INTO employee(e_id,e_ssn,e_name,e_title,e_start_date,e_end_date) VALUES (143,24094096,'Adina Lloyd','Advertisement department','4/17/2001','12/22/2014');
INSERT INTO employee(e_id,e_ssn,e_name,e_title,e_start_date,e_end_date) VALUES (362,71221569,'Julian Sherry','Personnel Department','4/27/2001','5/5/2018');
INSERT INTO employee(e_id,e_ssn,e_name,e_title,e_start_date,e_end_date) VALUES (126,24824511,'Robyn Wood','Logistics','6/27/1995','9/27/2010');
INSERT INTO employee(e_id,e_ssn,e_name,e_title,e_start_date,e_end_date) VALUES (770,84191086,'Marina Bell','Non-Store Operations','1/28/1993','9/2/2016');
INSERT INTO employee(e_id,e_ssn,e_name,e_title,e_start_date,e_end_date) VALUES (948,86670765,'Mike Redden','Legal and public relation department','7/16/2004','9/14/2017');
INSERT INTO employee(e_id,e_ssn,e_name,e_title,e_start_date,e_end_date) VALUES (111,51458011,'Rachael Appleton','Non-Store Operations','9/10/2006','1/16/2014');
INSERT INTO employee(e_id,e_ssn,e_name,e_title,e_start_date,e_end_date) VALUES (115,31819255,'Melanie Norris','International Operations','3/29/2000','6/7/2019');
INSERT INTO employee(e_id,e_ssn,e_name,e_title,e_start_date,e_end_date) VALUES (868,98950588,'Jack Moss','Logistics','1/1/1994','9/15/2015');
INSERT INTO employee(e_id,e_ssn,e_name,e_title,e_start_date,e_end_date) VALUES (001,73260454,'George Hewitt','Non-Store Operations','4/14/1993','9/30/2011');
INSERT INTO employee(e_id,e_ssn,e_name,e_title,e_start_date,e_end_date) VALUES (800,34822249,'Rylee Doherty','International Operations','11/5/2002','10/20/2015');
INSERT INTO employee(e_id,e_ssn,e_name,e_title,e_start_date,e_end_date) VALUES (066,43098239,'Mason Wilkinson','Inventory','2/17/1995','9/30/2014');
INSERT INTO employee(e_id,e_ssn,e_name,e_title,e_start_date,e_end_date) VALUES (123,44444251,'Joseph Rossi','Domestic operations','12/24/1993','6/9/2013');
INSERT INTO employee(e_id,e_ssn,e_name,e_title,e_start_date,e_end_date) VALUES (753,99833621,'Monica Johnson','Legal and public relation department','2/24/1995','3/22/2015');
INSERT INTO employee(e_id,e_ssn,e_name,e_title,e_start_date,e_end_date) VALUES (815,76820341,'Erick Donnelly','Personnel Department','4/16/2003','4/26/2012');
INSERT INTO employee(e_id,e_ssn,e_name,e_title,e_start_date,e_end_date) VALUES (864,40978389,'Zoe Sawyer','Legal and public relation department','1/14/2006','1/9/2016');
INSERT INTO employee(e_id,e_ssn,e_name,e_title,e_start_date,e_end_date) VALUES (278,27116854,'Gladys Knight','Legal and public relation department','12/4/1994','10/5/2019');
INSERT INTO employee(e_id,e_ssn,e_name,e_title,e_start_date,e_end_date) VALUES (585,94629343,'Ron Andersson','Logistics','9/15/2007','12/15/2014');
INSERT INTO employee(e_id,e_ssn,e_name,e_title,e_start_date,e_end_date) VALUES (874,41755492,'Marina Bristow','Personnel Department','9/12/1992','10/29/2013');
INSERT INTO employee(e_id,e_ssn,e_name,e_title,e_start_date,e_end_date) VALUES (657,23766842,'Keira Wilson','Advertisement department','1/17/1995','12/5/2011');
INSERT INTO employee(e_id,e_ssn,e_name,e_title,e_start_date,e_end_date) VALUES (938,46748834,'Bart Baker','Property department','6/18/2001','1/24/2017');
INSERT INTO employee(e_id,e_ssn,e_name,e_title,e_start_date,e_end_date) VALUES (178,46585843,'Jane Connell','Legal and public relation department','7/26/1990','4/4/2012');
INSERT INTO employee(e_id,e_ssn,e_name,e_title,e_start_date,e_end_date) VALUES (032,81097121,'Kenzie Mitchell','Property department','11/21/2000','10/21/2016');
INSERT INTO employee(e_id,e_ssn,e_name,e_title,e_start_date,e_end_date) VALUES (976,90392636,'Matthew Haines','Non-Store Operations','12/22/2003','12/30/2010');
INSERT INTO employee(e_id,e_ssn,e_name,e_title,e_start_date,e_end_date) VALUES (495,89389170,'Doug Lakey','Personnel Department','3/31/2009','7/12/2015');
INSERT INTO employee(e_id,e_ssn,e_name,e_title,e_start_date,e_end_date) VALUES (128,35501194,'Belinda Marshall','Personnel Department','8/29/2003','10/7/2013');
INSERT INTO employee(e_id,e_ssn,e_name,e_title,e_start_date,e_end_date) VALUES (404,36913507,'Tyler Wheeler','Domestic operations','9/18/2001','6/8/2019');
INSERT INTO employee(e_id,e_ssn,e_name,e_title,e_start_date,e_end_date) VALUES (485,69970089,'Rufus Steer','Domestic operations','2/7/1994','7/12/2011');
INSERT INTO employee(e_id,e_ssn,e_name,e_title,e_start_date,e_end_date) VALUES (011,85502631,'Dakota Preston','Domestic operations','8/30/1999','11/4/2017');
INSERT INTO employee(e_id,e_ssn,e_name,e_title,e_start_date,e_end_date) VALUES (900,86457889,'Abdul Sherwood','International Operations','10/3/2007','8/5/2014');
INSERT INTO employee(e_id,e_ssn,e_name,e_title,e_start_date,e_end_date) VALUES (513,96544337,'Peter Gibson','Inventory','3/11/2009','8/4/2018');
INSERT INTO employee(e_id,e_ssn,e_name,e_title,e_start_date,e_end_date) VALUES (407,78010594,'Roger Isaac','Logistics','1/19/1999','3/9/2012');
INSERT INTO employee(e_id,e_ssn,e_name,e_title,e_start_date,e_end_date) VALUES (380,45084543,'Kamila Gray','International Operations','10/31/2005','5/2/2016');
INSERT INTO employee(e_id,e_ssn,e_name,e_title,e_start_date,e_end_date) VALUES (664,93081312,'Moira Poole','Advertisement department','6/9/2006','10/30/2018');
INSERT INTO employee(e_id,e_ssn,e_name,e_title,e_start_date,e_end_date) VALUES (662,44277996,'Ally Bell','Domestic operations','8/30/1993','3/22/2013');
INSERT INTO employee(e_id,e_ssn,e_name,e_title,e_start_date,e_end_date) VALUES (481,57685525,'Valentina Uttridge','International Operations','2/23/1991','12/23/2018');
INSERT INTO employee(e_id,e_ssn,e_name,e_title,e_start_date,e_end_date) VALUES (973,84897513,'Sasha Ebden','Domestic operations','9/10/1994','5/8/2015');
INSERT INTO employee(e_id,e_ssn,e_name,e_title,e_start_date,e_end_date) VALUES (775,82109495,'Kimberly Jordan','Domestic operations','8/29/2004','3/8/2015');
INSERT INTO employee(e_id,e_ssn,e_name,e_title,e_start_date,e_end_date) VALUES (928,64624556,'Martin Farmer','International Operations','5/21/2001','2/14/2017');
INSERT INTO employee(e_id,e_ssn,e_name,e_title,e_start_date,e_end_date) VALUES (997,81715823,'Erica Carter','Logistics','2/1/2000','7/7/2014');
INSERT INTO employee(e_id,e_ssn,e_name,e_title,e_start_date,e_end_date) VALUES (781,63250724,'Willow Eastwood','Domestic operations','1/9/2009','2/3/2017');
INSERT INTO employee(e_id,e_ssn,e_name,e_title,e_start_date,e_end_date) VALUES (219,37525856,'Sofie Williams','Domestic operations','10/7/2006','8/24/2014');
INSERT INTO employee(e_id,e_ssn,e_name,e_title,e_start_date,e_end_date) VALUES (969,37473155,'Emma May','Inventory','7/4/1995','11/22/2012');
INSERT INTO employee(e_id,e_ssn,e_name,e_title,e_start_date,e_end_date) VALUES (926,85184802,'Peter Redfern','Logistics','6/23/2009','2/3/2016');
INSERT INTO employee(e_id,e_ssn,e_name,e_title,e_start_date,e_end_date) VALUES (756,32723102,'Anthony Bailey','Legal and public relation department','6/15/1998','6/18/2018');
INSERT INTO employee(e_id,e_ssn,e_name,e_title,e_start_date,e_end_date) VALUES (201,91325304,'Cassandra Fall','Inventory','7/23/2002','3/9/2019');
INSERT INTO employee(e_id,e_ssn,e_name,e_title,e_start_date,e_end_date) VALUES (943,46828714,'Penny Warden','Legal and public relation department','6/5/1991','10/15/2019');
INSERT INTO employee(e_id,e_ssn,e_name,e_title,e_start_date,e_end_date) VALUES (138,70329040,'Denny Stewart','Inventory','7/2/2002','8/8/2013');
INSERT INTO employee(e_id,e_ssn,e_name,e_title,e_start_date,e_end_date) VALUES (276,22563907,'Winnie Stanley','Advertisement department','3/17/2004','6/29/2012');
INSERT INTO employee(e_id,e_ssn,e_name,e_title,e_start_date,e_end_date) VALUES (636,98251159,'Barry Sawyer','Advertisement department','12/5/1990','4/16/2012');
INSERT INTO employee(e_id,e_ssn,e_name,e_title,e_start_date,e_end_date) VALUES (737,21343150,'Luke Rigg','Logistics','8/26/1990','3/29/2013');
INSERT INTO employee(e_id,e_ssn,e_name,e_title,e_start_date,e_end_date) VALUES (213,31629729,'Owen John','Inventory','11/21/1991','3/8/2014');
INSERT INTO employee(e_id,e_ssn,e_name,e_title,e_start_date,e_end_date) VALUES (016,62396314,'Phillip Darcy','Domestic operations','2/3/1993','11/20/2012');
INSERT INTO employee(e_id,e_ssn,e_name,e_title,e_start_date,e_end_date) VALUES (736,94068865,'Dalia Andrews','Personnel Department','2/1/1997','5/22/2015');
INSERT INTO employee(e_id,e_ssn,e_name,e_title,e_start_date,e_end_date) VALUES (913,22640418,'Jacqueline Dale','Legal and public relation department','2/28/2008','1/12/2012');
INSERT INTO employee(e_id,e_ssn,e_name,e_title,e_start_date,e_end_date) VALUES (023,51448614,'Chester Douglas','Inventory','6/11/1999','8/3/2018');
INSERT INTO employee(e_id,e_ssn,e_name,e_title,e_start_date,e_end_date) VALUES (988,31477966,'Evie Dwyer','Domestic operations','8/26/2003','10/31/2015');
INSERT INTO employee(e_id,e_ssn,e_name,e_title,e_start_date,e_end_date) VALUES (368,34064429,'Matt Stevens','Personnel Department','7/30/2001','12/21/2010');
INSERT INTO employee(e_id,e_ssn,e_name,e_title,e_start_date,e_end_date) VALUES (980,74073190,'Miley Mitchell','Legal and public relation department','8/5/2005','3/9/2013');
INSERT INTO employee(e_id,e_ssn,e_name,e_title,e_start_date,e_end_date) VALUES (710,67708620,'Daron Burge','Logistics','12/11/2009','9/1/2016');
INSERT INTO employee(e_id,e_ssn,e_name,e_title,e_start_date,e_end_date) VALUES (808,57755589,'Jazmin Terry','Personnel Department','8/28/2007','10/13/2017');
INSERT INTO employee(e_id,e_ssn,e_name,e_title,e_start_date,e_end_date) VALUES (580,78752838,'Wendy Torres','Personnel Department','5/21/1999','6/24/2014');
INSERT INTO employee(e_id,e_ssn,e_name,e_title,e_start_date,e_end_date) VALUES (849,54195781,'Manuel Nobbs','Property department','9/29/2008','4/2/2019');
INSERT INTO employee(e_id,e_ssn,e_name,e_title,e_start_date,e_end_date) VALUES (301,62823868,'Marigold Ralph','Inventory','7/3/1991','3/12/2017');
INSERT INTO employee(e_id,e_ssn,e_name,e_title,e_start_date,e_end_date) VALUES (761,30633638,'Matthew Hill','Non-Store Operations','10/9/2003','12/13/2011');
INSERT INTO employee(e_id,e_ssn,e_name,e_title,e_start_date,e_end_date) VALUES (104,24970720,'Harry Richardson','International Operations','1/5/2007','5/29/2012');
INSERT INTO employee(e_id,e_ssn,e_name,e_title,e_start_date,e_end_date) VALUES (788,31851126,'Benny Walsh','Personnel Department','9/5/2003','12/9/2012');
INSERT INTO employee(e_id,e_ssn,e_name,e_title,e_start_date,e_end_date) VALUES (658,76815691,'Alexia Rixon','Logistics','1/2/2010','2/2/2013');
INSERT INTO employee(e_id,e_ssn,e_name,e_title,e_start_date,e_end_date) VALUES (015,64296037,'Sabrina Morrow','Logistics','11/2/1999','2/19/2017');
INSERT INTO employee(e_id,e_ssn,e_name,e_title,e_start_date,e_end_date) VALUES (996,47501822,'Chester Ripley','Domestic operations','1/13/2002','1/22/2019');
INSERT INTO employee(e_id,e_ssn,e_name,e_title,e_start_date,e_end_date) VALUES (133,43712399,'Domenic Taylor','Legal and public relation department','5/29/2008','10/29/2018');
INSERT INTO employee(e_id,e_ssn,e_name,e_title,e_start_date,e_end_date) VALUES (005,58768165,'Jenna Payne','Non-Store Operations','3/6/2004','6/20/2014');
INSERT INTO employee(e_id,e_ssn,e_name,e_title,e_start_date,e_end_date) VALUES (589,29935645,'Peter Briggs','Property department','7/18/1992','5/3/2017');
INSERT INTO employee(e_id,e_ssn,e_name,e_title,e_start_date,e_end_date) VALUES (209,41568537,'Alan Weatcroft','Property department','11/7/2004','4/29/2013');
INSERT INTO employee(e_id,e_ssn,e_name,e_title,e_start_date,e_end_date) VALUES (261,97977757,'Leslie Owen','Logistics','2/19/1996','7/6/2011');
INSERT INTO employee(e_id,e_ssn,e_name,e_title,e_start_date,e_end_date) VALUES (256,20506566,'Nate Taylor','Legal and public relation department','4/10/1999','12/29/2016');
INSERT INTO employee(e_id,e_ssn,e_name,e_title,e_start_date,e_end_date) VALUES (951,34744572,'Francesca Morris','Inventory','5/15/1999','10/11/2016');
INSERT INTO employee(e_id,e_ssn,e_name,e_title,e_start_date,e_end_date) VALUES (079,30406558,'Denny Lowe','International Operations','12/6/2007','3/22/2017');
INSERT INTO employee(e_id,e_ssn,e_name,e_title,e_start_date,e_end_date) VALUES (087,36019803,'Kassandra Maxwell','Legal and public relation department','4/10/1991','1/25/2012');
INSERT INTO employee(e_id,e_ssn,e_name,e_title,e_start_date,e_end_date) VALUES (252,74711916,'Iris Boden','Legal and public relation department','9/11/2002','12/26/2017');
INSERT INTO employee(e_id,e_ssn,e_name,e_title,e_start_date,e_end_date) VALUES (313,76074247,'Ciara Barclay','Property department','11/1/2005','12/5/2013');
INSERT INTO employee(e_id,e_ssn,e_name,e_title,e_start_date,e_end_date) VALUES (096,35713012,'Elijah Walker','Advertisement department','6/28/2000','4/19/2014');
INSERT INTO employee(e_id,e_ssn,e_name,e_title,e_start_date,e_end_date) VALUES (883,78805558,'Margot Dickson','Domestic operations','9/8/1997','4/23/2013');
INSERT INTO employee(e_id,e_ssn,e_name,e_title,e_start_date,e_end_date) VALUES (593,66365705,'Ivette Reynolds','Inventory','11/5/1996','1/6/2017');
INSERT INTO employee(e_id,e_ssn,e_name,e_title,e_start_date,e_end_date) VALUES (935,93175871,'Carolyn Sloan','Domestic operations','8/15/2006','4/26/2016');
INSERT INTO employee(e_id,e_ssn,e_name,e_title,e_start_date,e_end_date) VALUES (414,93369135,'Savannah Swift','Advertisement department','7/24/1999','11/29/2015');
INSERT INTO employee(e_id,e_ssn,e_name,e_title,e_start_date,e_end_date) VALUES (237,52883030,'Laila Rees','International Operations','3/4/1990','8/13/2010');
INSERT INTO employee(e_id,e_ssn,e_name,e_title,e_start_date,e_end_date) VALUES (388,85663082,'Jack Hudson','Inventory','4/20/1993','2/17/2018');
INSERT INTO employee(e_id,e_ssn,e_name,e_title,e_start_date,e_end_date) VALUES (956,50633406,'Keira Fulton','Inventory','8/7/1990','1/26/2015');
INSERT INTO employee(e_id,e_ssn,e_name,e_title,e_start_date,e_end_date) VALUES (620,27829499,'Margaret Dixon','Inventory','8/11/2001','8/8/2010');
INSERT INTO employee(e_id,e_ssn,e_name,e_title,e_start_date,e_end_date) VALUES (842,50547114,'Nicholas Lewis','Inventory','8/12/1996','10/2/2011');
INSERT INTO employee(e_id,e_ssn,e_name,e_title,e_start_date,e_end_date) VALUES (456,96049119,'Freya Baker','Inventory','6/28/1997','4/29/2012');
INSERT INTO employee(e_id,e_ssn,e_name,e_title,e_start_date,e_end_date) VALUES (319,65680603,'Gil Collingwood','Non-Store Operations','7/23/2005','2/29/2016');
INSERT INTO employee(e_id,e_ssn,e_name,e_title,e_start_date,e_end_date) VALUES (700,61158160,'Doug Adams','Inventory','2/28/1998','8/29/2013');
INSERT INTO employee(e_id,e_ssn,e_name,e_title,e_start_date,e_end_date) VALUES (293,29990464,'Kamila Power','Personnel Department','7/8/1993','1/5/2011');
INSERT INTO employee(e_id,e_ssn,e_name,e_title,e_start_date,e_end_date) VALUES (804,80942985,'Aeris Ramsey','Logistics','7/6/1999','8/8/2016');
INSERT INTO employee(e_id,e_ssn,e_name,e_title,e_start_date,e_end_date) VALUES (934,79034166,'Angelica Roberts','Domestic operations','1/9/2004','7/2/2018');
INSERT INTO employee(e_id,e_ssn,e_name,e_title,e_start_date,e_end_date) VALUES (510,93103102,'Mark Leigh','Logistics','1/8/1998','3/5/2015');
INSERT INTO employee(e_id,e_ssn,e_name,e_title,e_start_date,e_end_date) VALUES (908,23771401,'William Mitchell','Non-Store Operations','6/9/2003','3/6/2012');
INSERT INTO employee(e_id,e_ssn,e_name,e_title,e_start_date,e_end_date) VALUES (870,40871990,'Gloria Aldridge','International Operations','4/6/1990','2/24/2015');
INSERT INTO employee(e_id,e_ssn,e_name,e_title,e_start_date,e_end_date) VALUES (064,24493709,'Alexander Shields','Advertisement department','6/9/1995','4/27/2016');
INSERT INTO employee(e_id,e_ssn,e_name,e_title,e_start_date,e_end_date) VALUES (473,30287106,'Cristal Driscoll','Property department','8/23/2003','11/6/2019');
INSERT INTO employee(e_id,e_ssn,e_name,e_title,e_start_date,e_end_date) VALUES (732,64003741,'Chris Hogg','Non-Store Operations','2/21/2008','10/29/2013');
INSERT INTO employee(e_id,e_ssn,e_name,e_title,e_start_date,e_end_date) VALUES (507,57935188,'Erica Dyson','Advertisement department','3/27/1991','8/25/2013');
INSERT INTO employee(e_id,e_ssn,e_name,e_title,e_start_date,e_end_date) VALUES (687,87475713,'Regina Paterson','Logistics','6/8/2001','4/7/2017');
INSERT INTO employee(e_id,e_ssn,e_name,e_title,e_start_date,e_end_date) VALUES (812,52741552,'Naomi Baker','Non-Store Operations','8/6/1990','4/8/2011');
INSERT INTO employee(e_id,e_ssn,e_name,e_title,e_start_date,e_end_date) VALUES (836,32207856,'Martin Upton','Property department','2/1/1995','3/29/2019');
INSERT INTO employee(e_id,e_ssn,e_name,e_title,e_start_date,e_end_date) VALUES (007,83672931,'Gina Burge','Inventory','12/5/2008','5/31/2012');
INSERT INTO employee(e_id,e_ssn,e_name,e_title,e_start_date,e_end_date) VALUES (427,98091025,'Daron Higgs','Property department','8/25/2003','7/31/2012');
INSERT INTO employee(e_id,e_ssn,e_name,e_title,e_start_date,e_end_date) VALUES (200,73383278,'Mackenzie Nurton','Advertisement department','5/29/1996','8/7/2012');
INSERT INTO employee(e_id,e_ssn,e_name,e_title,e_start_date,e_end_date) VALUES (475,55219455,'Kendra Lane','Advertisement department','5/5/1991','9/20/2017');
INSERT INTO employee(e_id,e_ssn,e_name,e_title,e_start_date,e_end_date) VALUES (745,87771130,'William Stanley','Inventory','7/30/1992','9/8/2018');
INSERT INTO employee(e_id,e_ssn,e_name,e_title,e_start_date,e_end_date) VALUES (967,26829762,'Payton Drummond','International Operations','4/18/2009','10/21/2012');
INSERT INTO employee(e_id,e_ssn,e_name,e_title,e_start_date,e_end_date) VALUES (038,58763050,'Bree Baker','International Operations','8/21/1994','4/16/2019');
INSERT INTO employee(e_id,e_ssn,e_name,e_title,e_start_date,e_end_date) VALUES (542,40374761,'Henry Ebbs','Logistics','3/19/1999','1/18/2011');
INSERT INTO employee(e_id,e_ssn,e_name,e_title,e_start_date,e_end_date) VALUES (778,83430231,'Emerald Welsch','Logistics','8/7/1998','12/12/2017');
INSERT INTO employee(e_id,e_ssn,e_name,e_title,e_start_date,e_end_date) VALUES (910,27043708,'Maddison Paterson','International Operations','5/19/1994','6/9/2014');
INSERT INTO employee(e_id,e_ssn,e_name,e_title,e_start_date,e_end_date) VALUES (766,86231663,'Chad Bowen','Domestic operations','2/15/2008','3/19/2014');
INSERT INTO employee(e_id,e_ssn,e_name,e_title,e_start_date,e_end_date) VALUES (339,43275276,'Mark Taylor','Inventory','6/1/2001','1/9/2019');
INSERT INTO employee(e_id,e_ssn,e_name,e_title,e_start_date,e_end_date) VALUES (669,48127954,'Isabel Rees','Logistics','8/21/2000','7/23/2014');
INSERT INTO employee(e_id,e_ssn,e_name,e_title,e_start_date,e_end_date) VALUES (029,76465871,'Julius Wise','Logistics','6/1/1992','2/24/2012');
INSERT INTO employee(e_id,e_ssn,e_name,e_title,e_start_date,e_end_date) VALUES (884,63335211,'Harry Thatcher','Logistics','2/11/2000','6/22/2017');
INSERT INTO employee(e_id,e_ssn,e_name,e_title,e_start_date,e_end_date) VALUES (953,89501070,'Bob Jefferson','Advertisement department','8/31/1992','11/23/2013');
INSERT INTO employee(e_id,e_ssn,e_name,e_title,e_start_date,e_end_date) VALUES (309,41796080,'Brad Rogan','International Operations','1/25/2003','7/5/2016');
INSERT INTO employee(e_id,e_ssn,e_name,e_title,e_start_date,e_end_date) VALUES (181,96030783,'Carter Glynn','Property department','7/12/1999','3/14/2011');
INSERT INTO employee(e_id,e_ssn,e_name,e_title,e_start_date,e_end_date) VALUES (393,39481977,'Chester Tailor','Advertisement department','4/28/2010','9/11/2017');
INSERT INTO employee(e_id,e_ssn,e_name,e_title,e_start_date,e_end_date) VALUES (137,92373233,'William Skinner','Domestic operations','11/7/2002','3/30/2016');
INSERT INTO employee(e_id,e_ssn,e_name,e_title,e_start_date,e_end_date) VALUES (678,35731077,'Luke Preston','Legal and public relation department','8/17/2003','6/11/2017');
INSERT INTO employee(e_id,e_ssn,e_name,e_title,e_start_date,e_end_date) VALUES (528,32757410,'Eduardo Burge','International Operations','10/28/2005','7/24/2014');
INSERT INTO employee(e_id,e_ssn,e_name,e_title,e_start_date,e_end_date) VALUES (828,63799356,'Tony Wright','Advertisement department','3/26/2002','9/19/2012');
INSERT INTO employee(e_id,e_ssn,e_name,e_title,e_start_date,e_end_date) VALUES (081,44468701,'Meredith Welsch','Non-Store Operations','5/21/1998','7/21/2018');
INSERT INTO employee(e_id,e_ssn,e_name,e_title,e_start_date,e_end_date) VALUES (052,98835481,'Carrie Purvis','Personnel Department','6/13/1998','12/17/2014');
INSERT INTO employee(e_id,e_ssn,e_name,e_title,e_start_date,e_end_date) VALUES (028,76779902,'Stephanie Ingham','Non-Store Operations','5/1/2005','5/18/2017');
INSERT INTO employee(e_id,e_ssn,e_name,e_title,e_start_date,e_end_date) VALUES (892,42790489,'Angelique Niles','Property department','4/28/1992','2/7/2018');
INSERT INTO employee(e_id,e_ssn,e_name,e_title,e_start_date,e_end_date) VALUES (438,25346298,'Lynn Shaw','Domestic operations','1/16/2002','5/30/2017');
INSERT INTO employee(e_id,e_ssn,e_name,e_title,e_start_date,e_end_date) VALUES (185,87087035,'Anthony Allwood','Advertisement department','11/27/1994','6/16/2015');
INSERT INTO employee(e_id,e_ssn,e_name,e_title,e_start_date,e_end_date) VALUES (141,97598362,'Josh Thatcher','Non-Store Operations','7/26/2006','8/27/2014');
INSERT INTO employee(e_id,e_ssn,e_name,e_title,e_start_date,e_end_date) VALUES (086,45135105,'Percy Clark','Personnel Department','6/17/2003','1/5/2018');
INSERT INTO employee(e_id,e_ssn,e_name,e_title,e_start_date,e_end_date) VALUES (078,60157036,'Henry Hammond','Personnel Department','5/28/1990','9/17/2011');
INSERT INTO employee(e_id,e_ssn,e_name,e_title,e_start_date,e_end_date) VALUES (221,61538215,'Nick Dillon','Advertisement department','8/27/1992','6/1/2013');

--works

INSERT INTO works(store_id,e_id,manager_id) VALUES(10123,119,1);
INSERT INTO works(store_id,e_id,manager_id) VALUES(10174,122,2);
INSERT INTO works(store_id,e_id,manager_id) VALUES(10236,123,3);
INSERT INTO works(store_id,e_id,manager_id) VALUES(10382,128,4);
INSERT INTO works(store_id,e_id,manager_id) VALUES(10810,130,5);
INSERT INTO works(store_id,e_id,manager_id) VALUES(10888,131,6);
INSERT INTO works(store_id,e_id,manager_id) VALUES(11044,137,7);
INSERT INTO works(store_id,e_id,manager_id) VALUES(11272,138,8);
INSERT INTO works(store_id,e_id,manager_id) VALUES(12077,141,9);
INSERT INTO works(store_id,e_id,manager_id) VALUES(12431,142,10);
INSERT INTO works(store_id,e_id,manager_id) VALUES(12806,163,12);
INSERT INTO works(store_id,e_id,manager_id) VALUES(12809,179,13);
INSERT INTO works(store_id,e_id,manager_id) VALUES(13326,201,14);
INSERT INTO works(store_id,e_id,manager_id) VALUES(13404,203,15);
INSERT INTO works(store_id,e_id,manager_id) VALUES(13580,206,16);
INSERT INTO works(store_id,e_id,manager_id) VALUES(13591,209,17);
INSERT INTO works(store_id,e_id,manager_id) VALUES(13649,211,18);
INSERT INTO works(store_id,e_id,manager_id) VALUES(13933,213,19);
INSERT INTO works(store_id,e_id,manager_id) VALUES(13980,218,21);
INSERT INTO works(store_id,e_id,manager_id) VALUES(14130,219,22);
INSERT INTO works(store_id,e_id,manager_id) VALUES(14307,226,23);
INSERT INTO works(store_id,e_id,manager_id) VALUES(14331,243,24);
INSERT INTO works(store_id,e_id,manager_id) VALUES(14371,246,25);
INSERT INTO works(store_id,e_id,manager_id) VALUES(14465,252,26);
INSERT INTO works(store_id,e_id,manager_id) VALUES(14614,255,27);
INSERT INTO works(store_id,e_id,manager_id) VALUES(14651,258,28);
INSERT INTO works(store_id,e_id,manager_id) VALUES(14813,261,29);
INSERT INTO works(store_id,e_id,manager_id) VALUES(14820,262,30);
INSERT INTO works(store_id,e_id,manager_id) VALUES(15273,266,31);
INSERT INTO works(store_id,e_id,manager_id) VALUES(15387,283,33);
INSERT INTO works(store_id,e_id,manager_id) VALUES(15584,286,34);
INSERT INTO works(store_id,e_id,manager_id) VALUES(15599,292,35);
INSERT INTO works(store_id,e_id,manager_id) VALUES(15646,293,36);
INSERT INTO works(store_id,e_id,manager_id) VALUES(15660,307,37);
INSERT INTO works(store_id,e_id,manager_id) VALUES(15855,311,38);
INSERT INTO works(store_id,e_id,manager_id) VALUES(15982,313,39);
INSERT INTO works(store_id,e_id,manager_id) VALUES(16017,317,40);
INSERT INTO works(store_id,e_id,manager_id) VALUES(16181,319,41);
INSERT INTO works(store_id,e_id,manager_id) VALUES(16316,339,42);
INSERT INTO works(store_id,e_id,manager_id) VALUES(16330,353,43);
INSERT INTO works(store_id,e_id,manager_id) VALUES(16521,354,44);
INSERT INTO works(store_id,e_id,manager_id) VALUES(16609,357,45);
INSERT INTO works(store_id,e_id,manager_id) VALUES(16656,362,46);
INSERT INTO works(store_id,e_id,manager_id) VALUES(16792,368,47);
INSERT INTO works(store_id,e_id,manager_id) VALUES(16987,370,48);
INSERT INTO works(store_id,e_id,manager_id) VALUES(17084,380,49);
INSERT INTO works(store_id,e_id,manager_id) VALUES(17189,388,50);
INSERT INTO works(store_id,e_id,manager_id) VALUES(17280,404,51);
INSERT INTO works(store_id,e_id,manager_id) VALUES(17526,406,52);
INSERT INTO works(store_id,e_id,manager_id) VALUES(17732,407,53);
INSERT INTO works(store_id,e_id,manager_id) VALUES(17894,423,54);
INSERT INTO works(store_id,e_id,manager_id) VALUES(17943,427,55);
INSERT INTO works(store_id,e_id,manager_id) VALUES(18833,456,58);
INSERT INTO works(store_id,e_id,manager_id) VALUES(19148,481,60);
INSERT INTO works(store_id,e_id,manager_id) VALUES(19205,483,61);
INSERT INTO works(store_id,e_id,manager_id) VALUES(19255,485,62);
INSERT INTO works(store_id,e_id,manager_id) VALUES(19340,489,63);
INSERT INTO works(store_id,e_id,manager_id) VALUES(19358,495,64);
INSERT INTO works(store_id,e_id,manager_id) VALUES(19384,496,65);
INSERT INTO works(store_id,e_id,manager_id) VALUES(19524,510,66);
INSERT INTO works(store_id,e_id,manager_id) VALUES(19599,513,67);
INSERT INTO works(store_id,e_id,manager_id) VALUES(19916,516,68);
INSERT INTO works(store_id,e_id,manager_id) VALUES(20036,533,70);
INSERT INTO works(store_id,e_id,manager_id) VALUES(20174,542,71);
INSERT INTO works(store_id,e_id,manager_id) VALUES(20291,544,72);
INSERT INTO works(store_id,e_id,manager_id) VALUES(20315,561,73);
INSERT INTO works(store_id,e_id,manager_id) VALUES(20548,563,74);
INSERT INTO works(store_id,e_id,manager_id) VALUES(20796,564,75);
INSERT INTO works(store_id,e_id,manager_id) VALUES(20886,565,76);
INSERT INTO works(store_id,e_id,manager_id) VALUES(21388,566,77);
INSERT INTO works(store_id,e_id,manager_id) VALUES(21668,569,78);
INSERT INTO works(store_id,e_id,manager_id) VALUES(21769,577,79);
INSERT INTO works(store_id,e_id,manager_id) VALUES(21835,580,80);
INSERT INTO works(store_id,e_id,manager_id) VALUES(22360,585,81);
INSERT INTO works(store_id,e_id,manager_id) VALUES(22415,587,82);
INSERT INTO works(store_id,e_id,manager_id) VALUES(22738,589,83);
INSERT INTO works(store_id,e_id,manager_id) VALUES(22774,593,84);
INSERT INTO works(store_id,e_id,manager_id) VALUES(22859,596,85);
INSERT INTO works(store_id,e_id,manager_id) VALUES(22881,611,86);
INSERT INTO works(store_id,e_id,manager_id) VALUES(22953,613,87);
INSERT INTO works(store_id,e_id,manager_id) VALUES(23031,615,88);
INSERT INTO works(store_id,e_id,manager_id) VALUES(23294,619,89);
INSERT INTO works(store_id,e_id,manager_id) VALUES(23299,620,90);
INSERT INTO works(store_id,e_id,manager_id) VALUES(23374,632,91);
INSERT INTO works(store_id,e_id,manager_id) VALUES(23505,652,92);
INSERT INTO works(store_id,e_id,manager_id) VALUES(23523,658,93);
INSERT INTO works(store_id,e_id,manager_id) VALUES(23542,662,94);
INSERT INTO works(store_id,e_id,manager_id) VALUES(23748,669,95);
INSERT INTO works(store_id,e_id,manager_id) VALUES(23899,676,96);
INSERT INTO works(store_id,e_id,manager_id) VALUES(23923,678,97);
INSERT INTO works(store_id,e_id,manager_id) VALUES(24148,687,98);
INSERT INTO works(store_id,e_id,manager_id) VALUES(24623,692,99);
INSERT INTO works(store_id,e_id,manager_id) VALUES(24661,700,100);
INSERT INTO works(store_id,e_id,manager_id) VALUES(24735,710,101);
INSERT INTO works(store_id,e_id,manager_id) VALUES(24952,711,102);
INSERT INTO works(store_id,e_id,manager_id) VALUES(24989,732,103);
INSERT INTO works(store_id,e_id,manager_id) VALUES(25153,735,104);
INSERT INTO works(store_id,e_id,manager_id) VALUES(25208,736,105);
INSERT INTO works(store_id,e_id,manager_id) VALUES(25379,737,106);
INSERT INTO works(store_id,e_id,manager_id) VALUES(25664,738,107);
INSERT INTO works(store_id,e_id,manager_id) VALUES(26016,740,108);
INSERT INTO works(store_id,e_id,manager_id) VALUES(26055,742,109);
INSERT INTO works(store_id,e_id,manager_id) VALUES(26066,745,110);
INSERT INTO works(store_id,e_id,manager_id) VALUES(26321,761,111);
INSERT INTO works(store_id,e_id,manager_id) VALUES(26449,766,112);
INSERT INTO works(store_id,e_id,manager_id) VALUES(26557,770,113);
INSERT INTO works(store_id,e_id,manager_id) VALUES(26698,775,114);
INSERT INTO works(store_id,e_id,manager_id) VALUES(26918,777,115);
INSERT INTO works(store_id,e_id,manager_id) VALUES(27244,778,116);
INSERT INTO works(store_id,e_id,manager_id) VALUES(27562,781,117);
INSERT INTO works(store_id,e_id,manager_id) VALUES(27575,788,118);
INSERT INTO works(store_id,e_id,manager_id) VALUES(27581,791,119);
INSERT INTO works(store_id,e_id,manager_id) VALUES(27664,796,120);
INSERT INTO works(store_id,e_id,manager_id) VALUES(27927,804,121);
INSERT INTO works(store_id,e_id,manager_id) VALUES(28106,808,122);
INSERT INTO works(store_id,e_id,manager_id) VALUES(28820,812,123);
INSERT INTO works(store_id,e_id,manager_id) VALUES(28906,815,124);
INSERT INTO works(store_id,e_id,manager_id) VALUES(29108,828,125);
INSERT INTO works(store_id,e_id,manager_id) VALUES(29370,836,126);
INSERT INTO works(store_id,e_id,manager_id) VALUES(29571,842,127);
INSERT INTO works(store_id,e_id,manager_id) VALUES(29667,843,128);
INSERT INTO works(store_id,e_id,manager_id) VALUES(29920,849,129);
INSERT INTO works(store_id,e_id,manager_id) VALUES(29983,854,130);
INSERT INTO works(store_id,e_id,manager_id) VALUES(30056,855,131);
INSERT INTO works(store_id,e_id,manager_id) VALUES(30339,868,132);
INSERT INTO works(store_id,e_id,manager_id) VALUES(30344,872,133);
INSERT INTO works(store_id,e_id,manager_id) VALUES(30669,874,134);
INSERT INTO works(store_id,e_id,manager_id) VALUES(30994,879,135);
INSERT INTO works(store_id,e_id,manager_id) VALUES(31163,883,136);
INSERT INTO works(store_id,e_id,manager_id) VALUES(31481,884,137);
INSERT INTO works(store_id,e_id,manager_id) VALUES(31523,885,138);
INSERT INTO works(store_id,e_id,manager_id) VALUES(31642,892,139);
INSERT INTO works(store_id,e_id,manager_id) VALUES(31774,896,140);
INSERT INTO works(store_id,e_id,manager_id) VALUES(32180,901,141);
INSERT INTO works(store_id,e_id,manager_id) VALUES(32239,908,142);
INSERT INTO works(store_id,e_id,manager_id) VALUES(32258,916,143);
INSERT INTO works(store_id,e_id,manager_id) VALUES(32333,926,144);
INSERT INTO works(store_id,e_id,manager_id) VALUES(32347,929,145);
INSERT INTO works(store_id,e_id,manager_id) VALUES(32674,934,146);
INSERT INTO works(store_id,e_id,manager_id) VALUES(32720,935,147);
INSERT INTO works(store_id,e_id,manager_id) VALUES(32748,938,148);
INSERT INTO works(store_id,e_id,manager_id) VALUES(32942,951,149);
INSERT INTO works(store_id,e_id,manager_id) VALUES(33004,956,150);
INSERT INTO works(store_id,e_id,manager_id) VALUES(33062,969,151);
INSERT INTO works(store_id,e_id,manager_id) VALUES(33133,973,152);
INSERT INTO works(store_id,e_id,manager_id) VALUES(33237,976,153);
INSERT INTO works(store_id,e_id,manager_id) VALUES(33266,987,154);
INSERT INTO works(store_id,e_id,manager_id) VALUES(33341,988,155);
INSERT INTO works(store_id,e_id,manager_id) VALUES(33820,997,156);


--stock

INSERT INTO stock(stk_id,stk_address,stk_item,stk_type) VALUES ('V5R2YwCS','Blandford  Rue, 2392','AQT8zb4h3jrTGbW',7);
INSERT INTO stock(stk_id,stk_address,stk_item,stk_type) VALUES ('yF6koNaK','Adams  Vale, 2890','f7xmnZcyZDyf6O7',4);
INSERT INTO stock(stk_id,stk_address,stk_item,stk_type) VALUES ('yomKbB3O','Westcott  Lane, 318','Iw0I6rdZjG6D3om',8);
INSERT INTO stock(stk_id,stk_address,stk_item,stk_type) VALUES ('y9kAVrpl','Cavendish Route, 2896','feDjZsUUBj42ycz',3);
INSERT INTO stock(stk_id,stk_address,stk_item,stk_type) VALUES ('b1lsgyEF','Central  Way, 2782','saHOnht75ghhVjU',5);
INSERT INTO stock(stk_id,stk_address,stk_item,stk_type) VALUES ('X4HwigUO','Clissold  Lane, 2109','brZ8Uwwl34URUEe',8);
INSERT INTO stock(stk_id,stk_address,stk_item,stk_type) VALUES ('13UPJLNr','Blean   Vale, 2572','XMG2fs0RQfhNui7',3);
INSERT INTO stock(stk_id,stk_address,stk_item,stk_type) VALUES ('qCmwrDld','King Edward  Route, 2023','hPdsxM5ZZxBziew',2);
INSERT INTO stock(stk_id,stk_address,stk_item,stk_type) VALUES ('ZTqkqLvg','Shepherds  Hill, 1078','JUkmiGDSCwwuAyJ',4);
INSERT INTO stock(stk_id,stk_address,stk_item,stk_type) VALUES ('mpMDR4yM','Yorkshire  Rue, 2432','8We7DP1wFyKdsfM',6);
INSERT INTO stock(stk_id,stk_address,stk_item,stk_type) VALUES ('bmjpwhnI','Billing  Grove, 1514','DOfYc4SF6hzteIB',0);
INSERT INTO stock(stk_id,stk_address,stk_item,stk_type) VALUES ('tcLdiFJW','Walnut Way, 2915','BasVGlvyhjZrjZa',2);
INSERT INTO stock(stk_id,stk_address,stk_item,stk_type) VALUES ('Nm3Ehud4','Belfort  Rue, 2931','57EIz15RoOLsHtT',4);
INSERT INTO stock(stk_id,stk_address,stk_item,stk_type) VALUES ('eTumDIz6','Fawn Rue, 1616','aQ7xpamz0cbk0nI',6);
INSERT INTO stock(stk_id,stk_address,stk_item,stk_type) VALUES ('BB3vVNR9','Caroline  Lane, 235','4xIIYJVfBrafSf3',4);
INSERT INTO stock(stk_id,stk_address,stk_item,stk_type) VALUES ('ACt485Wx','Beaconsfield  Crossroad, 2724','LN98MuYsBsUDaeI',1);
INSERT INTO stock(stk_id,stk_address,stk_item,stk_type) VALUES ('ElflQbuQ','Bective  Crossroad, 164','E9bUMhPKRBsNv4x',7);
INSERT INTO stock(stk_id,stk_address,stk_item,stk_type) VALUES ('up9SZ0yR','Biggerstaff   Grove, 799','ntcsCVsTskXIfLU',7);
INSERT INTO stock(stk_id,stk_address,stk_item,stk_type) VALUES ('FWYtrdjA','Ampton  Drive, 1749','lNKKJwSlazSq1Dk',0);
INSERT INTO stock(stk_id,stk_address,stk_item,stk_type) VALUES ('RWheHF9s','Cable    Walk, 2084','hKJcIFwGFiaOVMj',8);
INSERT INTO stock(stk_id,stk_address,stk_item,stk_type) VALUES ('BwpgqHYS','Durham Road, 1420','bgOcOVGvbRWKkF6',4);
INSERT INTO stock(stk_id,stk_address,stk_item,stk_type) VALUES ('g1ILRiL7','Cliff  Tunnel, 889','9av1zFnUk1FL2Pb',1);
INSERT INTO stock(stk_id,stk_address,stk_item,stk_type) VALUES ('mpmEaun2','Elgood   Avenue, 2618','K3VRg8EGVpZhF7v',3);
INSERT INTO stock(stk_id,stk_address,stk_item,stk_type) VALUES ('mapP5zZj','Linden Boulevard, 602','0Pw2aUNcaPkjMyJ',0);
INSERT INTO stock(stk_id,stk_address,stk_item,stk_type) VALUES ('cMIhHoYA','Norland  Pass, 812','6Vdw8MyO0iw8M1e',3);
INSERT INTO stock(stk_id,stk_address,stk_item,stk_type) VALUES ('GC0cbvt7','Bury  Vale, 2356','CL0wZpFQH6clWYj',2);
INSERT INTO stock(stk_id,stk_address,stk_item,stk_type) VALUES ('ipN5pnSR','Becher  Way, 958','xKlgZyavCAvWTGk',3);
INSERT INTO stock(stk_id,stk_address,stk_item,stk_type) VALUES ('ZnadE2cL','Linden Vale, 779','GZ2jyxWRGfZDx6n',4);
INSERT INTO stock(stk_id,stk_address,stk_item,stk_type) VALUES ('SwS4yEQ3','Cobden  Hill, 498','N5raNRjTVJa6j6z',4);
INSERT INTO stock(stk_id,stk_address,stk_item,stk_type) VALUES ('19knhbVJ','Argyle  Road, 771','ZCJ95RpJWYEMvNm',2);
INSERT INTO stock(stk_id,stk_address,stk_item,stk_type) VALUES ('W1zt79jY','Monroe Road, 2702','kwkiBNDKRMKfo3x',4);
INSERT INTO stock(stk_id,stk_address,stk_item,stk_type) VALUES ('GwxzZ5K8','Arthur  Hill, 895','QacuG2YEWv0C8sD',3);
INSERT INTO stock(stk_id,stk_address,stk_item,stk_type) VALUES ('EMWKzJgd','Collins  Alley, 726','dpmmQc6wtycEnQz',3);
INSERT INTO stock(stk_id,stk_address,stk_item,stk_type) VALUES ('rPtzGWjF','Sheraton   Lane, 1244','bG39HAp4YuJkkB6',2);
INSERT INTO stock(stk_id,stk_address,stk_item,stk_type) VALUES ('glIt39tz','Chestnut Rise Crossroad, 881','GHGg0UEep0zUD7W',3);
INSERT INTO stock(stk_id,stk_address,stk_item,stk_type) VALUES ('pipJxKCC','Hickory Lane Way, 668','ecXEvPtiwSOSPfg',2);
INSERT INTO stock(stk_id,stk_address,stk_item,stk_type) VALUES ('drREvhiD','Ashley Hill, 2203','c6FDCOIjCRvDFUZ',5);
INSERT INTO stock(stk_id,stk_address,stk_item,stk_type) VALUES ('JbPanR2j','Longmoore   Street, 1672','a64UxNgQlrOMEG5',4);
INSERT INTO stock(stk_id,stk_address,stk_item,stk_type) VALUES ('9roLuW7Y','Canning  Road, 439','FLDfszqrmH68zjD',7);
INSERT INTO stock(stk_id,stk_address,stk_item,stk_type) VALUES ('14OLTrw2','Thomas Doyle   Rue, 167','xE8fsvGbEiMgXXY',2);
INSERT INTO stock(stk_id,stk_address,stk_item,stk_type) VALUES ('WDsymqiF','Bolton  Route, 2562','xXZKnBx3nnmOMsI',8);
INSERT INTO stock(stk_id,stk_address,stk_item,stk_type) VALUES ('PpY1x4Ya','Woodland Vale, 2610','ZGf3BV5TDpXieje',6);
INSERT INTO stock(stk_id,stk_address,stk_item,stk_type) VALUES ('puygGerT','Ayres   Alley, 1567','D289VeKYxHuk2RZ',0);
INSERT INTO stock(stk_id,stk_address,stk_item,stk_type) VALUES ('U2H3RSJt','Beatty  Road, 1919','v4ZMd401aFpBEUL',6);
INSERT INTO stock(stk_id,stk_address,stk_item,stk_type) VALUES ('o4J6OqZW','Monroe Boulevard, 705','NutPTU1YdX4RpCZ',8);
INSERT INTO stock(stk_id,stk_address,stk_item,stk_type) VALUES ('9o0CjGlf','Bacton   Avenue, 312','YEfCvKrmHr0WrN5',6);
INSERT INTO stock(stk_id,stk_address,stk_item,stk_type) VALUES ('Ttmd4zra','Betton  Way, 869','nGIOZyPdT8VJH8Z',2);
INSERT INTO stock(stk_id,stk_address,stk_item,stk_type) VALUES ('SISIznYS','Camden  Street, 178','KiXETK3Ef8cahbu',5);
INSERT INTO stock(stk_id,stk_address,stk_item,stk_type) VALUES ('t8kefegZ','Arthur  Grove, 1414','bAr0cNwF464B8O3',8);
INSERT INTO stock(stk_id,stk_address,stk_item,stk_type) VALUES ('UzsurFBp','Emily  Street, 2149','fpC8w2scDxHAMvV',7);
INSERT INTO stock(stk_id,stk_address,stk_item,stk_type) VALUES ('qy6lQllM','Carlton  Hill, 2092','uW9BhRfQa27HJQv',7);
INSERT INTO stock(stk_id,stk_address,stk_item,stk_type) VALUES ('FNyf8VPV','Tisbury  Route, 1780','b3EzXNM7GEvktre',8);
INSERT INTO stock(stk_id,stk_address,stk_item,stk_type) VALUES ('7sqxVevf','Gavel   Walk, 257','rZGoKJrEWWCk47S',6);
INSERT INTO stock(stk_id,stk_address,stk_item,stk_type) VALUES ('wTmFyeZS','Cockspur  Vale, 1802','O6Ii0mKei9ZlaBn',1);
INSERT INTO stock(stk_id,stk_address,stk_item,stk_type) VALUES ('j5Iw0Cz8','Balham   Route, 2072','PNAyBAjcHOxL7uc',6);
INSERT INTO stock(stk_id,stk_address,stk_item,stk_type) VALUES ('qWsMDKXz','Meadow Avenue, 1229','uMHJWe64RiKYl1j',4);
INSERT INTO stock(stk_id,stk_address,stk_item,stk_type) VALUES ('3wtKBXRI','Geary   Avenue, 554','mEzKbgmyPAEbqBz',1);
INSERT INTO stock(stk_id,stk_address,stk_item,stk_type) VALUES ('Mf8HUdpe','Blore  Way, 1068','WW48h2VT0bXt28C',2);
INSERT INTO stock(stk_id,stk_address,stk_item,stk_type) VALUES ('eyUCIMMF','Earl Rise Way, 1122','yIYVHyLPbVBhiVs',8);
INSERT INTO stock(stk_id,stk_address,stk_item,stk_type) VALUES ('tywGISKK','Unwin  Pass, 1817','MJKzV3hgKbFQ5qt',5);
INSERT INTO stock(stk_id,stk_address,stk_item,stk_type) VALUES ('8dQwraNc','Belmore  Crossroad, 1685','Ng8OpYN9FRfqnBz',4);
INSERT INTO stock(stk_id,stk_address,stk_item,stk_type) VALUES ('hni1ZZrM','Paris   Route, 2808','3w6rjeVT9MNZ1rr',5);
INSERT INTO stock(stk_id,stk_address,stk_item,stk_type) VALUES ('Tcwmv12q','Chancellor  Pass, 2994','IxywgQcTNJj6MSr',7);
INSERT INTO stock(stk_id,stk_address,stk_item,stk_type) VALUES ('VTNrJswY','Arline    Lane, 2355','KC3Q21eNfKaqJYY',4);
INSERT INTO stock(stk_id,stk_address,stk_item,stk_type) VALUES ('dufjUDBg','Fairview Way, 134','0aBaCleSRT3qFsF',1);
INSERT INTO stock(stk_id,stk_address,stk_item,stk_type) VALUES ('o5mESvOS','Chatfield  Street, 1115','bHAW3R0nxetYFoG',0);
INSERT INTO stock(stk_id,stk_address,stk_item,stk_type) VALUES ('KkDa1P1X','Canning  Pass, 1633','sFLtwyPCKR69YOE',2);
INSERT INTO stock(stk_id,stk_address,stk_item,stk_type) VALUES ('r4hhZLpD','Paris   Hill, 2429','eMPnvIuIilu6jzl',8);
INSERT INTO stock(stk_id,stk_address,stk_item,stk_type) VALUES ('yOlpLw7K','Angela   Alley, 719','GgZHCMAv05oL0nG',4);
INSERT INTO stock(stk_id,stk_address,stk_item,stk_type) VALUES ('q777rxQ0','Edwin   Alley, 2769','msPFKq5nlIdsujE',6);
INSERT INTO stock(stk_id,stk_address,stk_item,stk_type) VALUES ('9JDuBFQQ','Clavell   Avenue, 461','fTPjS5RYCk0df59',4);
INSERT INTO stock(stk_id,stk_address,stk_item,stk_type) VALUES ('XNONXnCQ','Chesterfield  Walk, 1136','3hc91qiaUWjLwcL',0);
INSERT INTO stock(stk_id,stk_address,stk_item,stk_type) VALUES ('KJqizBk3','Catherine  Drive, 864','u2Q92fjX1kl8x6f',5);
INSERT INTO stock(stk_id,stk_address,stk_item,stk_type) VALUES ('IxCcvMl1','Chicksand  Road, 775','h26j63ayhEWqpME',2);
INSERT INTO stock(stk_id,stk_address,stk_item,stk_type) VALUES ('bjK3lTWc','Eaglet  Road, 1575','eiRZ22RCf4BpEWI',8);
INSERT INTO stock(stk_id,stk_address,stk_item,stk_type) VALUES ('kvGXQr1J','Linden Lane, 447','mNged5Y5QPpeyXJ',5);
INSERT INTO stock(stk_id,stk_address,stk_item,stk_type) VALUES ('ZZ3GgdWv','Bingham   Drive, 1967','PxqHG5uoz8ahuqb',7);
INSERT INTO stock(stk_id,stk_address,stk_item,stk_type) VALUES ('r5RR9GHb','Arline    Route, 2540','lJ0vyeRIHjIiiDs',2);
INSERT INTO stock(stk_id,stk_address,stk_item,stk_type) VALUES ('k92IZElo','Woodland Route, 2110','oIpOXrFJf8NlDdh',2);
INSERT INTO stock(stk_id,stk_address,stk_item,stk_type) VALUES ('RjXsOQwh','Dunstans  Crossroad, 848','aghM5Zxm9bVu0d4',2);
INSERT INTO stock(stk_id,stk_address,stk_item,stk_type) VALUES ('VXYyp1vT','Clarges   Grove, 2088','cXWIwgbpn7vRMP0',4);
INSERT INTO stock(stk_id,stk_address,stk_item,stk_type) VALUES ('16zgPTCa','Elystan  Alley, 251','kivOIdsUOnSiOZy',2);
INSERT INTO stock(stk_id,stk_address,stk_item,stk_type) VALUES ('QjFLiyU3','Meadow Tunnel, 2822','bIV69sc1G2snyd5',5);
INSERT INTO stock(stk_id,stk_address,stk_item,stk_type) VALUES ('4jXlHbDw','College  Alley, 2645','evO113gRL3qT0vh',6);
INSERT INTO stock(stk_id,stk_address,stk_item,stk_type) VALUES ('Yh6RrnNZ','Cato   Drive, 1949','z9FiF508F1A1uRM',6);
INSERT INTO stock(stk_id,stk_address,stk_item,stk_type) VALUES ('sNPhzjto','Canon Lane, 2356','K1izh1PrRFUlX9x',4);
INSERT INTO stock(stk_id,stk_address,stk_item,stk_type) VALUES ('0YqL9f4e','Dunstable   Alley, 1395','xPPbULJpHhCc9ej',8);
INSERT INTO stock(stk_id,stk_address,stk_item,stk_type) VALUES ('nXm2hCG3','Baltic  Hill, 2196','wp7DndacbCoAaOU',6);
INSERT INTO stock(stk_id,stk_address,stk_item,stk_type) VALUES ('5x5qralQ','Chestnut  Hill, 660','3vJWLwcX9JdY9jC',1);
INSERT INTO stock(stk_id,stk_address,stk_item,stk_type) VALUES ('29XMoNWL','Eaglet  Boulevard, 2633','BVEq6ERgqSpcO70',2);
INSERT INTO stock(stk_id,stk_address,stk_item,stk_type) VALUES ('gbZ6GoSs','Cleaver Pass, 1159','hqY7Q23aB5dgUsD',3);
INSERT INTO stock(stk_id,stk_address,stk_item,stk_type) VALUES ('yMgJOx3z','Hampden  Rue, 1196','vWDVYMrt0SVYkUh',7);
INSERT INTO stock(stk_id,stk_address,stk_item,stk_type) VALUES ('YC4EODTd','Birkenhead   Pass, 1807','IuxiNkeIE8kEUm8',1);
INSERT INTO stock(stk_id,stk_address,stk_item,stk_type) VALUES ('Ddx6zr8e','Carol   Crossroad, 1864','JsDjzomj9CtIyFL',4);
INSERT INTO stock(stk_id,stk_address,stk_item,stk_type) VALUES ('1y8kcQ0Q','Rosewood Pass, 2463','vavSvX8VaBYuasC',8);
INSERT INTO stock(stk_id,stk_address,stk_item,stk_type) VALUES ('KUV90nOH','Victoria  Walk, 803','J32wjHz0INt7uzu',6);
INSERT INTO stock(stk_id,stk_address,stk_item,stk_type) VALUES ('bcEi2ZRp','Bective  Rue, 2181','7HMon7IzciOznk1',8);
INSERT INTO stock(stk_id,stk_address,stk_item,stk_type) VALUES ('vaWlKG2w','Emden   Way, 869','WulM04Y1t6iGAlA',2);
INSERT INTO stock(stk_id,stk_address,stk_item,stk_type) VALUES ('NNma7Aff','Blenkarne  Hill, 268','i1PZ9CqvE0VX5Pt',1);
INSERT INTO stock(stk_id,stk_address,stk_item,stk_type) VALUES ('7MUW9Jyo','Queen Road, 613','TVOG7R00AdgjDTz',8);
INSERT INTO stock(stk_id,stk_address,stk_item,stk_type) VALUES ('a1zqLO2i','Bloomsbury  Lane, 698','EYCl061Xa0uYGEZ',6);
INSERT INTO stock(stk_id,stk_address,stk_item,stk_type) VALUES ('oanQDKOY','Carol   Pass, 1126','9EcqwCEwb72qmM5',3);
INSERT INTO stock(stk_id,stk_address,stk_item,stk_type) VALUES ('FqcsmvfO','Blackheath  Rue, 1997','J4KoyHk1S7J7WCR',8);
INSERT INTO stock(stk_id,stk_address,stk_item,stk_type) VALUES ('uwtAEHuJ','Calderwood   Boulevard, 126','tOjOiGX42RTEjBU',5);
INSERT INTO stock(stk_id,stk_address,stk_item,stk_type) VALUES ('c5sGqUyu','Angela   Route, 2023','kBJA6dG1ntsl19H',3);
INSERT INTO stock(stk_id,stk_address,stk_item,stk_type) VALUES ('qbrK9tfS','Clerkenwell Drive, 765','TZZywKbw3tQXkcK',6);
INSERT INTO stock(stk_id,stk_address,stk_item,stk_type) VALUES ('2tU1Gj5I','Emily  Pass, 716','p1g1x7PwbN55aZM',2);
INSERT INTO stock(stk_id,stk_address,stk_item,stk_type) VALUES ('pZEHszBm','Sheffield Lane, 483','HueReC7v5W1dZVp',6);
INSERT INTO stock(stk_id,stk_address,stk_item,stk_type) VALUES ('d7y3b4VP','Betton  Tunnel, 1942','e0z3T3zHB76b3do',2);
INSERT INTO stock(stk_id,stk_address,stk_item,stk_type) VALUES ('1x6ovCGi','Victoria  Pass, 112','rNZOiOYc5FdijkN',5);
INSERT INTO stock(stk_id,stk_address,stk_item,stk_type) VALUES ('ugg4Zxnd','Bocking   Walk, 1850','1ctROj3I4mtYMfB',6);
INSERT INTO stock(stk_id,stk_address,stk_item,stk_type) VALUES ('LYPWDiYW','Maple Vale, 2526','k3k5wvnh9MxO9qc',2);
INSERT INTO stock(stk_id,stk_address,stk_item,stk_type) VALUES ('BBITZYEb','Elf  Street, 1300','hSEWQFtSOUq6mj7',0);
INSERT INTO stock(stk_id,stk_address,stk_item,stk_type) VALUES ('gXJPqlQW','Virgil   Lane, 2518','aLzIzkWFO5zhJQX',2);
INSERT INTO stock(stk_id,stk_address,stk_item,stk_type) VALUES ('8VEfubXi','Rivervalley Lane, 2826','t6CsBXPSHYM0VQd',6);
INSERT INTO stock(stk_id,stk_address,stk_item,stk_type) VALUES ('Fq0A9SXS','Chatsworth  Tunnel, 1180','F9yQE3onJLNxJ37',2);
INSERT INTO stock(stk_id,stk_address,stk_item,stk_type) VALUES ('zwetPQrR','Blandford  Street, 2811','6aiurvAKSSIH7rn',2);
INSERT INTO stock(stk_id,stk_address,stk_item,stk_type) VALUES ('i22rGCCh','Bagford   Avenue, 1660','HzSgY17rMkafCJt',5);
INSERT INTO stock(stk_id,stk_address,stk_item,stk_type) VALUES ('7qohBm6J','Baynes  Drive, 1608','z4XAOLN3VAvuQ99',3);
INSERT INTO stock(stk_id,stk_address,stk_item,stk_type) VALUES ('tHWzhXXF','Billing  Crossroad, 2914','ff2IHYUIxzjMUzQ',3);
INSERT INTO stock(stk_id,stk_address,stk_item,stk_type) VALUES ('oL6YiCLM','Cedarne  Road, 560','8bgSJXNsXc1oV51',1);
INSERT INTO stock(stk_id,stk_address,stk_item,stk_type) VALUES ('lJ5CAR8t','Monroe Lane, 1463','adTqGFOWqQgZyHG',7);
INSERT INTO stock(stk_id,stk_address,stk_item,stk_type) VALUES ('6whldq0k','Caedmon  Alley, 100','JqcxYP4xPEvviGi',1);
INSERT INTO stock(stk_id,stk_address,stk_item,stk_type) VALUES ('5FuG53ZC','Callcott   Route, 990','Atmsn9FFqNcHK4T',7);
INSERT INTO stock(stk_id,stk_address,stk_item,stk_type) VALUES ('xKB9e4g5','Rosewood Boulevard, 147','EPQa0C63DmVIvcA',7);
INSERT INTO stock(stk_id,stk_address,stk_item,stk_type) VALUES ('6c7jLlCm','Wadham  Lane, 1173','yFNqNU8A0ZxmEOA',2);
INSERT INTO stock(stk_id,stk_address,stk_item,stk_type) VALUES ('ObBPgeCj','Wager   Hill, 2205','zdMnh5pIy05Ixwb',1);
INSERT INTO stock(stk_id,stk_address,stk_item,stk_type) VALUES ('cJ02VKUx','Waite  Crossroad, 2065','0UDoNplIhnwQqYF',1);
INSERT INTO stock(stk_id,stk_address,stk_item,stk_type) VALUES ('ZSSOcEUk','Fieldstone Way, 2022','XpIZcqPzyvMscLo',8);
INSERT INTO stock(stk_id,stk_address,stk_item,stk_type) VALUES ('gq2JdP75','Victoria Rise Crossroad, 1910','NvAcOkAOcYOTjbj',2);
INSERT INTO stock(stk_id,stk_address,stk_item,stk_type) VALUES ('bNk0CyKx','Fairholt   Hill, 1477','LHsN4kDBDyS7Hc7',1);
INSERT INTO stock(stk_id,stk_address,stk_item,stk_type) VALUES ('gRWTr47g','Paris   Lane, 207','kYlMirHzGuKUtfZ',4);
INSERT INTO stock(stk_id,stk_address,stk_item,stk_type) VALUES ('dIPdXEnn','Birkenhead   Hill, 750','vRKLgAhdncltQAm',7);
INSERT INTO stock(stk_id,stk_address,stk_item,stk_type) VALUES ('aV7nxRYe','Chalcot  Grove, 1364','ofv7qBdVh6joTLC',7);
INSERT INTO stock(stk_id,stk_address,stk_item,stk_type) VALUES ('D2Y9cuOM','Chelsea Manor  Hill, 2698','ae2qxEj382e5sxo',0);
INSERT INTO stock(stk_id,stk_address,stk_item,stk_type) VALUES ('41rncvfU','Norfolk  Drive, 1430','83RipHIC1pQvkuR',0);
INSERT INTO stock(stk_id,stk_address,stk_item,stk_type) VALUES ('4j6qLypT','Collins  Way, 2767','bo8hEymlAqTyyju',7);
INSERT INTO stock(stk_id,stk_address,stk_item,stk_type) VALUES ('ZoGG3Krk','Tiptree   Rue, 953','QKN7NEMrY2HM68J',2);
INSERT INTO stock(stk_id,stk_address,stk_item,stk_type) VALUES ('WkuIGaAP','Beatty  Tunnel, 1508','BQ6YvYgVbwtGtm2',3);
INSERT INTO stock(stk_id,stk_address,stk_item,stk_type) VALUES ('4SbJIu3U','Chambers  Road, 1666','L0J7S8kKabeVxam',6);
INSERT INTO stock(stk_id,stk_address,stk_item,stk_type) VALUES ('fneAgOEG','Empress  Street, 361','VRXlYu1VfSyaHIb',4);
INSERT INTO stock(stk_id,stk_address,stk_item,stk_type) VALUES ('5a7otfCX','Marina  Avenue, 127','B7vCAE2P3DzGk6F',1);
INSERT INTO stock(stk_id,stk_address,stk_item,stk_type) VALUES ('ZqMW2EvJ','Bingham   Drive, 1742','WzO943tzXtPxVP3',4);
INSERT INTO stock(stk_id,stk_address,stk_item,stk_type) VALUES ('YFUWrnYm','Longman   Avenue, 475','I6LmWBfgaoE4M1H',6);
INSERT INTO stock(stk_id,stk_address,stk_item,stk_type) VALUES ('YK31H8gX','Coborn  Route, 1931','1sbmRavl2MG2w0t',4);
INSERT INTO stock(stk_id,stk_address,stk_item,stk_type) VALUES ('3TLHfk69','Chester  Walk, 1940','AJaxjAXox9CweaP',2);
INSERT INTO stock(stk_id,stk_address,stk_item,stk_type) VALUES ('fRRGAYfm','Cavell   Crossroad, 785','HQwbKdwvbcYh2YL',8);
INSERT INTO stock(stk_id,stk_address,stk_item,stk_type) VALUES ('d1gqqPWa','Cliffords  Vale, 2131','mlnxtqvQXAi1Srp',7);
INSERT INTO stock(stk_id,stk_address,stk_item,stk_type) VALUES ('wGtZszcC','Camden  Hill, 652','i24Vs9wKJyop0GI',7);
INSERT INTO stock(stk_id,stk_address,stk_item,stk_type) VALUES ('559N9Abk','Buttonwood Drive, 2305','9xJlBLfNXcoz1gg',4);
INSERT INTO stock(stk_id,stk_address,stk_item,stk_type) VALUES ('AHa3SjBh','Railroad Walk, 1012','MhaUBuOxXAMndV3',6);
INSERT INTO stock(stk_id,stk_address,stk_item,stk_type) VALUES ('VQGHrceb','Vintners  Lane, 351','cZvlfP2Sq6InEnt',1);
INSERT INTO stock(stk_id,stk_address,stk_item,stk_type) VALUES ('gxd7hZzq','King William  Drive, 1986','luD91HovXlYrXlD',1);
INSERT INTO stock(stk_id,stk_address,stk_item,stk_type) VALUES ('xMnBe8S7','Bedford  Drive, 2833','iDkFVflQhn7QfZ1',3);
INSERT INTO stock(stk_id,stk_address,stk_item,stk_type) VALUES ('hHGGWdMB','Wager   Way, 2901','JnbFW2KGswfDLvU',4);
INSERT INTO stock(stk_id,stk_address,stk_item,stk_type) VALUES ('j05Hlnmu','Howard Hill, 2643','kE1jmshbnFhlYUS',1);
INSERT INTO stock(stk_id,stk_address,stk_item,stk_type) VALUES ('jCE5UB7m','Blean   Hill, 1573','WgArPyAkC0N3UnU',6);
INSERT INTO stock(stk_id,stk_address,stk_item,stk_type) VALUES ('aBPhwSeD','Spruce Pass, 1882','hiGPYFML5mYSwXu',2);
INSERT INTO stock(stk_id,stk_address,stk_item,stk_type) VALUES ('SVJtRAUh','Carlton  Lane, 2979','sDB78eMcC6kyxIc',3);
INSERT INTO stock(stk_id,stk_address,stk_item,stk_type) VALUES ('EBtdJCCL','Paris   Hill, 166','UhNjpdFdI3pZyj5',6);
INSERT INTO stock(stk_id,stk_address,stk_item,stk_type) VALUES ('UrhVlzlP','Abbots   Crossroad, 1408','zqAzPYc25yX5Vso',2);
INSERT INTO stock(stk_id,stk_address,stk_item,stk_type) VALUES ('fZm44OUs','South Vale, 764','Zf57DyBQxHDZAVr',0);
INSERT INTO stock(stk_id,stk_address,stk_item,stk_type) VALUES ('27wLn7fG','Woodland Lane, 2831','hlVSVFKCW90TGUb',7);
INSERT INTO stock(stk_id,stk_address,stk_item,stk_type) VALUES ('LbAliMOc','Commercial  Rue, 2948','kc9zHK1dobzsT0T',3);
INSERT INTO stock(stk_id,stk_address,stk_item,stk_type) VALUES ('BBnp0LGU','Victoria  Crossroad, 952','XUX3hoGjjWJsJP1',7);
INSERT INTO stock(stk_id,stk_address,stk_item,stk_type) VALUES ('ZWtqvP2N','Ayres   Alley, 174','IZWpKS1eIRiRDNQ',6);
INSERT INTO stock(stk_id,stk_address,stk_item,stk_type) VALUES ('81Tea9Yq','Becher  Lane, 529','hIcKdam8KNq9aRu',6);
INSERT INTO stock(stk_id,stk_address,stk_item,stk_type) VALUES ('f0Epdeg3','Gate   Alley, 1902','kIBpsNIUVpHF0aO',0);
INSERT INTO stock(stk_id,stk_address,stk_item,stk_type) VALUES ('gR12NpQ2','Amwell    Lane, 872','pCmjyWyCzIh8vS6',3);
INSERT INTO stock(stk_id,stk_address,stk_item,stk_type) VALUES ('DXuNPOY9','Canning  Avenue, 802','Z51Izz7dStGTtCY',3);
INSERT INTO stock(stk_id,stk_address,stk_item,stk_type) VALUES ('69TGkQQN','Victoria Rise Alley, 2028','Banm7UHYG8ArJyy',5);
INSERT INTO stock(stk_id,stk_address,stk_item,stk_type) VALUES ('p6EBL00b','Chatsworth  Boulevard, 1204','oJoootJ6CoHJ8mo',2);
INSERT INTO stock(stk_id,stk_address,stk_item,stk_type) VALUES ('a6RKSvml','Badric  Grove, 294','eKkLlo6cPcTV891',7);
INSERT INTO stock(stk_id,stk_address,stk_item,stk_type) VALUES ('9ixGYgjZ','Vine  Pass, 492','F3gDXOppvcdfeBK',3);
INSERT INTO stock(stk_id,stk_address,stk_item,stk_type) VALUES ('yGlTKa8m','Heritage Avenue, 1022','p7lKq2g1isZ6HST',0);
INSERT INTO stock(stk_id,stk_address,stk_item,stk_type) VALUES ('UgDSEOIu','Underwood  Lane, 1328','7p44A34AsKRwm8K',5);
INSERT INTO stock(stk_id,stk_address,stk_item,stk_type) VALUES ('pZKdA0To','Enderby   Drive, 627','Pay11wciMnyZCMR',5);
INSERT INTO stock(stk_id,stk_address,stk_item,stk_type) VALUES ('6CtaU4md','Camdale  Vale, 1319','ZHVQxAspj3TZ9KZ',8);
INSERT INTO stock(stk_id,stk_address,stk_item,stk_type) VALUES ('80AIRsPX','Canning  Route, 1739','0VyVgtWCb0WBYTh',6);
INSERT INTO stock(stk_id,stk_address,stk_item,stk_type) VALUES ('rnmuP46n','Collins  Boulevard, 2962','Iq28oab1UviwqmI',8);
INSERT INTO stock(stk_id,stk_address,stk_item,stk_type) VALUES ('HlzlytAh','Fawn Drive, 1919','T6ZKtLuNWi2sk6c',1);
INSERT INTO stock(stk_id,stk_address,stk_item,stk_type) VALUES ('6J06HH6y','Blanchard  Walk, 2195','KZqUNpxI55kyl5Z',6);
INSERT INTO stock(stk_id,stk_address,stk_item,stk_type) VALUES ('ZP3OoWgD','Durnford  Lane, 231','fLAkJ6ckypNoDxy',4);
INSERT INTO stock(stk_id,stk_address,stk_item,stk_type) VALUES ('RWVPAsVg','Blomfield  Vale, 1693','Dx2m7TmR64Ub2IV',5);
INSERT INTO stock(stk_id,stk_address,stk_item,stk_type) VALUES ('GLk0b0zP','Glenwood Road, 2008','CxzeABYZw6DQUaf',7);
INSERT INTO stock(stk_id,stk_address,stk_item,stk_type) VALUES ('m64cGpHP','Buttonwood Drive, 939','GN7n44pkeGaTadt',5);
INSERT INTO stock(stk_id,stk_address,stk_item,stk_type) VALUES ('nC5QZ68N','Zealand Walk, 1767','hWpkJCtSLyTIVp0',0);
INSERT INTO stock(stk_id,stk_address,stk_item,stk_type) VALUES ('uLme9XGd','Meadow Route, 2185','2JOuUIVHNygRRrL',4);
INSERT INTO stock(stk_id,stk_address,stk_item,stk_type) VALUES ('tU3jki5O','Heritage Rue, 954','kJPLXtT0I7E8AAi',5);
INSERT INTO stock(stk_id,stk_address,stk_item,stk_type) VALUES ('LO4Vxy0X','Coal Wharf  Boulevard, 2528','HTNAtpzu77nJh80',0);
INSERT INTO stock(stk_id,stk_address,stk_item,stk_type) VALUES ('jpW2iC6u','Rosewood Alley, 1049','fwT2CD4Lg47VSLP',5);
INSERT INTO stock(stk_id,stk_address,stk_item,stk_type) VALUES ('oiEXW6uQ','Linda   Walk, 1378','QEXd9mVU8nFkGnw',2);
INSERT INTO stock(stk_id,stk_address,stk_item,stk_type) VALUES ('ImUDrTcR','Coley  Lane, 2241','7iBCKQlnGJa7s70',2);
INSERT INTO stock(stk_id,stk_address,stk_item,stk_type) VALUES ('6j87tkmm','Liverpool  Route, 2205','t7mFSD2Xv7l4UeA',6);
INSERT INTO stock(stk_id,stk_address,stk_item,stk_type) VALUES ('KsolF0Cf','Timothy  Street, 2903','9W6YYwh1peDI30j',0);
INSERT INTO stock(stk_id,stk_address,stk_item,stk_type) VALUES ('TVoodt4c','Fairholt   Drive, 2389','n35HXFF2AziNIxm',3);
INSERT INTO stock(stk_id,stk_address,stk_item,stk_type) VALUES ('LGjuufvt','Yorkshire  Road, 1720','eQbeeY938uWpCy8',5);
INSERT INTO stock(stk_id,stk_address,stk_item,stk_type) VALUES ('PuIg10Yt','Gate   Boulevard, 811','CHHL7UglmiUDyI3',5);
INSERT INTO stock(stk_id,stk_address,stk_item,stk_type) VALUES ('kyah6w6g','Elia   Road, 1647','rn1sIKJ7w1iZVfM',3);
INSERT INTO stock(stk_id,stk_address,stk_item,stk_type) VALUES ('A5rTX8My','Ben   Lane, 2388','SQKlN5xz7v0L2pL',0);
INSERT INTO stock(stk_id,stk_address,stk_item,stk_type) VALUES ('wBYFBta6','Carnegie   Tunnel, 2177','JtaCxOX0qmQVehq',2);
INSERT INTO stock(stk_id,stk_address,stk_item,stk_type) VALUES ('kJtyoL1a','Carol   Avenue, 2483','vizNA6MnFgsD7fy',4);
INSERT INTO stock(stk_id,stk_address,stk_item,stk_type) VALUES ('efq3iUez','Angrave    Crossroad, 1453','E71APQZmR1YQYS3',5);
INSERT INTO stock(stk_id,stk_address,stk_item,stk_type) VALUES ('s2GvTzqX','Beaconsfield  Alley, 1894','QaE9aIdIpOgcwi2',4);
INSERT INTO stock(stk_id,stk_address,stk_item,stk_type) VALUES ('nFPRlouv','Boleyn  Rue, 366','JPReEJoILN18H5J',1);
INSERT INTO stock(stk_id,stk_address,stk_item,stk_type) VALUES ('WMZTNaSD','Zealand Rue, 2457','AlqSCtDT3YtbTHa',6);
INSERT INTO stock(stk_id,stk_address,stk_item,stk_type) VALUES ('TvHHWcbX','Castle Hill, 1192','2t7NLYUoge4zOEl',2);
INSERT INTO stock(stk_id,stk_address,stk_item,stk_type) VALUES ('ymuFLws8','Cleaver Street, 1721','biKSseWKk6LiD9d',8);
INSERT INTO stock(stk_id,stk_address,stk_item,stk_type) VALUES ('MY62DuLm','Ashley Crossroad, 1446','LFA86Az2FWMMV23',0);
INSERT INTO stock(stk_id,stk_address,stk_item,stk_type) VALUES ('UnErGr3g','Walnut Boulevard, 976','fqWhh3BKEj7PhNG',3);
INSERT INTO stock(stk_id,stk_address,stk_item,stk_type) VALUES ('hAMl9Jt1','Abbey   Rue, 480','WdMeZlrUMtyoSTs',7);
INSERT INTO stock(stk_id,stk_address,stk_item,stk_type) VALUES ('cXXhdAUW','Bagford   Route, 2230','TV7fi0voq2Fhoz3',8);
INSERT INTO stock(stk_id,stk_address,stk_item,stk_type) VALUES ('osW4RRUR','Bayberry Way, 558','oWJ08D1Y8OOQxgp',0);
INSERT INTO stock(stk_id,stk_address,stk_item,stk_type) VALUES ('6WztrkGp','Durham Vale, 1405','cBBqA6rGShCHewa',8);
INSERT INTO stock(stk_id,stk_address,stk_item,stk_type) VALUES ('paciXmQX','Ellerman   Rue, 2612','cEQeNylZX7iNTGa',3);
INSERT INTO stock(stk_id,stk_address,stk_item,stk_type) VALUES ('d4PV7Rpa','Canon Vale, 1834','EzvnvWFOCCDyS2X',0);
INSERT INTO stock(stk_id,stk_address,stk_item,stk_type) VALUES ('7GNJc7Qw','Wager   Rue, 1018','4KYzPCNgjmTw1O1',3);
INSERT INTO stock(stk_id,stk_address,stk_item,stk_type) VALUES ('TaF6cjOr','Emily  Road, 133','IHj8KGCKDnNxwFV',7);
INSERT INTO stock(stk_id,stk_address,stk_item,stk_type) VALUES ('aoUW5kj6','Bel   Route, 2180','1U6qfOCEZAoJqyD',7);
INSERT INTO stock(stk_id,stk_address,stk_item,stk_type) VALUES ('uGnT1Gwy','Ellerslie Drive, 1994','FhhnmwYLzH6riuA',8);
INSERT INTO stock(stk_id,stk_address,stk_item,stk_type) VALUES ('wwfnh1xz','Edwin   Pass, 304','1uhInfk6g2XBWSn',2);
INSERT INTO stock(stk_id,stk_address,stk_item,stk_type) VALUES ('qxYFj0KA','Adams  Hill, 1124','GNurx4sgaR8TM7x',4);
INSERT INTO stock(stk_id,stk_address,stk_item,stk_type) VALUES ('DZuIV4nH','Cedarne  Grove, 1916','fBkhGEJdtwKjGov',1);
INSERT INTO stock(stk_id,stk_address,stk_item,stk_type) VALUES ('6rdMHwWH','Caroline  Tunnel, 1325','AMjmpXRNf0u1PCe',0);
INSERT INTO stock(stk_id,stk_address,stk_item,stk_type) VALUES ('r2znejqr','Arbutus   Hill, 751','ftpd6zoJQJJfMzb',2);
INSERT INTO stock(stk_id,stk_address,stk_item,stk_type) VALUES ('WLzOKnro','Bazely   Pass, 1932','5af2NHJwe0XxCk2',1);
INSERT INTO stock(stk_id,stk_address,stk_item,stk_type) VALUES ('4hXnyDTT','Cavendish Hill, 1027','D2BAOLMssuQ6YDC',8);
INSERT INTO stock(stk_id,stk_address,stk_item,stk_type) VALUES ('Z9YxnRZw','Chicksand  Crossroad, 476','y2HLWmxF3c0Ilz2',1);
INSERT INTO stock(stk_id,stk_address,stk_item,stk_type) VALUES ('cnl9jvG3','Cato   Alley, 2398','qwcO3YDXzli4Tk7',1);
INSERT INTO stock(stk_id,stk_address,stk_item,stk_type) VALUES ('ej1x7vH6','Carpenter Avenue, 2571','iCwN1PzHTbO7uib',0);
INSERT INTO stock(stk_id,stk_address,stk_item,stk_type) VALUES ('i3tRYmml','Emily  Grove, 1031','z4ofFXhfVCYrodd',5);
INSERT INTO stock(stk_id,stk_address,stk_item,stk_type) VALUES ('rPmHPfri','Endsleigh  Route, 764','b5aK3Y59Mo5JjMC',0);
INSERT INTO stock(stk_id,stk_address,stk_item,stk_type) VALUES ('AKMEy584','Coleman  Rue, 1118','EUMGdqIFj41eStd',2);
INSERT INTO stock(stk_id,stk_address,stk_item,stk_type) VALUES ('9wGC4MYr','East Crossroad, 1068','ag7fyMD0p9icdbH',4);
INSERT INTO stock(stk_id,stk_address,stk_item,stk_type) VALUES ('LIp4VUo8','Arctic   Tunnel, 1996','b25fsnVsjlZDRP2',7);
INSERT INTO stock(stk_id,stk_address,stk_item,stk_type) VALUES ('RbUnlxtM','Collingwood  Pass, 2791','9F29Xihl8td0zHs',4);
INSERT INTO stock(stk_id,stk_address,stk_item,stk_type) VALUES ('1wFYpcgW','Arundel   Walk, 1918','CnJt79rWmqmCftn',8);
INSERT INTO stock(stk_id,stk_address,stk_item,stk_type) VALUES ('Exkff3P1','Ayres   Grove, 1044','Qgjfcj5e7yAg0Hv',0);
INSERT INTO stock(stk_id,stk_address,stk_item,stk_type) VALUES ('1PukoBib','Viscount   Drive, 961','HJYRSepbzDLJcjP',6);
INSERT INTO stock(stk_id,stk_address,stk_item,stk_type) VALUES ('FDRuXuxY','Caldwell   Rue, 2647','qO8H7fRyVjgrBKq',8);
INSERT INTO stock(stk_id,stk_address,stk_item,stk_type) VALUES ('CpFRAZVc','Walnut Tunnel, 668','4XWAqnm9M05OoLv',8);
INSERT INTO stock(stk_id,stk_address,stk_item,stk_type) VALUES ('GiVPjrxv','Spruce Avenue, 1227','2R2ftqTWa9i0EZL',4);
INSERT INTO stock(stk_id,stk_address,stk_item,stk_type) VALUES ('FHbbGOfP','Fairholt   Road, 167','mNjlRKOtsTVLhUz',3);
INSERT INTO stock(stk_id,stk_address,stk_item,stk_type) VALUES ('4hsQzXNs','Bedford  Tunnel, 315','RnvnlqoqI1YRqzq',4);
INSERT INTO stock(stk_id,stk_address,stk_item,stk_type) VALUES ('Ku54GQ3k','Marina  Street, 2361','LPA07AF7G6qtf2o',6);
INSERT INTO stock(stk_id,stk_address,stk_item,stk_type) VALUES ('dgQBaJ4C','Elia   Pass, 1164','8BtL6Z4cbHAaQk2',5);
INSERT INTO stock(stk_id,stk_address,stk_item,stk_type) VALUES ('geAaBcka','Cavell   Grove, 588','VCU72PoH5WvtUlZ',1);
INSERT INTO stock(stk_id,stk_address,stk_item,stk_type) VALUES ('icFAahjY','Collingwood  Drive, 947','VfaTHfPiaHKILmd',8);
INSERT INTO stock(stk_id,stk_address,stk_item,stk_type) VALUES ('NvupylPB','Becher  Drive, 1315','txc6Z46SmfCoNFD',8);
INSERT INTO stock(stk_id,stk_address,stk_item,stk_type) VALUES ('FYU3Y7lW','Cockspur  Walk, 950','duPZVIFfu8LuOOT',7);

--in_stock

INSERT INTO in_stock(stk_id,product_id) VALUES ('0YqL9f4e','00Sez');
INSERT INTO in_stock(stk_id,product_id) VALUES ('13UPJLNr','0App1');
INSERT INTO in_stock(stk_id,product_id) VALUES ('14OLTrw2','0bg6t');
INSERT INTO in_stock(stk_id,product_id) VALUES ('16zgPTCa','0F3Kq');
INSERT INTO in_stock(stk_id,product_id) VALUES ('19knhbVJ','0Jl4l');
INSERT INTO in_stock(stk_id,product_id) VALUES ('1PukoBib','0tBCl');
INSERT INTO in_stock(stk_id,product_id) VALUES ('1wFYpcgW','0ulkb');
INSERT INTO in_stock(stk_id,product_id) VALUES ('1x6ovCGi','0Y2VS');
INSERT INTO in_stock(stk_id,product_id) VALUES ('1y8kcQ0Q','0yrCX');
INSERT INTO in_stock(stk_id,product_id) VALUES ('27wLn7fG','1aRmD');
INSERT INTO in_stock(stk_id,product_id) VALUES ('29XMoNWL','1bZcE');
INSERT INTO in_stock(stk_id,product_id) VALUES ('2tU1Gj5I','1D2Qm');
INSERT INTO in_stock(stk_id,product_id) VALUES ('3TLHfk69','1J7yW');
INSERT INTO in_stock(stk_id,product_id) VALUES ('3wtKBXRI','1mJlh');
INSERT INTO in_stock(stk_id,product_id) VALUES ('41rncvfU','1ud5V');
INSERT INTO in_stock(stk_id,product_id) VALUES ('4hsQzXNs','2fZfz');
INSERT INTO in_stock(stk_id,product_id) VALUES ('4hXnyDTT','32pzm');
INSERT INTO in_stock(stk_id,product_id) VALUES ('4j6qLypT','39IAO');
INSERT INTO in_stock(stk_id,product_id) VALUES ('4jXlHbDw','3Ikj9');
INSERT INTO in_stock(stk_id,product_id) VALUES ('4SbJIu3U','3P6UR');
INSERT INTO in_stock(stk_id,product_id) VALUES ('559N9Abk','4Or5G');
INSERT INTO in_stock(stk_id,product_id) VALUES ('5a7otfCX','4rvOU');
INSERT INTO in_stock(stk_id,product_id) VALUES ('5FuG53ZC','5pQkb');
INSERT INTO in_stock(stk_id,product_id) VALUES ('5x5qralQ','5rHoj');
INSERT INTO in_stock(stk_id,product_id) VALUES ('69TGkQQN','5ufx6');
INSERT INTO in_stock(stk_id,product_id) VALUES ('6c7jLlCm','5XkBD');
INSERT INTO in_stock(stk_id,product_id) VALUES ('6CtaU4md','646py');
INSERT INTO in_stock(stk_id,product_id) VALUES ('6J06HH6y','68XLu');
INSERT INTO in_stock(stk_id,product_id) VALUES ('6j87tkmm','6gB4p');
INSERT INTO in_stock(stk_id,product_id) VALUES ('6rdMHwWH','6iV8H');
INSERT INTO in_stock(stk_id,product_id) VALUES ('6whldq0k','6os16');
INSERT INTO in_stock(stk_id,product_id) VALUES ('6WztrkGp','6qH8X');
INSERT INTO in_stock(stk_id,product_id) VALUES ('7GNJc7Qw','6rA7X');
INSERT INTO in_stock(stk_id,product_id) VALUES ('7MUW9Jyo','6uJr5');
INSERT INTO in_stock(stk_id,product_id) VALUES ('7qohBm6J','7FzCI');
INSERT INTO in_stock(stk_id,product_id) VALUES ('7sqxVevf','7O3RO');
INSERT INTO in_stock(stk_id,product_id) VALUES ('80AIRsPX','7qoEF');
INSERT INTO in_stock(stk_id,product_id) VALUES ('81Tea9Yq','7vrqZ');
INSERT INTO in_stock(stk_id,product_id) VALUES ('8dQwraNc','8Es5i');
INSERT INTO in_stock(stk_id,product_id) VALUES ('8VEfubXi','8g4e6');
INSERT INTO in_stock(stk_id,product_id) VALUES ('9ixGYgjZ','8hWky');
INSERT INTO in_stock(stk_id,product_id) VALUES ('9JDuBFQQ','8QsBY');
INSERT INTO in_stock(stk_id,product_id) VALUES ('9o0CjGlf','8RiBi');
INSERT INTO in_stock(stk_id,product_id) VALUES ('9roLuW7Y','8WDS2');
INSERT INTO in_stock(stk_id,product_id) VALUES ('9wGC4MYr','8yj8i');
INSERT INTO in_stock(stk_id,product_id) VALUES ('a1zqLO2i','9anuC');
INSERT INTO in_stock(stk_id,product_id) VALUES ('A5rTX8My','9gYU6');
INSERT INTO in_stock(stk_id,product_id) VALUES ('a6RKSvml','9tDw2');
INSERT INTO in_stock(stk_id,product_id) VALUES ('aBPhwSeD','ahqdR');
INSERT INTO in_stock(stk_id,product_id) VALUES ('ACt485Wx','amzzJ');
INSERT INTO in_stock(stk_id,product_id) VALUES ('AHa3SjBh','AtcIr');
INSERT INTO in_stock(stk_id,product_id) VALUES ('AKMEy584','atUDN');
INSERT INTO in_stock(stk_id,product_id) VALUES ('aoUW5kj6','B2UYX');
INSERT INTO in_stock(stk_id,product_id) VALUES ('aV7nxRYe','BduwR');
INSERT INTO in_stock(stk_id,product_id) VALUES ('b1lsgyEF','bfS7g');
INSERT INTO in_stock(stk_id,product_id) VALUES ('BB3vVNR9','bikHz');
INSERT INTO in_stock(stk_id,product_id) VALUES ('BBITZYEb','bsDZM');
INSERT INTO in_stock(stk_id,product_id) VALUES ('BBnp0LGU','BtPbz');
INSERT INTO in_stock(stk_id,product_id) VALUES ('bcEi2ZRp','Bukpo');
INSERT INTO in_stock(stk_id,product_id) VALUES ('bjK3lTWc','BV3tk');
INSERT INTO in_stock(stk_id,product_id) VALUES ('bmjpwhnI','bWiCS');
INSERT INTO in_stock(stk_id,product_id) VALUES ('bNk0CyKx','c9idy');
INSERT INTO in_stock(stk_id,product_id) VALUES ('BwpgqHYS','cAlO6');
INSERT INTO in_stock(stk_id,product_id) VALUES ('c5sGqUyu','Cjllp');
INSERT INTO in_stock(stk_id,product_id) VALUES ('cJ02VKUx','CLBVt');
INSERT INTO in_stock(stk_id,product_id) VALUES ('cMIhHoYA','cqCKk');
INSERT INTO in_stock(stk_id,product_id) VALUES ('cnl9jvG3','cSn2O');
INSERT INTO in_stock(stk_id,product_id) VALUES ('CpFRAZVc','CzGh1');
INSERT INTO in_stock(stk_id,product_id) VALUES ('cXXhdAUW','daZ11');
INSERT INTO in_stock(stk_id,product_id) VALUES ('d1gqqPWa','deGT9');
INSERT INTO in_stock(stk_id,product_id) VALUES ('D2Y9cuOM','DHnoO');
INSERT INTO in_stock(stk_id,product_id) VALUES ('d4PV7Rpa','DqtXm');
INSERT INTO in_stock(stk_id,product_id) VALUES ('d7y3b4VP','Du6Kw');
INSERT INTO in_stock(stk_id,product_id) VALUES ('Ddx6zr8e','dwVuN');
INSERT INTO in_stock(stk_id,product_id) VALUES ('dgQBaJ4C','E8v9k');
INSERT INTO in_stock(stk_id,product_id) VALUES ('dIPdXEnn','ebLv8');
INSERT INTO in_stock(stk_id,product_id) VALUES ('drREvhiD','eE6lb');
INSERT INTO in_stock(stk_id,product_id) VALUES ('dufjUDBg','EeHPo');
INSERT INTO in_stock(stk_id,product_id) VALUES ('DXuNPOY9','Eg80K');
INSERT INTO in_stock(stk_id,product_id) VALUES ('DZuIV4nH','EGvUK');
INSERT INTO in_stock(stk_id,product_id) VALUES ('EBtdJCCL','EhZOf');
INSERT INTO in_stock(stk_id,product_id) VALUES ('efq3iUez','ejzWi');
INSERT INTO in_stock(stk_id,product_id) VALUES ('ej1x7vH6','EL4dn');
INSERT INTO in_stock(stk_id,product_id) VALUES ('ElflQbuQ','EnMub');
INSERT INTO in_stock(stk_id,product_id) VALUES ('EMWKzJgd','Esaa0');
INSERT INTO in_stock(stk_id,product_id) VALUES ('eTumDIz6','eScrY');
INSERT INTO in_stock(stk_id,product_id) VALUES ('Exkff3P1','ESO4Y');
INSERT INTO in_stock(stk_id,product_id) VALUES ('eyUCIMMF','eVr1i');
INSERT INTO in_stock(stk_id,product_id) VALUES ('f0Epdeg3','EzCDW');
INSERT INTO in_stock(stk_id,product_id) VALUES ('FDRuXuxY','FEhG1');
INSERT INTO in_stock(stk_id,product_id) VALUES ('FHbbGOfP','Fhu5C');
INSERT INTO in_stock(stk_id,product_id) VALUES ('fneAgOEG','fQREI');
INSERT INTO in_stock(stk_id,product_id) VALUES ('FNyf8VPV','FR4hQ');
INSERT INTO in_stock(stk_id,product_id) VALUES ('Fq0A9SXS','fwKUO');
INSERT INTO in_stock(stk_id,product_id) VALUES ('FqcsmvfO','G6RTb');
INSERT INTO in_stock(stk_id,product_id) VALUES ('fRRGAYfm','gcSC1');
INSERT INTO in_stock(stk_id,product_id) VALUES ('FWYtrdjA','GHAAi');
INSERT INTO in_stock(stk_id,product_id) VALUES ('FYU3Y7lW','GOZQz');
INSERT INTO in_stock(stk_id,product_id) VALUES ('fZm44OUs','gQLu3');
INSERT INTO in_stock(stk_id,product_id) VALUES ('g1ILRiL7','gVyh4');
INSERT INTO in_stock(stk_id,product_id) VALUES ('gbZ6GoSs','gwVFG');
INSERT INTO in_stock(stk_id,product_id) VALUES ('GC0cbvt7','gXDBk');
INSERT INTO in_stock(stk_id,product_id) VALUES ('geAaBcka','h5Ny6');
INSERT INTO in_stock(stk_id,product_id) VALUES ('GiVPjrxv','hcTIo');
INSERT INTO in_stock(stk_id,product_id) VALUES ('glIt39tz','Hfn6b');
INSERT INTO in_stock(stk_id,product_id) VALUES ('GLk0b0zP','HGpLK');
INSERT INTO in_stock(stk_id,product_id) VALUES ('gq2JdP75','hHfeP');
INSERT INTO in_stock(stk_id,product_id) VALUES ('gR12NpQ2','hMd1T');
INSERT INTO in_stock(stk_id,product_id) VALUES ('gRWTr47g','hmZUk');
INSERT INTO in_stock(stk_id,product_id) VALUES ('GwxzZ5K8','hoTWA');
INSERT INTO in_stock(stk_id,product_id) VALUES ('gxd7hZzq','Hu0hI');
INSERT INTO in_stock(stk_id,product_id) VALUES ('gXJPqlQW','HViwy');
INSERT INTO in_stock(stk_id,product_id) VALUES ('hAMl9Jt1','HYG7n');
INSERT INTO in_stock(stk_id,product_id) VALUES ('hHGGWdMB','IFyJn');
INSERT INTO in_stock(stk_id,product_id) VALUES ('HlzlytAh','IhdVo');
INSERT INTO in_stock(stk_id,product_id) VALUES ('hni1ZZrM','IlhbD');
INSERT INTO in_stock(stk_id,product_id) VALUES ('i22rGCCh','IoQET');
INSERT INTO in_stock(stk_id,product_id) VALUES ('i3tRYmml','IqG9T');
INSERT INTO in_stock(stk_id,product_id) VALUES ('icFAahjY','iqjEb');
INSERT INTO in_stock(stk_id,product_id) VALUES ('ImUDrTcR','irFLk');
INSERT INTO in_stock(stk_id,product_id) VALUES ('ipN5pnSR','Iwzxr');
INSERT INTO in_stock(stk_id,product_id) VALUES ('IxCcvMl1','iyIjn');
INSERT INTO in_stock(stk_id,product_id) VALUES ('j05Hlnmu','iZLID');
INSERT INTO in_stock(stk_id,product_id) VALUES ('j5Iw0Cz8','j4GQ6');
INSERT INTO in_stock(stk_id,product_id) VALUES ('JbPanR2j','jcDsK');
INSERT INTO in_stock(stk_id,product_id) VALUES ('jCE5UB7m','JD2vK');
INSERT INTO in_stock(stk_id,product_id) VALUES ('jpW2iC6u','jEK5h');
INSERT INTO in_stock(stk_id,product_id) VALUES ('k92IZElo','JfbyD');
INSERT INTO in_stock(stk_id,product_id) VALUES ('KJqizBk3','jNFbh');
INSERT INTO in_stock(stk_id,product_id) VALUES ('kJtyoL1a','JrERP');
INSERT INTO in_stock(stk_id,product_id) VALUES ('KkDa1P1X','jScm9');
INSERT INTO in_stock(stk_id,product_id) VALUES ('KsolF0Cf','JsMYm');
INSERT INTO in_stock(stk_id,product_id) VALUES ('Ku54GQ3k','K1Tm6');
INSERT INTO in_stock(stk_id,product_id) VALUES ('KUV90nOH','K86Er');
INSERT INTO in_stock(stk_id,product_id) VALUES ('kvGXQr1J','KAFG0');
INSERT INTO in_stock(stk_id,product_id) VALUES ('kyah6w6g','klimt');
INSERT INTO in_stock(stk_id,product_id) VALUES ('LbAliMOc','KuyXp');
INSERT INTO in_stock(stk_id,product_id) VALUES ('LGjuufvt','kvoWC');
INSERT INTO in_stock(stk_id,product_id) VALUES ('LIp4VUo8','L1WIM');
INSERT INTO in_stock(stk_id,product_id) VALUES ('lJ5CAR8t','lIPxf');
INSERT INTO in_stock(stk_id,product_id) VALUES ('LO4Vxy0X','lpf0i');
INSERT INTO in_stock(stk_id,product_id) VALUES ('LYPWDiYW','m19Ls');
INSERT INTO in_stock(stk_id,product_id) VALUES ('m64cGpHP','m1P7O');
INSERT INTO in_stock(stk_id,product_id) VALUES ('mapP5zZj','maX6Z');
INSERT INTO in_stock(stk_id,product_id) VALUES ('Mf8HUdpe','mDYmz');
INSERT INTO in_stock(stk_id,product_id) VALUES ('mpMDR4yM','MGg7T');
INSERT INTO in_stock(stk_id,product_id) VALUES ('mpmEaun2','MI2xC');
INSERT INTO in_stock(stk_id,product_id) VALUES ('MY62DuLm','mmblg');
INSERT INTO in_stock(stk_id,product_id) VALUES ('nC5QZ68N','MNJJu');
INSERT INTO in_stock(stk_id,product_id) VALUES ('nFPRlouv','mpNO5');
INSERT INTO in_stock(stk_id,product_id) VALUES ('Nm3Ehud4','mSuJT');
INSERT INTO in_stock(stk_id,product_id) VALUES ('NNma7Aff','Mx2WK');
INSERT INTO in_stock(stk_id,product_id) VALUES ('NvupylPB','N4Zaa');
INSERT INTO in_stock(stk_id,product_id) VALUES ('nXm2hCG3','ncWY0');
INSERT INTO in_stock(stk_id,product_id) VALUES ('o4J6OqZW','nfJlV');
INSERT INTO in_stock(stk_id,product_id) VALUES ('o5mESvOS','nItOT');
INSERT INTO in_stock(stk_id,product_id) VALUES ('oanQDKOY','NlVvr');
INSERT INTO in_stock(stk_id,product_id) VALUES ('ObBPgeCj','NsHjm');
INSERT INTO in_stock(stk_id,product_id) VALUES ('oiEXW6uQ','nW0UC');
INSERT INTO in_stock(stk_id,product_id) VALUES ('oL6YiCLM','NwvtD');
INSERT INTO in_stock(stk_id,product_id) VALUES ('osW4RRUR','nzxvn');
INSERT INTO in_stock(stk_id,product_id) VALUES ('p6EBL00b','o4XRG');
INSERT INTO in_stock(stk_id,product_id) VALUES ('paciXmQX','oCNpy');
INSERT INTO in_stock(stk_id,product_id) VALUES ('pipJxKCC','OHfX1');
INSERT INTO in_stock(stk_id,product_id) VALUES ('PpY1x4Ya','OHZyw');
INSERT INTO in_stock(stk_id,product_id) VALUES ('PuIg10Yt','oQCPL');
INSERT INTO in_stock(stk_id,product_id) VALUES ('puygGerT','OtHjx');
INSERT INTO in_stock(stk_id,product_id) VALUES ('pZEHszBm','oxMFZ');
INSERT INTO in_stock(stk_id,product_id) VALUES ('pZKdA0To','OZonz');
INSERT INTO in_stock(stk_id,product_id) VALUES ('q777rxQ0','P0yTe');
INSERT INTO in_stock(stk_id,product_id) VALUES ('qbrK9tfS','P3xaA');
INSERT INTO in_stock(stk_id,product_id) VALUES ('qCmwrDld','P7CBR');
INSERT INTO in_stock(stk_id,product_id) VALUES ('QjFLiyU3','PoSxK');
INSERT INTO in_stock(stk_id,product_id) VALUES ('qWsMDKXz','Q1Bhp');
INSERT INTO in_stock(stk_id,product_id) VALUES ('qxYFj0KA','qESIh');
INSERT INTO in_stock(stk_id,product_id) VALUES ('qy6lQllM','QhxZ5');
INSERT INTO in_stock(stk_id,product_id) VALUES ('r2znejqr','qmWgn');
INSERT INTO in_stock(stk_id,product_id) VALUES ('r4hhZLpD','QoxQf');
INSERT INTO in_stock(stk_id,product_id) VALUES ('r5RR9GHb','qZ8pj');
INSERT INTO in_stock(stk_id,product_id) VALUES ('RbUnlxtM','R56bk');
INSERT INTO in_stock(stk_id,product_id) VALUES ('RjXsOQwh','R5aPR');
INSERT INTO in_stock(stk_id,product_id) VALUES ('rnmuP46n','r8xyT');
INSERT INTO in_stock(stk_id,product_id) VALUES ('rPmHPfri','rbUeL');
INSERT INTO in_stock(stk_id,product_id) VALUES ('rPtzGWjF','rfHR6');
INSERT INTO in_stock(stk_id,product_id) VALUES ('RWheHF9s','rgjFX');
INSERT INTO in_stock(stk_id,product_id) VALUES ('RWVPAsVg','rGxlh');
INSERT INTO in_stock(stk_id,product_id) VALUES ('s2GvTzqX','ROsa0');
INSERT INTO in_stock(stk_id,product_id) VALUES ('SISIznYS','RvLSw');
INSERT INTO in_stock(stk_id,product_id) VALUES ('sNPhzjto','rzzZJ');
INSERT INTO in_stock(stk_id,product_id) VALUES ('SVJtRAUh','SAyRY');
INSERT INTO in_stock(stk_id,product_id) VALUES ('SwS4yEQ3','SD15F');
INSERT INTO in_stock(stk_id,product_id) VALUES ('t8kefegZ','SHbyU');
INSERT INTO in_stock(stk_id,product_id) VALUES ('TaF6cjOr','SLywy');
INSERT INTO in_stock(stk_id,product_id) VALUES ('tcLdiFJW','srZck');
INSERT INTO in_stock(stk_id,product_id) VALUES ('Tcwmv12q','SVnOi');
INSERT INTO in_stock(stk_id,product_id) VALUES ('tHWzhXXF','SZAe8');
INSERT INTO in_stock(stk_id,product_id) VALUES ('Ttmd4zra','SZPfl');
INSERT INTO in_stock(stk_id,product_id) VALUES ('tU3jki5O','T2H3J');
INSERT INTO in_stock(stk_id,product_id) VALUES ('TvHHWcbX','T2y60');
INSERT INTO in_stock(stk_id,product_id) VALUES ('TVoodt4c','Tbc5V');
INSERT INTO in_stock(stk_id,product_id) VALUES ('tywGISKK','Tczeq');
INSERT INTO in_stock(stk_id,product_id) VALUES ('U2H3RSJt','TIRss');
INSERT INTO in_stock(stk_id,product_id) VALUES ('UgDSEOIu','TkYuy');
INSERT INTO in_stock(stk_id,product_id) VALUES ('ugg4Zxnd','tq9JJ');
INSERT INTO in_stock(stk_id,product_id) VALUES ('uGnT1Gwy','tr9lK');
INSERT INTO in_stock(stk_id,product_id) VALUES ('uLme9XGd','U4xcm');
INSERT INTO in_stock(stk_id,product_id) VALUES ('UnErGr3g','Ub1xu');
INSERT INTO in_stock(stk_id,product_id) VALUES ('up9SZ0yR','Uf1OQ');
INSERT INTO in_stock(stk_id,product_id) VALUES ('UrhVlzlP','UFf1v');
INSERT INTO in_stock(stk_id,product_id) VALUES ('uwtAEHuJ','UWtO9');
INSERT INTO in_stock(stk_id,product_id) VALUES ('UzsurFBp','UyFfO');
INSERT INTO in_stock(stk_id,product_id) VALUES ('V5R2YwCS','Vcy1n');
INSERT INTO in_stock(stk_id,product_id) VALUES ('vaWlKG2w','VNRfG');
INSERT INTO in_stock(stk_id,product_id) VALUES ('VQGHrceb','vU7Ve');
INSERT INTO in_stock(stk_id,product_id) VALUES ('VTNrJswY','vuyw2');
INSERT INTO in_stock(stk_id,product_id) VALUES ('VXYyp1vT','W2rjo');
INSERT INTO in_stock(stk_id,product_id) VALUES ('W1zt79jY','weZjQ');
INSERT INTO in_stock(stk_id,product_id) VALUES ('wBYFBta6','WHnGz');
INSERT INTO in_stock(stk_id,product_id) VALUES ('WDsymqiF','WiboC');
INSERT INTO in_stock(stk_id,product_id) VALUES ('wGtZszcC','wiD7L');
INSERT INTO in_stock(stk_id,product_id) VALUES ('WkuIGaAP','Wiow5');
INSERT INTO in_stock(stk_id,product_id) VALUES ('WLzOKnro','wkkOY');
INSERT INTO in_stock(stk_id,product_id) VALUES ('WMZTNaSD','wKSOn');
INSERT INTO in_stock(stk_id,product_id) VALUES ('wTmFyeZS','WmtF2');
INSERT INTO in_stock(stk_id,product_id) VALUES ('wwfnh1xz','wp4Wa');
INSERT INTO in_stock(stk_id,product_id) VALUES ('X4HwigUO','WzTb7');
INSERT INTO in_stock(stk_id,product_id) VALUES ('xKB9e4g5','X60bU');
INSERT INTO in_stock(stk_id,product_id) VALUES ('xMnBe8S7','X65lY');
INSERT INTO in_stock(stk_id,product_id) VALUES ('XNONXnCQ','xB2vu');
INSERT INTO in_stock(stk_id,product_id) VALUES ('y9kAVrpl','xDzz5');
INSERT INTO in_stock(stk_id,product_id) VALUES ('YC4EODTd','XhYgb');
INSERT INTO in_stock(stk_id,product_id) VALUES ('yF6koNaK','Xk5Mq');
INSERT INTO in_stock(stk_id,product_id) VALUES ('YFUWrnYm','XnpMn');
INSERT INTO in_stock(stk_id,product_id) VALUES ('yGlTKa8m','XOh1l');
INSERT INTO in_stock(stk_id,product_id) VALUES ('Yh6RrnNZ','xs5EW');
INSERT INTO in_stock(stk_id,product_id) VALUES ('YK31H8gX','xsHp4');
INSERT INTO in_stock(stk_id,product_id) VALUES ('yMgJOx3z','xSZq3');
INSERT INTO in_stock(stk_id,product_id) VALUES ('ymuFLws8','XtZD4');
INSERT INTO in_stock(stk_id,product_id) VALUES ('yOlpLw7K','XxdMy');
INSERT INTO in_stock(stk_id,product_id) VALUES ('yomKbB3O','Xzl8i');
INSERT INTO in_stock(stk_id,product_id) VALUES ('Z9YxnRZw','Y4hNO');
INSERT INTO in_stock(stk_id,product_id) VALUES ('ZnadE2cL','YiRvE');
INSERT INTO in_stock(stk_id,product_id) VALUES ('ZoGG3Krk','ykSEN');
INSERT INTO in_stock(stk_id,product_id) VALUES ('ZP3OoWgD','YmCaH');
INSERT INTO in_stock(stk_id,product_id) VALUES ('ZqMW2EvJ','yNqT0');
INSERT INTO in_stock(stk_id,product_id) VALUES ('ZSSOcEUk','YUA6D');
INSERT INTO in_stock(stk_id,product_id) VALUES ('ZTqkqLvg','z3fPO');
INSERT INTO in_stock(stk_id,product_id) VALUES ('zwetPQrR','ZbLpV');
INSERT INTO in_stock(stk_id,product_id) VALUES ('ZWtqvP2N','ZdpdT');
INSERT INTO in_stock(stk_id,product_id) VALUES ('ZZ3GgdWv','zJWUK');


